ISO-10303-21;
HEADER;
FILE_DESCRIPTION (( 'STEP AP214' ),
    '1' );
FILE_NAME ('2. Head Back.STEP',
    '2026-06-02T01:57:17',
    ( '' ),
    ( '' ),
    'SwSTEP 2.0',
    'SolidWorks 2026',
    '' );
FILE_SCHEMA (( 'AUTOMOTIVE_DESIGN' ));
ENDSEC;

DATA;
#1 = VERTEX_POINT ( 'NONE', #76 ) ;
#2 = CARTESIAN_POINT ( 'NONE',  ( -100.8208862673108257, 2.744996978003559462, 7.500000000000000000 ) ) ;
#3 = ORIENTED_EDGE ( 'NONE', *, *, #749, .F. ) ;
#4 = EDGE_CURVE ( 'NONE', #122, #10, #667, .T. ) ;
#5 = DIRECTION ( 'NONE',  ( 0.000000000000000000, 0.000000000000000000, 1.000000000000000000 ) ) ;
#6 = CARTESIAN_POINT ( 'NONE',  ( -47.50000000000000711, 14.49999999999999289, 20.39999999999994529 ) ) ;
#7 = EDGE_CURVE ( 'NONE', #1168, #1701, #1447, .T. ) ;
#8 = ORIENTED_EDGE ( 'NONE', *, *, #1933, .F. ) ;
#9 = FACE_OUTER_BOUND ( 'NONE', #763, .T. ) ;
#10 = VERTEX_POINT ( 'NONE', #88 ) ;
#11 = CARTESIAN_POINT ( 'NONE',  ( -70.59134411930288877, 24.99999999999998579, 10.00000000000000000 ) ) ;
#12 = ORIENTED_EDGE ( 'NONE', *, *, #1966, .F. ) ;
#13 = EDGE_CURVE ( 'NONE', #540, #182, #883, .T. ) ;
#14 = CARTESIAN_POINT ( 'NONE',  ( -83.85187990207585074, 21.81205062462024813, 0.000000000000000000 ) ) ;
#15 = ORIENTED_EDGE ( 'NONE', *, *, #1758, .T. ) ;
#16 = DIRECTION ( 'NONE',  ( -1.000000000000000000, 0.000000000000000000, 0.000000000000000000 ) ) ;
#17 = EDGE_LOOP ( 'NONE', ( #91, #193, #230, #585 ) ) ;
#18 = CIRCLE ( 'NONE', #1876, 10.00000000000000000 ) ;
#19 = DIRECTION ( 'NONE',  ( -0.000000000000000000, -0.000000000000000000, -1.000000000000000000 ) ) ;
#20 = ORIENTED_EDGE ( 'NONE', *, *, #1595, .F. ) ;
#21 = VECTOR ( 'NONE', #651, 1000.000000000000000 ) ;
#22 = AXIS2_PLACEMENT_3D ( 'NONE', #948, #966, #1556 ) ;
#23 = CARTESIAN_POINT ( 'NONE',  ( -80.00000000000000000, -14.99999999999998757, 23.39999999999994884 ) ) ;
#24 = LINE ( 'NONE', #775, #1750 ) ;
#25 = DIRECTION ( 'NONE',  ( 1.000000000000000000, 0.000000000000000000, 0.000000000000000000 ) ) ;
#26 = ORIENTED_EDGE ( 'NONE', *, *, #891, .F. ) ;
#27 = CARTESIAN_POINT ( 'NONE',  ( -62.97545269921549504, 27.60328211225517592, 10.00000000000000000 ) ) ;
#28 = EDGE_CURVE ( 'NONE', #1989, #540, #955, .T. ) ;
#29 = CARTESIAN_POINT ( 'NONE',  ( 100.8208862673108115, 2.744996978003542143, 0.000000000000000000 ) ) ;
#30 = ORIENTED_EDGE ( 'NONE', *, *, #92, .F. ) ;
#31 = EDGE_CURVE ( 'NONE', #472, #122, #374, .T. ) ;
#32 = DIRECTION ( 'NONE',  ( 0.000000000000000000, 0.000000000000000000, 1.000000000000000000 ) ) ;
#33 = EDGE_LOOP ( 'NONE', ( #1026, #972, #1040, #62, #1088 ) ) ;
#34 = FACE_OUTER_BOUND ( 'NONE', #621, .T. ) ;
#35 = CARTESIAN_POINT ( 'NONE',  ( 80.00000000000000000, 0.000000000000000000, 13.39999999999994884 ) ) ;
#36 = VERTEX_POINT ( 'NONE', #239 ) ;
#37 = DIRECTION ( 'NONE',  ( 1.000000000000000000, 0.000000000000000000, 0.000000000000000000 ) ) ;
#38 = EDGE_CURVE ( 'NONE', #1756, #1149, #232, .T. ) ;
#39 = CARTESIAN_POINT ( 'NONE',  ( -80.00000000000000000, 24.99999999999998579, 10.00000000000000000 ) ) ;
#40 = ORIENTED_EDGE ( 'NONE', *, *, #1022, .F. ) ;
#41 = CARTESIAN_POINT ( 'NONE',  ( 102.3106079443962528, 36.27300910787915456, 7.500000000000000000 ) ) ;
#42 = EDGE_LOOP ( 'NONE', ( #292, #1547, #728, #924 ) ) ;
#43 = DIRECTION ( 'NONE',  ( 1.000000000000000000, 0.000000000000000000, 0.000000000000000000 ) ) ;
#44 = DIRECTION ( 'NONE',  ( -1.000000000000000000, 0.000000000000000000, 0.000000000000000000 ) ) ;
#45 = ORIENTED_EDGE ( 'NONE', *, *, #420, .F. ) ;
#46 = EDGE_CURVE ( 'NONE', #1302, #1311, #824, .T. ) ;
#47 = DIRECTION ( 'NONE',  ( 1.000000000000000000, 0.000000000000000000, 0.000000000000000000 ) ) ;
#48 = LINE ( 'NONE', #852, #1129 ) ;
#49 = DIRECTION ( 'NONE',  ( -0.7703759804151694146, 0.6375898750759507738, 0.000000000000000000 ) ) ;
#50 = EDGE_LOOP ( 'NONE', ( #881, #378, #1748, #304, #806, #1774, #593, #1476 ) ) ;
#51 = VECTOR ( 'NONE', #742, 1000.000000000000114 ) ;
#52 = EDGE_CURVE ( 'NONE', #1584, #182, #48, .T. ) ;
#53 = CIRCLE ( 'NONE', #349, 24.99999999999998579 ) ;
#54 = CIRCLE ( 'NONE', #1260, 25.00000000000000711 ) ;
#55 = LINE ( 'NONE', #840, #469 ) ;
#56 = AXIS2_PLACEMENT_3D ( 'NONE', #1313, #1432, #969 ) ;
#57 = DIRECTION ( 'NONE',  ( -1.000000000000000000, 0.000000000000000000, 0.000000000000000000 ) ) ;
#58 = ORIENTED_EDGE ( 'NONE', *, *, #577, .F. ) ;
#59 = CYLINDRICAL_SURFACE ( 'NONE', #1579, 14.49999999999999822 ) ;
#60 = ORIENTED_EDGE ( 'NONE', *, *, #13, .F. ) ;
#61 = LINE ( 'NONE', #1167, #1809 ) ;
#62 = ORIENTED_EDGE ( 'NONE', *, *, #832, .T. ) ;
#63 = DIRECTION ( 'NONE',  ( -1.000000000000000000, 0.000000000000000000, 0.000000000000000000 ) ) ;
#64 = CARTESIAN_POINT ( 'NONE',  ( 80.00000000000000000, 0.000000000000000000, 13.39999999999994884 ) ) ;
#65 = VERTEX_POINT ( 'NONE', #1300 ) ;
#66 = DIRECTION ( 'NONE',  ( -0.000000000000000000, -0.000000000000000000, -1.000000000000000000 ) ) ;
#67 = EDGE_CURVE ( 'NONE', #627, #1844, #626, .T. ) ;
#68 = CARTESIAN_POINT ( 'NONE',  ( 52.50000000000000711, -24.99999999999999645, 13.39999999999994884 ) ) ;
#69 = VERTEX_POINT ( 'NONE', #1338 ) ;
#70 = PLANE ( 'NONE',  #1914 ) ;
#71 = ORIENTED_EDGE ( 'NONE', *, *, #1326, .F. ) ;
#72 = DIRECTION ( 'NONE',  ( 0.000000000000000000, 0.000000000000000000, 1.000000000000000000 ) ) ;
#73 = DIRECTION ( 'NONE',  ( 1.000000000000000000, 0.000000000000000000, 0.000000000000000000 ) ) ;
#74 = ORIENTED_EDGE ( 'NONE', *, *, #1595, .T. ) ;
#75 = CYLINDRICAL_SURFACE ( 'NONE', #1461, 2.549999999999999378 ) ;
#76 = CARTESIAN_POINT ( 'NONE',  ( -77.00000000000000000, 14.99999999999999289, 4.000000000000000000 ) ) ;
#77 = DIRECTION ( 'NONE',  ( -1.000000000000000000, 0.000000000000000000, 0.000000000000000000 ) ) ;
#78 = VERTEX_POINT ( 'NONE', #1962 ) ;
#79 = CIRCLE ( 'NONE', #2013, 45.27925774317498053 ) ;
#80 = AXIS2_PLACEMENT_3D ( 'NONE', #35, #1283, #25 ) ;
#81 = DIRECTION ( 'NONE',  ( -0.000000000000000000, -0.000000000000000000, -1.000000000000000000 ) ) ;
#82 = VECTOR ( 'NONE', #945, 1000.000000000000000 ) ;
#83 = DIRECTION ( 'NONE',  ( 1.000000000000000000, 0.000000000000000000, 0.000000000000000000 ) ) ;
#84 = AXIS2_PLACEMENT_3D ( 'NONE', #909, #5, #1043 ) ;
#85 = VECTOR ( 'NONE', #1281, 1000.000000000000000 ) ;
#86 = LINE ( 'NONE', #1801, #1358 ) ;
#87 = CIRCLE ( 'NONE', #606, 2.000000000000001776 ) ;
#88 = CARTESIAN_POINT ( 'NONE',  ( -113.2547104423904756, 27.60328211225517592, 10.00000000000000000 ) ) ;
#89 = ADVANCED_FACE ( 'NONE', ( #549 ), #1531, .F. ) ;
#90 = FACE_OUTER_BOUND ( 'NONE', #612, .T. ) ;
#91 = ORIENTED_EDGE ( 'NONE', *, *, #958, .T. ) ;
#92 = EDGE_CURVE ( 'NONE', #1900, #1426, #417, .T. ) ;
#93 = EDGE_CURVE ( 'NONE', #1205, #907, #461, .T. ) ;
#94 = DIRECTION ( 'NONE',  ( -1.000000000000000000, 0.000000000000000000, 0.000000000000000000 ) ) ;
#95 = DIRECTION ( 'NONE',  ( -1.000000000000000000, 7.304098846218134421E-17, 0.000000000000000000 ) ) ;
#96 = DIRECTION ( 'NONE',  ( 1.000000000000000000, 0.000000000000000000, -0.000000000000000000 ) ) ;
#97 = VERTEX_POINT ( 'NONE', #590 ) ;
#98 = EDGE_CURVE ( 'NONE', #1736, #1645, #723, .T. ) ;
#99 = CARTESIAN_POINT ( 'NONE',  ( 4.999999999999998224, -20.99999999999999289, 6.699999999999976197 ) ) ;
#100 = PLANE ( 'NONE',  #821 ) ;
#101 = DIRECTION ( 'NONE',  ( 1.000000000000000000, 0.000000000000000000, 0.000000000000000000 ) ) ;
#102 = VERTEX_POINT ( 'NONE', #1835 ) ;
#103 = CARTESIAN_POINT ( 'NONE',  ( -47.50000000000000711, -14.49999999999999289, 0.000000000000000000 ) ) ;
#104 = LINE ( 'NONE', #1799, #1296 ) ;
#105 = DIRECTION ( 'NONE',  ( 1.000000000000000000, 0.000000000000000000, 0.000000000000000000 ) ) ;
#106 = CARTESIAN_POINT ( 'NONE',  ( -83.85187990207585074, 21.81205062462024813, 7.500000000000000000 ) ) ;
#107 = DIRECTION ( 'NONE',  ( -0.000000000000000000, 0.000000000000000000, -1.000000000000000000 ) ) ;
#108 = DIRECTION ( 'NONE',  ( 0.000000000000000000, 0.000000000000000000, -1.000000000000000000 ) ) ;
#109 = EDGE_LOOP ( 'NONE', ( #1218, #1534, #438, #1515, #1280 ) ) ;
#110 = ORIENTED_EDGE ( 'NONE', *, *, #958, .F. ) ;
#111 = AXIS2_PLACEMENT_3D ( 'NONE', #334, #149, #1247 ) ;
#112 = CIRCLE ( 'NONE', #272, 14.49999999999999289 ) ;
#113 = CARTESIAN_POINT ( 'NONE',  ( 80.00000000000000000, 0.000000000000000000, 4.000000000000000000 ) ) ;
#114 = EDGE_CURVE ( 'NONE', #1172, #426, #1025, .T. ) ;
#115 = VECTOR ( 'NONE', #674, 1000.000000000000000 ) ;
#116 = VECTOR ( 'NONE', #1459, 1000.000000000000000 ) ;
#117 = FACE_BOUND ( 'NONE', #725, .T. ) ;
#118 = DIRECTION ( 'NONE',  ( -1.000000000000000000, 8.673617379884035472E-17, 0.000000000000000000 ) ) ;
#119 = VECTOR ( 'NONE', #1839, 1000.000000000000000 ) ;
#120 = CIRCLE ( 'NONE', #889, 24.99999999999998579 ) ;
#121 = CARTESIAN_POINT ( 'NONE',  ( -85.99886372760627751, 32.24820249848097120, 10.00000000000000000 ) ) ;
#122 = VERTEX_POINT ( 'NONE', #901 ) ;
#123 = ORIENTED_EDGE ( 'NONE', *, *, #373, .F. ) ;
#124 = DIRECTION ( 'NONE',  ( -1.000000000000000000, 0.000000000000000000, 0.000000000000000000 ) ) ;
#125 = CARTESIAN_POINT ( 'NONE',  ( 112.0762186952164541, 38.42541396372408968, 10.00000000000000000 ) ) ;
#126 = CARTESIAN_POINT ( 'NONE',  ( -80.00000000000000000, 24.99999999999998579, 0.000000000000000000 ) ) ;
#127 = FACE_OUTER_BOUND ( 'NONE', #338, .T. ) ;
#128 = ORIENTED_EDGE ( 'NONE', *, *, #1995, .F. ) ;
#129 = ORIENTED_EDGE ( 'NONE', *, *, #951, .T. ) ;
#130 = EDGE_CURVE ( 'NONE', #751, #1682, #112, .T. ) ;
#131 = CARTESIAN_POINT ( 'NONE',  ( -108.2547104423904756, 27.60328211225517592, 7.500000000000000000 ) ) ;
#132 = DIRECTION ( 'NONE',  ( -0.000000000000000000, -0.000000000000000000, 1.000000000000000000 ) ) ;
#133 = DIRECTION ( 'NONE',  ( -1.000000000000000000, 0.000000000000000000, 0.000000000000000000 ) ) ;
#134 = DIRECTION ( 'NONE',  ( 0.000000000000000000, 0.000000000000000000, 1.000000000000000000 ) ) ;
#135 = ORIENTED_EDGE ( 'NONE', *, *, #175, .F. ) ;
#136 = EDGE_LOOP ( 'NONE', ( #1630, #1909, #445, #318, #1939 ) ) ;
#137 = CARTESIAN_POINT ( 'NONE',  ( -62.97545269921549504, 27.60328211225517592, 7.500000000000000000 ) ) ;
#138 = FACE_OUTER_BOUND ( 'NONE', #522, .T. ) ;
#139 = AXIS2_PLACEMENT_3D ( 'NONE', #1181, #1994, #1963 ) ;
#140 = ORIENTED_EDGE ( 'NONE', *, *, #1019, .T. ) ;
#141 = DIRECTION ( 'NONE',  ( 0.000000000000000000, 0.000000000000000000, -1.000000000000000000 ) ) ;
#142 = VECTOR ( 'NONE', #1938, 1000.000000000000000 ) ;
#143 = VECTOR ( 'NONE', #1691, 1000.000000000000000 ) ;
#144 = AXIS2_PLACEMENT_3D ( 'NONE', #482, #172, #197 ) ;
#145 = EDGE_CURVE ( 'NONE', #1384, #633, #1827, .T. ) ;
#146 = ORIENTED_EDGE ( 'NONE', *, *, #238, .T. ) ;
#147 = VECTOR ( 'NONE', #1698, 1000.000000000000000 ) ;
#148 = AXIS2_PLACEMENT_3D ( 'NONE', #1509, #266, #416 ) ;
#149 = DIRECTION ( 'NONE',  ( 0.000000000000000000, 0.000000000000000000, -1.000000000000000000 ) ) ;
#150 = ORIENTED_EDGE ( 'NONE', *, *, #158, .T. ) ;
#151 = EDGE_CURVE ( 'NONE', #413, #1294, #279, .T. ) ;
#152 = ADVANCED_FACE ( 'NONE', ( #1982 ), #1381, .F. ) ;
#153 = CARTESIAN_POINT ( 'NONE',  ( 80.00000000000000000, 0.000000000000000000, 23.39999999999994884 ) ) ;
#154 = CARTESIAN_POINT ( 'NONE',  ( -75.00000000000000000, 14.99999999999999289, 4.000000000000000000 ) ) ;
#155 = DIRECTION ( 'NONE',  ( -0.000000000000000000, 0.000000000000000000, -1.000000000000000000 ) ) ;
#156 = ORIENTED_EDGE ( 'NONE', *, *, #832, .F. ) ;
#157 = DIRECTION ( 'NONE',  ( -0.000000000000000000, -0.000000000000000000, -1.000000000000000000 ) ) ;
#158 = EDGE_CURVE ( 'NONE', #810, #947, #377, .T. ) ;
#159 = ORIENTED_EDGE ( 'NONE', *, *, #1175, .T. ) ;
#160 = CARTESIAN_POINT ( 'NONE',  ( 70.59134411930288877, 45.00000000000000000, 10.00000000000000000 ) ) ;
#161 = ORIENTED_EDGE ( 'NONE', *, *, #1535, .F. ) ;
#162 = CARTESIAN_POINT ( 'NONE',  ( -62.97545269921549504, 27.60328211225517592, 7.500000000000000000 ) ) ;
#163 = LINE ( 'NONE', #1127, #1391 ) ;
#164 = ORIENTED_EDGE ( 'NONE', *, *, #1006, .T. ) ;
#165 = CYLINDRICAL_SURFACE ( 'NONE', #467, 3.000000000000002665 ) ;
#166 = FACE_BOUND ( 'NONE', #875, .T. ) ;
#167 = ORIENTED_EDGE ( 'NONE', *, *, #1974, .T. ) ;
#168 = CARTESIAN_POINT ( 'NONE',  ( 83.85187990207585074, 21.81205062462024813, 7.500000000000000000 ) ) ;
#169 = EDGE_LOOP ( 'NONE', ( #866, #602, #754, #652 ) ) ;
#170 = ADVANCED_FACE ( 'NONE', ( #268 ), #879, .T. ) ;
#171 = DIRECTION ( 'NONE',  ( 0.000000000000000000, 0.000000000000000000, -1.000000000000000000 ) ) ;
#172 = DIRECTION ( 'NONE',  ( 0.000000000000000000, 0.000000000000000000, -1.000000000000000000 ) ) ;
#173 = ORIENTED_EDGE ( 'NONE', *, *, #13, .T. ) ;
#174 = DIRECTION ( 'NONE',  ( 0.6375898750759507738, 0.7703759804151694146, 0.000000000000000000 ) ) ;
#175 = EDGE_CURVE ( 'NONE', #989, #326, #1946, .T. ) ;
#176 = CARTESIAN_POINT ( 'NONE',  ( -80.00000000000000000, 24.99999999999998579, 4.000000000000000000 ) ) ;
#177 = EDGE_LOOP ( 'NONE', ( #135, #1970, #594, #1324 ) ) ;
#178 = CIRCLE ( 'NONE', #111, 50.27925774317498764 ) ;
#179 = AXIS2_PLACEMENT_3D ( 'NONE', #607, #1233, #1859 ) ;
#180 = CIRCLE ( 'NONE', #1817, 9.999999999999998224 ) ;
#181 = LINE ( 'NONE', #168, #1353 ) ;
#182 = VERTEX_POINT ( 'NONE', #424 ) ;
#183 = CIRCLE ( 'NONE', #1786, 9.999999999999994671 ) ;
#184 = ADVANCED_FACE ( 'NONE', ( #1522 ), #863, .F. ) ;
#185 = CARTESIAN_POINT ( 'NONE',  ( 80.00000000000000000, -15.00000000000000178, 23.39999999999994884 ) ) ;
#186 = CYLINDRICAL_SURFACE ( 'NONE', #435, 45.27925774317498053 ) ;
#187 = CARTESIAN_POINT ( 'NONE',  ( -50.49999999992839861, 0.000000000000000000, 20.39999999999994884 ) ) ;
#188 = ORIENTED_EDGE ( 'NONE', *, *, #1266, .F. ) ;
#189 = FACE_OUTER_BOUND ( 'NONE', #384, .T. ) ;
#190 = DIRECTION ( 'NONE',  ( 1.000000000000000000, 0.000000000000000000, -0.000000000000000000 ) ) ;
#191 = ORIENTED_EDGE ( 'NONE', *, *, #98, .T. ) ;
#192 = LINE ( 'NONE', #645, #307 ) ;
#193 = ORIENTED_EDGE ( 'NONE', *, *, #510, .F. ) ;
#194 = DIRECTION ( 'NONE',  ( -0.000000000000000000, -0.000000000000000000, -1.000000000000000000 ) ) ;
#195 = EDGE_CURVE ( 'NONE', #1783, #1146, #1056, .T. ) ;
#196 = DIRECTION ( 'NONE',  ( 0.000000000000000000, 0.000000000000000000, 1.000000000000000000 ) ) ;
#197 = DIRECTION ( 'NONE',  ( -1.000000000000000000, 0.000000000000000000, 0.000000000000000000 ) ) ;
#198 = EDGE_LOOP ( 'NONE', ( #589, #884, #1441, #777 ) ) ;
#199 = PLANE ( 'NONE',  #1297 ) ;
#200 = LINE ( 'NONE', #29, #1550 ) ;
#201 = PRESENTATION_STYLE_ASSIGNMENT (( #1121 ) ) ;
#202 = ORIENTED_EDGE ( 'NONE', *, *, #390, .F. ) ;
#203 = CARTESIAN_POINT ( 'NONE',  ( -75.00000000000000000, 14.99999999999999289, 4.000000000000000000 ) ) ;
#204 = EDGE_LOOP ( 'NONE', ( #950, #929 ) ) ;
#205 = CARTESIAN_POINT ( 'NONE',  ( -5.000000000000001776, -20.99999999999999289, 6.699999999999976197 ) ) ;
#206 = LINE ( 'NONE', #1117, #1849 ) ;
#207 = ORIENTED_EDGE ( 'NONE', *, *, #1662, .T. ) ;
#208 = DIRECTION ( 'NONE',  ( 1.000000000000000000, 0.000000000000000000, -0.000000000000000000 ) ) ;
#209 = ORIENTED_EDGE ( 'NONE', *, *, #504, .F. ) ;
#210 = EDGE_CURVE ( 'NONE', #254, #559, #311, .T. ) ;
#211 = PLANE ( 'NONE',  #918 ) ;
#212 = AXIS2_PLACEMENT_3D ( 'NONE', #226, #1911, #1471 ) ;
#213 = ORIENTED_EDGE ( 'NONE', *, *, #515, .T. ) ;
#214 = VECTOR ( 'NONE', #1624, 1000.000000000000000 ) ;
#215 = AXIS2_PLACEMENT_3D ( 'NONE', #1826, #1666, #588 ) ;
#216 = AXIS2_PLACEMENT_3D ( 'NONE', #1035, #1658, #37 ) ;
#217 = CARTESIAN_POINT ( 'NONE',  ( 80.00000000000000000, -25.00000000000000000, 13.39999999999994884 ) ) ;
#218 = EDGE_CURVE ( 'NONE', #1077, #1221, #600, .T. ) ;
#219 = AXIS2_PLACEMENT_3D ( 'NONE', #137, #756, #1271 ) ;
#220 = FACE_OUTER_BOUND ( 'NONE', #475, .T. ) ;
#221 = VERTEX_POINT ( 'NONE', #1189 ) ;
#222 = CARTESIAN_POINT ( 'NONE',  ( -104.9999999999999858, 0.000000000000000000, 13.39999999999994884 ) ) ;
#223 = ADVANCED_FACE ( 'NONE', ( #1815 ), #410, .F. ) ;
#224 = ORIENTED_EDGE ( 'NONE', *, *, #701, .F. ) ;
#225 = ADVANCED_FACE ( 'NONE', ( #189 ), #165, .F. ) ;
#226 = CARTESIAN_POINT ( 'NONE',  ( 4.999999999999998224, -20.99999999999999289, 6.699999999999976197 ) ) ;
#227 = ORIENTED_EDGE ( 'NONE', *, *, #932, .T. ) ;
#228 = CARTESIAN_POINT ( 'NONE',  ( 80.00000000000000000, 0.000000000000000000, 20.39999999999994884 ) ) ;
#229 = LINE ( 'NONE', #841, #464 ) ;
#230 = ORIENTED_EDGE ( 'NONE', *, *, #1926, .F. ) ;
#231 = CARTESIAN_POINT ( 'NONE',  ( 75.00000000000000000, -15.00000000000000711, 0.000000000000000000 ) ) ;
#232 = LINE ( 'NONE', #822, #1163 ) ;
#233 = FACE_OUTER_BOUND ( 'NONE', #1769, .T. ) ;
#234 = ORIENTED_EDGE ( 'NONE', *, *, #485, .T. ) ;
#235 = DIRECTION ( 'NONE',  ( -1.000000000000000000, 0.000000000000000000, 0.000000000000000000 ) ) ;
#236 = EDGE_CURVE ( 'NONE', #686, #989, #620, .T. ) ;
#237 = DIRECTION ( 'NONE',  ( -0.000000000000000000, -0.000000000000000000, -1.000000000000000000 ) ) ;
#238 = EDGE_CURVE ( 'NONE', #1761, #1555, #925, .T. ) ;
#239 = CARTESIAN_POINT ( 'NONE',  ( 73.00000000000000000, 14.99999999999999289, 0.000000000000000000 ) ) ;
#240 = ADVANCED_FACE ( 'NONE', ( #2021 ), #778, .T. ) ;
#241 = DIRECTION ( 'NONE',  ( -0.000000000000000000, -0.000000000000000000, -1.000000000000000000 ) ) ;
#242 = ORIENTED_EDGE ( 'NONE', *, *, #1308, .F. ) ;
#243 = FACE_OUTER_BOUND ( 'NONE', #1905, .T. ) ;
#244 = EDGE_CURVE ( 'NONE', #1234, #1736, #566, .T. ) ;
#245 = AXIS2_PLACEMENT_3D ( 'NONE', #809, #1443, #44 ) ;
#246 = DIRECTION ( 'NONE',  ( -0.000000000000000000, -0.000000000000000000, -1.000000000000000000 ) ) ;
#247 = LINE ( 'NONE', #1810, #698 ) ;
#248 = AXIS2_PLACEMENT_3D ( 'NONE', #1372, #132, #750 ) ;
#249 = AXIS2_PLACEMENT_3D ( 'NONE', #624, #767, #1855 ) ;
#250 = FACE_OUTER_BOUND ( 'NONE', #1451, .T. ) ;
#251 = ORIENTED_EDGE ( 'NONE', *, *, #28, .F. ) ;
#252 = DIRECTION ( 'NONE',  ( 0.000000000000000000, 0.000000000000000000, 1.000000000000000000 ) ) ;
#253 = CARTESIAN_POINT ( 'NONE',  ( 27.50000000000000000, -22.14142842856161053, 20.39999999998080682 ) ) ;
#254 = VERTEX_POINT ( 'NONE', #331 ) ;
#255 = EDGE_CURVE ( 'NONE', #1754, #747, #54, .T. ) ;
#256 = DIRECTION ( 'NONE',  ( -1.000000000000000000, 0.000000000000000000, 0.000000000000000000 ) ) ;
#257 = DIRECTION ( 'NONE',  ( -0.000000000000000000, 0.000000000000000000, -1.000000000000000000 ) ) ;
#258 = CARTESIAN_POINT ( 'NONE',  ( 107.1934133198063392, 37.34921153580162212, 7.500000000000000000 ) ) ;
#259 = CARTESIAN_POINT ( 'NONE',  ( -98.45872804232040210, 39.46095848325891353, 7.500000000000000000 ) ) ;
#260 = LINE ( 'NONE', #874, #1577 ) ;
#261 = ORIENTED_EDGE ( 'NONE', *, *, #1995, .T. ) ;
#262 = ADVANCED_FACE ( 'NONE', ( #1285, #1554, #1906 ), #1541, .T. ) ;
#263 =( NAMED_UNIT ( * ) PLANE_ANGLE_UNIT ( ) SI_UNIT ( $, .RADIAN. ) );
#264 = CARTESIAN_POINT ( 'NONE',  ( 52.50000000000000711, -24.99999999999999645, 6.400000000019104185 ) ) ;
#265 = ORIENTED_EDGE ( 'NONE', *, *, #1001, .F. ) ;
#266 = DIRECTION ( 'NONE',  ( 0.000000000000000000, 0.000000000000000000, 1.000000000000000000 ) ) ;
#267 = ORIENTED_EDGE ( 'NONE', *, *, #1903, .F. ) ;
#268 = FACE_OUTER_BOUND ( 'NONE', #665, .T. ) ;
#269 = DIRECTION ( 'NONE',  ( 1.000000000000000000, 0.000000000000000000, 0.000000000000000000 ) ) ;
#270 = EDGE_LOOP ( 'NONE', ( #759, #2018, #967, #1854 ) ) ;
#271 = ORIENTED_EDGE ( 'NONE', *, *, #158, .F. ) ;
#272 = AXIS2_PLACEMENT_3D ( 'NONE', #603, #1069, #2010 ) ;
#273 = EDGE_CURVE ( 'NONE', #1172, #1957, #642, .T. ) ;
#274 = CARTESIAN_POINT ( 'NONE',  ( -47.50000000000000711, 0.000000000000000000, 4.000000000000000000 ) ) ;
#275 = AXIS2_PLACEMENT_3D ( 'NONE', #1500, #988, #73 ) ;
#276 = AXIS2_PLACEMENT_3D ( 'NONE', #957, #1718, #613 ) ;
#277 = LINE ( 'NONE', #1520, #1135 ) ;
#278 = ORIENTED_EDGE ( 'NONE', *, *, #961, .T. ) ;
#279 = LINE ( 'NONE', #1845, #143 ) ;
#280 = VECTOR ( 'NONE', #546, 1000.000000000000000 ) ;
#281 = CIRCLE ( 'NONE', #1424, 2.000000000000001776 ) ;
#282 = LINE ( 'NONE', #591, #530 ) ;
#283 = SHAPE_DEFINITION_REPRESENTATION ( #949, #1041 ) ;
#284 = ORIENTED_EDGE ( 'NONE', *, *, #46, .T. ) ;
#285 = EDGE_CURVE ( 'NONE', #633, #736, #339, .T. ) ;
#286 = ORIENTED_EDGE ( 'NONE', *, *, #1695, .F. ) ;
#287 = DIRECTION ( 'NONE',  ( 7.304098846218134421E-17, -1.000000000000000000, 0.000000000000000000 ) ) ;
#288 = DIRECTION ( 'NONE',  ( -0.000000000000000000, -0.000000000000000000, -1.000000000000000000 ) ) ;
#289 = ORIENTED_EDGE ( 'NONE', *, *, #1478, .T. ) ;
#290 = CARTESIAN_POINT ( 'NONE',  ( -100.8208862673108115, 2.744996978003542143, 7.500000000000000000 ) ) ;
#291 = DIRECTION ( 'NONE',  ( 1.000000000000000000, 0.000000000000000000, -0.000000000000000000 ) ) ;
#292 = ORIENTED_EDGE ( 'NONE', *, *, #1818, .T. ) ;
#293 = ORIENTED_EDGE ( 'NONE', *, *, #1631, .T. ) ;
#294 = DIRECTION ( 'NONE',  ( 1.000000000000000000, 0.000000000000000000, 0.000000000000000000 ) ) ;
#295 = FACE_OUTER_BOUND ( 'NONE', #324, .T. ) ;
#296 = EDGE_CURVE ( 'NONE', #1736, #1234, #1062, .T. ) ;
#297 = PLANE ( 'NONE',  #859 ) ;
#298 = ORIENTED_EDGE ( 'NONE', *, *, #565, .F. ) ;
#299 = DIRECTION ( 'NONE',  ( 0.6375898750759508848, -0.7703759804151694146, -0.000000000000000000 ) ) ;
#300 = EDGE_CURVE ( 'NONE', #362, #1294, #535, .T. ) ;
#301 = ORIENTED_EDGE ( 'NONE', *, *, #93, .F. ) ;
#302 = ADVANCED_FACE ( 'NONE', ( #9 ), #913, .F. ) ;
#303 = DIRECTION ( 'NONE',  ( -1.000000000000000000, 0.000000000000000000, 0.000000000000000000 ) ) ;
#304 = ORIENTED_EDGE ( 'NONE', *, *, #470, .T. ) ;
#305 = DIRECTION ( 'NONE',  ( -0.000000000000000000, -0.000000000000000000, -1.000000000000000000 ) ) ;
#306 = EDGE_CURVE ( 'NONE', #716, #413, #1086, .T. ) ;
#307 = VECTOR ( 'NONE', #939, 1000.000000000000000 ) ;
#308 = ORIENTED_EDGE ( 'NONE', *, *, #1659, .F. ) ;
#309 = DIRECTION ( 'NONE',  ( 1.000000000000000000, 0.000000000000000000, -0.000000000000000000 ) ) ;
#310 = AXIS2_PLACEMENT_3D ( 'NONE', #833, #1467, #1824 ) ;
#311 = CIRCLE ( 'NONE', #1949, 10.00000000000000000 ) ;
#312 = DIRECTION ( 'NONE',  ( -0.000000000000000000, -0.000000000000000000, -1.000000000000000000 ) ) ;
#313 = VECTOR ( 'NONE', #1287, 1000.000000000000114 ) ;
#314 = AXIS2_PLACEMENT_3D ( 'NONE', #1923, #1605, #508 ) ;
#315 = VERTEX_POINT ( 'NONE', #936 ) ;
#316 = VECTOR ( 'NONE', #1969, 1000.000000000000000 ) ;
#317 = CARTESIAN_POINT ( 'NONE',  ( -80.00000000000000000, 0.000000000000000000, 23.39999999999994884 ) ) ;
#318 = ORIENTED_EDGE ( 'NONE', *, *, #1243, .T. ) ;
#319 = DIRECTION ( 'NONE',  ( -0.000000000000000000, -0.000000000000000000, 1.000000000000000000 ) ) ;
#320 = ADVANCED_FACE ( 'NONE', ( #1726 ), #1436, .T. ) ;
#321 = VERTEX_POINT ( 'NONE', #628 ) ;
#322 = DIRECTION ( 'NONE',  ( -0.000000000000000000, -0.000000000000000000, -1.000000000000000000 ) ) ;
#323 = DIRECTION ( 'NONE',  ( 0.000000000000000000, 0.000000000000000000, -1.000000000000000000 ) ) ;
#324 = EDGE_LOOP ( 'NONE', ( #683, #1673, #816, #543 ) ) ;
#325 = DIRECTION ( 'NONE',  ( -0.000000000000000000, -0.000000000000000000, -1.000000000000000000 ) ) ;
#326 = VERTEX_POINT ( 'NONE', #1265 ) ;
#327 = ADVANCED_FACE ( 'NONE', ( #1889 ), #476, .T. ) ;
#328 = DIRECTION ( 'NONE',  ( 0.6375898750759508848, -0.7703759804151694146, -0.000000000000000000 ) ) ;
#329 = LINE ( 'NONE', #648, #856 ) ;
#330 = ORIENTED_EDGE ( 'NONE', *, *, #744, .T. ) ;
#331 = CARTESIAN_POINT ( 'NONE',  ( 80.00000000000000000, 25.00000000000000000, 13.39999999999994884 ) ) ;
#332 = DIRECTION ( 'NONE',  ( -0.6375898750759506628, -0.7703759804151694146, 0.000000000000000000 ) ) ;
#333 = ORIENTED_EDGE ( 'NONE', *, *, #1072, .T. ) ;
#334 = CARTESIAN_POINT ( 'NONE',  ( -62.97545269921549504, 27.60328211225517592, 0.000000000000000000 ) ) ;
#335 = ORIENTED_EDGE ( 'NONE', *, *, #776, .F. ) ;
#336 = DIRECTION ( 'NONE',  ( -1.000000000000000000, 0.000000000000000000, 0.000000000000000000 ) ) ;
#337 = CARTESIAN_POINT ( 'NONE',  ( -98.45872804232040210, 39.46095848325891353, 7.500000000000000000 ) ) ;
#338 = EDGE_LOOP ( 'NONE', ( #940, #341, #514, #1593 ) ) ;
#339 = LINE ( 'NONE', #484, #1356 ) ;
#340 = DIRECTION ( 'NONE',  ( 8.673617379884035472E-17, 1.000000000000000000, -0.000000000000000000 ) ) ;
#341 = ORIENTED_EDGE ( 'NONE', *, *, #2008, .T. ) ;
#342 = CIRCLE ( 'NONE', #1485, 5.000000000000004441 ) ;
#343 = ADVANCED_FACE ( 'NONE', ( #1626 ), #59, .F. ) ;
#344 = VECTOR ( 'NONE', #1921, 1000.000000000000000 ) ;
#345 = AXIS2_PLACEMENT_3D ( 'NONE', #454, #1571, #1873 ) ;
#346 = DIRECTION ( 'NONE',  ( 0.000000000000000000, 0.000000000000000000, -1.000000000000000000 ) ) ;
#347 = EDGE_CURVE ( 'NONE', #315, #1288, #826, .T. ) ;
#348 = VERTEX_POINT ( 'NONE', #990 ) ;
#349 = AXIS2_PLACEMENT_3D ( 'NONE', #486, #1735, #1753 ) ;
#350 = AXIS2_PLACEMENT_3D ( 'NONE', #162, #1610, #490 ) ;
#351 = CARTESIAN_POINT ( 'NONE',  ( 2.449999999999998401, -24.99999999999999289, 6.699999999999976197 ) ) ;
#352 = CYLINDRICAL_SURFACE ( 'NONE', #245, 5.000000000000004441 ) ;
#353 = ORIENTED_EDGE ( 'NONE', *, *, #928, .F. ) ;
#354 = CYLINDRICAL_SURFACE ( 'NONE', #1389, 2.000000000000001776 ) ;
#355 = ORIENTED_EDGE ( 'NONE', *, *, #1631, .F. ) ;
#356 = DIRECTION ( 'NONE',  ( 7.304098846218134421E-17, 1.000000000000000000, -0.000000000000000000 ) ) ;
#357 = UNCERTAINTY_MEASURE_WITH_UNIT (LENGTH_MEASURE( 1.000000000000000082E-05 ), #459, 'distance_accuracy_value', 'NONE');
#358 = ORIENTED_EDGE ( 'NONE', *, *, #1084, .F. ) ;
#359 = CARTESIAN_POINT ( 'NONE',  ( -7.550000000000000711, -20.99999999999999289, 6.699999999999976197 ) ) ;
#360 = CARTESIAN_POINT ( 'NONE',  ( 44.50000000007050005, 0.000000000000000000, 20.39999999999994884 ) ) ;
#361 = DIRECTION ( 'NONE',  ( -0.000000000000000000, -0.000000000000000000, -1.000000000000000000 ) ) ;
#362 = VERTEX_POINT ( 'NONE', #1784 ) ;
#363 = DIRECTION ( 'NONE',  ( -8.673617379884035472E-17, -1.000000000000000000, -0.000000000000000000 ) ) ;
#364 = ADVANCED_FACE ( 'NONE', ( #1010 ), #354, .F. ) ;
#365 = CARTESIAN_POINT ( 'NONE',  ( -104.9999999999999858, 0.000000000000000000, 4.000000000000000000 ) ) ;
#366 = CARTESIAN_POINT ( 'NONE',  ( 27.50000000000000000, -14.49999999999999645, 20.39999999998080682 ) ) ;
#367 = EDGE_CURVE ( 'NONE', #708, #636, #1143, .T. ) ;
#368 = ORIENTED_EDGE ( 'NONE', *, *, #1475, .T. ) ;
#369 = CARTESIAN_POINT ( 'NONE',  ( 47.50000000000000711, -14.49999999999999822, 0.000000000000000000 ) ) ;
#370 = CARTESIAN_POINT ( 'NONE',  ( 98.45872804232040210, 39.46095848325891353, 7.500000000000000000 ) ) ;
#371 = ORIENTED_EDGE ( 'NONE', *, *, #932, .F. ) ;
#372 = DIRECTION ( 'NONE',  ( 1.000000000000000000, 0.000000000000000000, 0.000000000000000000 ) ) ;
#373 = EDGE_CURVE ( 'NONE', #78, #1989, #1171, .T. ) ;
#374 = LINE ( 'NONE', #365, #1095 ) ;
#375 = CARTESIAN_POINT ( 'NONE',  ( -73.00000000000000000, 14.99999999999999289, 4.000000000000000000 ) ) ;
#376 = CIRCLE ( 'NONE', #1611, 14.49999999999999289 ) ;
#377 = CIRCLE ( 'NONE', #531, 2.550000000000000266 ) ;
#378 = ORIENTED_EDGE ( 'NONE', *, *, #572, .F. ) ;
#379 = TOROIDAL_SURFACE ( 'NONE', #80, 15.00000000000000178, 10.00000000000000000 ) ;
#380 = CIRCLE ( 'NONE', #995, 2.000000000000001776 ) ;
#381 = VECTOR ( 'NONE', #1653, 1000.000000000000000 ) ;
#382 = LINE ( 'NONE', #369, #85 ) ;
#383 = DIRECTION ( 'NONE',  ( -0.6648126867993409128, 0.7470101013176738691, 0.000000000000000000 ) ) ;
#384 = EDGE_LOOP ( 'NONE', ( #437, #794, #944, #1576 ) ) ;
#385 = DIRECTION ( 'NONE',  ( -1.000000000000000000, 0.000000000000000000, 0.000000000000000000 ) ) ;
#386 = DIRECTION ( 'NONE',  ( 1.000000000000000000, 0.000000000000000000, 0.000000000000000000 ) ) ;
#387 = CARTESIAN_POINT ( 'NONE',  ( -107.1934133198063535, 37.34921153580162922, 0.000000000000000000 ) ) ;
#388 = EDGE_LOOP ( 'NONE', ( #1996, #400 ) ) ;
#389 = ADVANCED_FACE ( 'NONE', ( #1952 ), #973, .F. ) ;
#390 = EDGE_CURVE ( 'NONE', #10, #480, #465, .T. ) ;
#391 = DIRECTION ( 'NONE',  ( 0.000000000000000000, 0.000000000000000000, 1.000000000000000000 ) ) ;
#392 = ORIENTED_EDGE ( 'NONE', *, *, #1535, .T. ) ;
#393 = CARTESIAN_POINT ( 'NONE',  ( -75.00000000000000000, 14.99999999999999289, 0.000000000000000000 ) ) ;
#394 = EDGE_LOOP ( 'NONE', ( #895, #1950, #167, #1706, #2020, #1638, #207, #680 ) ) ;
#395 = DIRECTION ( 'NONE',  ( -0.6375898750759505518, 0.7703759804151695256, 0.000000000000000000 ) ) ;
#396 = EDGE_LOOP ( 'NONE', ( #1099, #746, #330, #1601, #30 ) ) ;
#397 = EDGE_CURVE ( 'NONE', #2004, #483, #380, .T. ) ;
#398 = LINE ( 'NONE', #1342, #1487 ) ;
#399 = LINE ( 'NONE', #1044, #1549 ) ;
#400 = ORIENTED_EDGE ( 'NONE', *, *, #1397, .T. ) ;
#401 = ORIENTED_EDGE ( 'NONE', *, *, #1766, .T. ) ;
#402 = DIRECTION ( 'NONE',  ( -1.000000000000000000, 0.000000000000000000, 0.000000000000000000 ) ) ;
#403 = ORIENTED_EDGE ( 'NONE', *, *, #244, .T. ) ;
#404 = CIRCLE ( 'NONE', #496, 10.00000000000000000 ) ;
#405 = AXIS2_PLACEMENT_3D ( 'NONE', #1282, #155, #768 ) ;
#406 = DIRECTION ( 'NONE',  ( -1.000000000000000000, -7.304098846218134421E-17, -0.000000000000000000 ) ) ;
#407 = AXIS2_PLACEMENT_3D ( 'NONE', #548, #1186, #430 ) ;
#408 = DIRECTION ( 'NONE',  ( -8.673617379884035472E-17, -1.000000000000000000, 0.000000000000000000 ) ) ;
#409 = AXIS2_PLACEMENT_3D ( 'NONE', #477, #1254, #332 ) ;
#410 = CYLINDRICAL_SURFACE ( 'NONE', #216, 2.549999999999999378 ) ;
#411 = DIRECTION ( 'NONE',  ( 0.000000000000000000, 0.000000000000000000, -1.000000000000000000 ) ) ;
#412 = CARTESIAN_POINT ( 'NONE',  ( 0.000000000000000000, 0.000000000000000000, 0.000000000000000000 ) ) ;
#413 = VERTEX_POINT ( 'NONE', #1633 ) ;
#414 = CARTESIAN_POINT ( 'NONE',  ( 62.97545269921549504, 27.60328211225517592, 7.500000000000000000 ) ) ;
#415 = DIRECTION ( 'NONE',  ( -0.000000000000000000, -0.000000000000000000, -1.000000000000000000 ) ) ;
#416 = DIRECTION ( 'NONE',  ( 1.000000000000000000, 0.000000000000000000, 0.000000000000000000 ) ) ;
#417 = LINE ( 'NONE', #1677, #727 ) ;
#418 = CARTESIAN_POINT ( 'NONE',  ( 47.50000000000000711, 0.000000000000000000, 20.39999999999994529 ) ) ;
#419 = ORIENTED_EDGE ( 'NONE', *, *, #657, .F. ) ;
#420 = EDGE_CURVE ( 'NONE', #483, #2004, #1195, .T. ) ;
#421 = EDGE_LOOP ( 'NONE', ( #278, #1667, #1400, #574 ) ) ;
#422 = CYLINDRICAL_SURFACE ( 'NONE', #632, 14.49999999999999289 ) ;
#423 = LINE ( 'NONE', #432, #604 ) ;
#424 = CARTESIAN_POINT ( 'NONE',  ( 100.8208862673108257, 2.744996978003559462, 0.000000000000000000 ) ) ;
#425 = DIRECTION ( 'NONE',  ( -1.000000000000000000, 0.000000000000000000, 0.000000000000000000 ) ) ;
#426 = VERTEX_POINT ( 'NONE', #1004 ) ;
#427 = EDGE_LOOP ( 'NONE', ( #8, #1897, #1408, #156 ) ) ;
#428 = DIRECTION ( 'NONE',  ( 0.000000000000000000, 0.000000000000000000, 1.000000000000000000 ) ) ;
#429 = VECTOR ( 'NONE', #1080, 1000.000000000000000 ) ;
#430 = DIRECTION ( 'NONE',  ( 0.000000000000000000, 0.000000000000000000, -1.000000000000000000 ) ) ;
#431 = VECTOR ( 'NONE', #174, 1000.000000000000114 ) ;
#432 = CARTESIAN_POINT ( 'NONE',  ( 73.00000000000000000, -15.00000000000000711, 4.000000000000000000 ) ) ;
#433 = ORIENTED_EDGE ( 'NONE', *, *, #1241, .F. ) ;
#434 = CARTESIAN_POINT ( 'NONE',  ( 75.00000000000000000, 14.99999999999999289, 4.000000000000000000 ) ) ;
#435 = AXIS2_PLACEMENT_3D ( 'NONE', #1410, #1559, #1106 ) ;
#436 = CYLINDRICAL_SURFACE ( 'NONE', #1709, 9.999999999999994671 ) ;
#437 = ORIENTED_EDGE ( 'NONE', *, *, #1006, .F. ) ;
#438 = ORIENTED_EDGE ( 'NONE', *, *, #1808, .F. ) ;
#439 = ADVANCED_FACE ( 'NONE', ( #843 ), #1477, .F. ) ;
#440 = DIRECTION ( 'NONE',  ( 0.000000000000000000, 0.000000000000000000, -1.000000000000000000 ) ) ;
#441 = CARTESIAN_POINT ( 'NONE',  ( -83.85187990207585074, 21.81205062462024813, 7.500000000000000000 ) ) ;
#442 = ADVANCED_FACE ( 'NONE', ( #1749 ), #75, .F. ) ;
#443 = DIRECTION ( 'NONE',  ( 8.673617379884035472E-17, -1.000000000000000000, 0.000000000000000000 ) ) ;
#444 = ADVANCED_FACE ( 'NONE', ( #1932 ), #199, .T. ) ;
#445 = ORIENTED_EDGE ( 'NONE', *, *, #1606, .T. ) ;
#446 = DIRECTION ( 'NONE',  ( 1.000000000000000000, 0.000000000000000000, 0.000000000000000000 ) ) ;
#447 = EDGE_LOOP ( 'NONE', ( #209, #616, #1049, #1928, #610, #646 ) ) ;
#448 = CARTESIAN_POINT ( 'NONE',  ( 47.50000000007050005, 0.000000000000000000, 23.39999999999994884 ) ) ;
#449 = ORIENTED_EDGE ( 'NONE', *, *, #151, .F. ) ;
#450 = ADVANCED_FACE ( 'NONE', ( #662 ), #1616, .T. ) ;
#451 = CARTESIAN_POINT ( 'NONE',  ( -77.00000000000000000, -15.00000000000000711, 0.000000000000000000 ) ) ;
#452 = CARTESIAN_POINT ( 'NONE',  ( 80.00000000000000000, 0.000000000000000000, 10.00000000000000000 ) ) ;
#453 = ORIENTED_EDGE ( 'NONE', *, *, #908, .F. ) ;
#454 = CARTESIAN_POINT ( 'NONE',  ( -102.3106079443962528, 36.27300910787915456, 7.500000000000000000 ) ) ;
#455 = VERTEX_POINT ( 'NONE', #835 ) ;
#456 = CARTESIAN_POINT ( 'NONE',  ( -47.50000000000000711, 0.000000000000000000, 20.39999999999994529 ) ) ;
#457 = ORIENTED_EDGE ( 'NONE', *, *, #195, .T. ) ;
#458 = CARTESIAN_POINT ( 'NONE',  ( 62.97545269921549504, 27.60328211225517592, 10.00000000000000000 ) ) ;
#459 =( LENGTH_UNIT ( ) NAMED_UNIT ( * ) SI_UNIT ( .MILLI., .METRE. ) );
#460 = AXIS2_PLACEMENT_3D ( 'NONE', #655, #1154, #694 ) ;
#461 = CIRCLE ( 'NONE', #1915, 2.550000000000000266 ) ;
#462 = ORIENTED_EDGE ( 'NONE', *, *, #1072, .F. ) ;
#463 = DIRECTION ( 'NONE',  ( 1.000000000000000000, 7.304098846218134421E-17, 0.000000000000000000 ) ) ;
#464 = VECTOR ( 'NONE', #81, 1000.000000000000000 ) ;
#465 = CIRCLE ( 'NONE', #1681, 50.27925774317498764 ) ;
#466 = VECTOR ( 'NONE', #1813, 1000.000000000000114 ) ;
#467 = AXIS2_PLACEMENT_3D ( 'NONE', #787, #157, #1896 ) ;
#468 = ORIENTED_EDGE ( 'NONE', *, *, #1814, .T. ) ;
#469 = VECTOR ( 'NONE', #1453, 1000.000000000000000 ) ;
#470 = EDGE_CURVE ( 'NONE', #1931, #1900, #1150, .T. ) ;
#471 = DIRECTION ( 'NONE',  ( -0.000000000000000000, -0.000000000000000000, -1.000000000000000000 ) ) ;
#472 = VERTEX_POINT ( 'NONE', #222 ) ;
#473 = DIRECTION ( 'NONE',  ( 0.000000000000000000, 0.000000000000000000, 1.000000000000000000 ) ) ;
#474 = CARTESIAN_POINT ( 'NONE',  ( -62.97545269921549504, 27.60328211225517592, 10.00000000000000000 ) ) ;
#475 = EDGE_LOOP ( 'NONE', ( #1270, #401, #769, #161 ) ) ;
#476 = CYLINDRICAL_SURFACE ( 'NONE', #1743, 50.27925774317498764 ) ;
#477 = CARTESIAN_POINT ( 'NONE',  ( 83.85187990207585074, 21.81205062462024813, 7.500000000000000000 ) ) ;
#478 = ORIENTED_EDGE ( 'NONE', *, *, #1176, .F. ) ;
#479 = DIRECTION ( 'NONE',  ( -1.000000000000000000, 0.000000000000000000, 0.000000000000000000 ) ) ;
#480 = VERTEX_POINT ( 'NONE', #1770 ) ;
#481 = LINE ( 'NONE', #1083, #860 ) ;
#482 = CARTESIAN_POINT ( 'NONE',  ( 70.59134411930288877, 45.00000000000000000, 4.000000000000000000 ) ) ;
#483 = VERTEX_POINT ( 'NONE', #541 ) ;
#484 = CARTESIAN_POINT ( 'NONE',  ( -83.85187990207585074, 21.81205062462024813, 0.000000000000000000 ) ) ;
#485 = EDGE_CURVE ( 'NONE', #1754, #1108, #1614, .T. ) ;
#486 = CARTESIAN_POINT ( 'NONE',  ( -80.00000000000000000, 0.000000000000000000, 13.39999999999994884 ) ) ;
#487 = ORIENTED_EDGE ( 'NONE', *, *, #67, .F. ) ;
#488 = CARTESIAN_POINT ( 'NONE',  ( -44.49999999992839861, 3.673940397442059868E-16, 23.39999999999994884 ) ) ;
#489 = VERTEX_POINT ( 'NONE', #587 ) ;
#490 = DIRECTION ( 'NONE',  ( 1.000000000000000000, 0.000000000000000000, 0.000000000000000000 ) ) ;
#491 = DIRECTION ( 'NONE',  ( 1.000000000000000000, 0.000000000000000000, 0.000000000000000000 ) ) ;
#492 = VERTEX_POINT ( 'NONE', #1207 ) ;
#493 = CARTESIAN_POINT ( 'NONE',  ( 80.00000000000000000, 0.000000000000000000, 23.39999999999994884 ) ) ;
#494 = CARTESIAN_POINT ( 'NONE',  ( -47.50000000000000711, 14.49999999999999289, 4.000000000000000000 ) ) ;
#495 = ORIENTED_EDGE ( 'NONE', *, *, #1903, .T. ) ;
#496 = AXIS2_PLACEMENT_3D ( 'NONE', #815, #1330, #1636 ) ;
#497 = AXIS2_PLACEMENT_3D ( 'NONE', #99, #714, #1971 ) ;
#498 = AXIS2_PLACEMENT_3D ( 'NONE', #869, #391, #719 ) ;
#499 = VECTOR ( 'NONE', #1316, 1000.000000000000000 ) ;
#500 = FACE_OUTER_BOUND ( 'NONE', #1037, .T. ) ;
#501 = ORIENTED_EDGE ( 'NONE', *, *, #255, .F. ) ;
#502 = CIRCLE ( 'NONE', #2016, 2.549999999999999378 ) ;
#503 = VECTOR ( 'NONE', #1473, 1000.000000000000000 ) ;
#504 = EDGE_CURVE ( 'NONE', #1118, #1890, #399, .T. ) ;
#505 = DIRECTION ( 'NONE',  ( 1.000000000000000000, 0.000000000000000000, -0.000000000000000000 ) ) ;
#506 = CARTESIAN_POINT ( 'NONE',  ( 7.549999999999998934, -20.99999999999999289, 6.699999999999976197 ) ) ;
#507 = EDGE_LOOP ( 'NONE', ( #1672, #584 ) ) ;
#508 = DIRECTION ( 'NONE',  ( 0.000000000000000000, 1.000000000000000000, 0.000000000000000000 ) ) ;
#509 = ADVANCED_FACE ( 'NONE', ( #1371 ), #862, .T. ) ;
#510 = EDGE_CURVE ( 'NONE', #917, #1111, #1215, .T. ) ;
#511 = CARTESIAN_POINT ( 'NONE',  ( -62.97545269921549504, 27.60328211225517592, 7.500000000000000000 ) ) ;
#512 = DIRECTION ( 'NONE',  ( -1.000000000000000000, 0.000000000000000000, 0.000000000000000000 ) ) ;
#513 = DIRECTION ( 'NONE',  ( 1.000000000000000000, 0.000000000000000000, 0.000000000000000000 ) ) ;
#514 = ORIENTED_EDGE ( 'NONE', *, *, #1837, .T. ) ;
#515 = EDGE_CURVE ( 'NONE', #1188, #1931, #180, .T. ) ;
#516 = LINE ( 'NONE', #1590, #1263 ) ;
#517 = DIRECTION ( 'NONE',  ( -1.000000000000000000, 0.000000000000000000, 0.000000000000000000 ) ) ;
#518 = ORIENTED_EDGE ( 'NONE', *, *, #2006, .F. ) ;
#519 = DIRECTION ( 'NONE',  ( 0.000000000000000000, 0.000000000000000000, 1.000000000000000000 ) ) ;
#520 = DIRECTION ( 'NONE',  ( 1.000000000000000000, 0.000000000000000000, 0.000000000000000000 ) ) ;
#521 = CARTESIAN_POINT ( 'NONE',  ( 80.00000000000000000, 25.00000000000000000, 10.00000000000000000 ) ) ;
#522 = EDGE_LOOP ( 'NONE', ( #15, #545, #1102, #457, #368, #896, #766, #1481, #1380, #1505, #1955, #518, #419 ) ) ;
#523 = CARTESIAN_POINT ( 'NONE',  ( -47.50000000000000711, 14.49999999999999289, 0.000000000000000000 ) ) ;
#524 = CARTESIAN_POINT ( 'NONE',  ( -75.00000000000000000, 14.99999999999999289, 4.000000000000000000 ) ) ;
#525 = EDGE_LOOP ( 'NONE', ( #1725, #159, #755, #129, #1790, #1573, #495, #227 ) ) ;
#526 = DIRECTION ( 'NONE',  ( 0.6375898750759508848, 0.7703759804151694146, 0.000000000000000000 ) ) ;
#527 = DIRECTION ( 'NONE',  ( -0.000000000000000000, -0.000000000000000000, -1.000000000000000000 ) ) ;
#528 = ADVANCED_FACE ( 'NONE', ( #1800 ), #1178, .T. ) ;
#529 = DIRECTION ( 'NONE',  ( 0.000000000000000000, 0.000000000000000000, 1.000000000000000000 ) ) ;
#530 = VECTOR ( 'NONE', #1339, 1000.000000000000000 ) ;
#531 = AXIS2_PLACEMENT_3D ( 'NONE', #1232, #571, #1993 ) ;
#532 = ORIENTED_EDGE ( 'NONE', *, *, #390, .T. ) ;
#533 = EDGE_CURVE ( 'NONE', #1957, #492, #887, .T. ) ;
#534 = AXIS2_PLACEMENT_3D ( 'NONE', #578, #440, #898 ) ;
#535 = CIRCLE ( 'NONE', #1984, 14.49999999999999822 ) ;
#536 = DIRECTION ( 'NONE',  ( -1.000000000000000000, 8.673617379884035472E-17, -0.000000000000000000 ) ) ;
#537 = CIRCLE ( 'NONE', #790, 3.000000000000002665 ) ;
#538 = AXIS2_PLACEMENT_3D ( 'NONE', #1937, #807, #43 ) ;
#539 = CARTESIAN_POINT ( 'NONE',  ( 102.3106079443962528, 36.27300910787915456, 0.000000000000000000 ) ) ;
#540 = VERTEX_POINT ( 'NONE', #721 ) ;
#541 = CARTESIAN_POINT ( 'NONE',  ( 73.00000000000000000, -15.00000000000000711, 0.000000000000000000 ) ) ;
#542 = EDGE_CURVE ( 'NONE', #1205, #810, #748, .T. ) ;
#543 = ORIENTED_EDGE ( 'NONE', *, *, #1823, .F. ) ;
#544 = DIRECTION ( 'NONE',  ( 1.000000000000000000, 0.000000000000000000, 0.000000000000000000 ) ) ;
#545 = ORIENTED_EDGE ( 'NONE', *, *, #937, .T. ) ;
#546 = DIRECTION ( 'NONE',  ( 0.000000000000000000, 0.000000000000000000, -1.000000000000000000 ) ) ;
#547 = CARTESIAN_POINT ( 'NONE',  ( 94.60684814024456557, 42.64890785863867251, 10.00000000000000000 ) ) ;
#548 = CARTESIAN_POINT ( 'NONE',  ( 95.00000000000000000, 0.000000000000000000, 13.39999999999994884 ) ) ;
#549 = FACE_OUTER_BOUND ( 'NONE', #786, .T. ) ;
#550 = EDGE_CURVE ( 'NONE', #1783, #1721, #247, .T. ) ;
#551 = DIRECTION ( 'NONE',  ( -1.000000000000000000, 0.000000000000000000, 0.000000000000000000 ) ) ;
#552 = VERTEX_POINT ( 'NONE', #1343 ) ;
#553 = CARTESIAN_POINT ( 'NONE',  ( 80.00000000000000000, 25.00000000000000000, 4.000000000000000000 ) ) ;
#554 = CARTESIAN_POINT ( 'NONE',  ( 4.999999999999998224, -20.99999999999999289, 6.699999999999976197 ) ) ;
#555 = CARTESIAN_POINT ( 'NONE',  ( 52.50000000000000711, -9.999999999999998224, 20.39999999998080682 ) ) ;
#556 = VERTEX_POINT ( 'NONE', #131 ) ;
#557 = DIRECTION ( 'NONE',  ( 1.000000000000000000, 0.000000000000000000, 0.000000000000000000 ) ) ;
#558 = CARTESIAN_POINT ( 'NONE',  ( 4.999999999999998224, -20.99999999999999289, 6.699999999999976197 ) ) ;
#559 = VERTEX_POINT ( 'NONE', #1675 ) ;
#560 = AXIS2_PLACEMENT_3D ( 'NONE', #1927, #1318, #513 ) ;
#561 = AXIS2_PLACEMENT_3D ( 'NONE', #710, #1640, #235 ) ;
#562 = AXIS2_PLACEMENT_3D ( 'NONE', #1607, #1470, #512 ) ;
#563 = VECTOR ( 'NONE', #1771, 999.9999999999998863 ) ;
#564 = DIRECTION ( 'NONE',  ( -0.000000000000000000, -0.000000000000000000, -1.000000000000000000 ) ) ;
#565 = EDGE_CURVE ( 'NONE', #1111, #1944, #1850, .T. ) ;
#566 = CIRCLE ( 'NONE', #276, 2.000000000000001776 ) ;
#567 = DIRECTION ( 'NONE',  ( -0.000000000000000000, 0.000000000000000000, -1.000000000000000000 ) ) ;
#568 = AXIS2_PLACEMENT_3D ( 'NONE', #458, #921, #1864 ) ;
#569 = CARTESIAN_POINT ( 'NONE',  ( 27.50000000000000000, -14.49999999999999645, 6.400000000019104185 ) ) ;
#570 = ORIENTED_EDGE ( 'NONE', *, *, #1366, .T. ) ;
#571 = DIRECTION ( 'NONE',  ( -8.673617379884035472E-17, -1.000000000000000000, 0.000000000000000000 ) ) ;
#572 = EDGE_CURVE ( 'NONE', #999, #69, #1378, .T. ) ;
#573 = CARTESIAN_POINT ( 'NONE',  ( -80.00000000000000000, 14.99999999999998757, 23.39999999999994884 ) ) ;
#574 = ORIENTED_EDGE ( 'NONE', *, *, #1848, .T. ) ;
#575 = FACE_OUTER_BOUND ( 'NONE', #1693, .T. ) ;
#576 = ORIENTED_EDGE ( 'NONE', *, *, #848, .T. ) ;
#577 = EDGE_CURVE ( 'NONE', #907, #1205, #1329, .T. ) ;
#578 = CARTESIAN_POINT ( 'NONE',  ( -80.00000000000000000, 0.000000000000000000, 10.00000000000000000 ) ) ;
#579 = DIRECTION ( 'NONE',  ( -0.000000000000000000, 0.000000000000000000, -1.000000000000000000 ) ) ;
#580 = CARTESIAN_POINT ( 'NONE',  ( -80.00000000000000000, 24.99999999999998579, 4.000000000000000000 ) ) ;
#581 = DIRECTION ( 'NONE',  ( 0.000000000000000000, 0.000000000000000000, -1.000000000000000000 ) ) ;
#582 = DIRECTION ( 'NONE',  ( -0.000000000000000000, -0.000000000000000000, -1.000000000000000000 ) ) ;
#583 = APPLICATION_PROTOCOL_DEFINITION ( 'draft international standard', 'automotive_design', 1998, #1563 ) ;
#584 = ORIENTED_EDGE ( 'NONE', *, *, #1151, .F. ) ;
#585 = ORIENTED_EDGE ( 'NONE', *, *, #1951, .T. ) ;
#586 = CARTESIAN_POINT ( 'NONE',  ( 77.00000000000000000, 14.99999999999999289, 4.000000000000000000 ) ) ;
#587 = CARTESIAN_POINT ( 'NONE',  ( 70.59134411930288877, 25.00000000000000000, 10.00000000000000000 ) ) ;
#588 = DIRECTION ( 'NONE',  ( 0.6648126867993410238, -0.7470101013176738691, 0.000000000000000000 ) ) ;
#589 = ORIENTED_EDGE ( 'NONE', *, *, #668, .F. ) ;
#590 = CARTESIAN_POINT ( 'NONE',  ( -80.00000000000000000, 24.99999999999998579, 10.00000000000000000 ) ) ;
#591 = CARTESIAN_POINT ( 'NONE',  ( -108.2547104423904756, 27.60328211225517592, 7.500000000000000000 ) ) ;
#592 = EDGE_CURVE ( 'NONE', #771, #1468, #700, .T. ) ;
#593 = ORIENTED_EDGE ( 'NONE', *, *, #848, .F. ) ;
#594 = ORIENTED_EDGE ( 'NONE', *, *, #1475, .F. ) ;
#595 = ADVANCED_FACE ( 'NONE', ( #890 ), #1665, .F. ) ;
#596 = EDGE_CURVE ( 'NONE', #1944, #1149, #1101, .T. ) ;
#597 = AXIS2_PLACEMENT_3D ( 'NONE', #448, #471, #1407 ) ;
#598 = LINE ( 'NONE', #2005, #1065 ) ;
#599 = AXIS2_PLACEMENT_3D ( 'NONE', #1305, #1760, #1583 ) ;
#600 = CIRCLE ( 'NONE', #1098, 3.000000000000002665 ) ;
#601 = CARTESIAN_POINT ( 'NONE',  ( -113.2547104423904756, 27.60328211225517592, 10.00000000000000000 ) ) ;
#602 = ORIENTED_EDGE ( 'NONE', *, *, #1951, .F. ) ;
#603 = CARTESIAN_POINT ( 'NONE',  ( -47.50000000000000711, 0.000000000000000000, 0.000000000000000000 ) ) ;
#604 = VECTOR ( 'NONE', #1834, 1000.000000000000000 ) ;
#605 = AXIS2_PLACEMENT_3D ( 'NONE', #1363, #257, #1991 ) ;
#606 = AXIS2_PLACEMENT_3D ( 'NONE', #1591, #196, #808 ) ;
#607 = CARTESIAN_POINT ( 'NONE',  ( 75.00000000000000000, 14.99999999999999289, 4.000000000000000000 ) ) ;
#608 = ADVANCED_FACE ( 'NONE', ( #1833 ), #422, .F. ) ;
#609 = ORIENTED_EDGE ( 'NONE', *, *, #1183, .F. ) ;
#610 = ORIENTED_EDGE ( 'NONE', *, *, #1175, .F. ) ;
#611 = DIRECTION ( 'NONE',  ( -1.000000000000000000, 0.000000000000000000, -0.000000000000000000 ) ) ;
#612 = EDGE_LOOP ( 'NONE', ( #1214, #1257, #1888, #188 ) ) ;
#613 = DIRECTION ( 'NONE',  ( 1.000000000000000000, 0.000000000000000000, 0.000000000000000000 ) ) ;
#614 = ORIENTED_EDGE ( 'NONE', *, *, #726, .T. ) ;
#615 = LINE ( 'NONE', #916, #429 ) ;
#616 = ORIENTED_EDGE ( 'NONE', *, *, #1308, .T. ) ;
#617 = CARTESIAN_POINT ( 'NONE',  ( 47.50000000007050005, 0.000000000000000000, 20.39999999999994884 ) ) ;
#618 = DIRECTION ( 'NONE',  ( -0.000000000000000000, -0.000000000000000000, -1.000000000000000000 ) ) ;
#619 = ORIENTED_EDGE ( 'NONE', *, *, #210, .F. ) ;
#620 = LINE ( 'NONE', #650, #82 ) ;
#621 = EDGE_LOOP ( 'NONE', ( #293, #164, #1182, #986 ) ) ;
#622 = DIRECTION ( 'NONE',  ( -1.000000000000000000, 0.000000000000000000, 0.000000000000000000 ) ) ;
#623 = ORIENTED_EDGE ( 'NONE', *, *, #1492, .F. ) ;
#624 = CARTESIAN_POINT ( 'NONE',  ( -47.50000000000000711, 0.000000000000000000, 4.000000000000000000 ) ) ;
#625 = AXIS2_PLACEMENT_3D ( 'NONE', #793, #32, #1464 ) ;
#626 = CIRCLE ( 'NONE', #1223, 2.549999999999999378 ) ;
#627 = VERTEX_POINT ( 'NONE', #738 ) ;
#628 = CARTESIAN_POINT ( 'NONE',  ( 52.50000000000000711, -22.14142842856161053, 20.39999999998080682 ) ) ;
#629 = CIRCLE ( 'NONE', #561, 25.00000000000000711 ) ;
#630 = FACE_BOUND ( 'NONE', #1857, .T. ) ;
#631 = AXIS2_PLACEMENT_3D ( 'NONE', #1414, #1728, #789 ) ;
#632 = AXIS2_PLACEMENT_3D ( 'NONE', #274, #1519, #124 ) ;
#633 = VERTEX_POINT ( 'NONE', #1999 ) ;
#634 = ADVANCED_FACE ( 'NONE', ( #2019 ), #783, .T. ) ;
#635 = CYLINDRICAL_SURFACE ( 'NONE', #22, 9.999999999999994671 ) ;
#636 = VERTEX_POINT ( 'NONE', #185 ) ;
#637 = ADVANCED_FACE ( 'NONE', ( #952 ), #1105, .F. ) ;
#638 = FACE_OUTER_BOUND ( 'NONE', #1685, .T. ) ;
#639 = EDGE_CURVE ( 'NONE', #1309, #1645, #1920, .T. ) ;
#640 = CARTESIAN_POINT ( 'NONE',  ( -47.50000000000000711, 0.000000000000000000, 20.39999999999994529 ) ) ;
#641 = ORIENTED_EDGE ( 'NONE', *, *, #1089, .T. ) ;
#642 = LINE ( 'NONE', #1253, #1648 ) ;
#643 = DIRECTION ( 'NONE',  ( -0.6648126867993409128, 0.7470101013176738691, 0.000000000000000000 ) ) ;
#644 = ORIENTED_EDGE ( 'NONE', *, *, #739, .F. ) ;
#645 = CARTESIAN_POINT ( 'NONE',  ( 50.50000000007050005, 3.673940397442061347E-16, 23.39999999999994884 ) ) ;
#646 = ORIENTED_EDGE ( 'NONE', *, *, #1089, .F. ) ;
#647 = FACE_OUTER_BOUND ( 'NONE', #204, .T. ) ;
#648 = CARTESIAN_POINT ( 'NONE',  ( 47.50000000000000711, -14.49999999999999822, 4.000000000000000000 ) ) ;
#649 = ORIENTED_EDGE ( 'NONE', *, *, #1659, .T. ) ;
#650 = CARTESIAN_POINT ( 'NONE',  ( -70.59134411930288877, 24.99999999999998579, 4.000000000000000000 ) ) ;
#651 = DIRECTION ( 'NONE',  ( -0.000000000000000000, -0.000000000000000000, -1.000000000000000000 ) ) ;
#652 = ORIENTED_EDGE ( 'NONE', *, *, #145, .T. ) ;
#653 = EDGE_CURVE ( 'NONE', #1468, #771, #1582, .T. ) ;
#654 = ADVANCED_FACE ( 'NONE', ( #795 ), #1240, .T. ) ;
#655 = CARTESIAN_POINT ( 'NONE',  ( 4.999999999999998224, -24.99999999999999289, 6.699999999999976197 ) ) ;
#656 = ORIENTED_EDGE ( 'NONE', *, *, #1508, .T. ) ;
#657 = EDGE_CURVE ( 'NONE', #1406, #1426, #120, .T. ) ;
#658 = DIRECTION ( 'NONE',  ( -8.673617379884035472E-17, -1.000000000000000000, 0.000000000000000000 ) ) ;
#659 = EDGE_CURVE ( 'NONE', #1, #1046, #1029, .T. ) ;
#660 = CARTESIAN_POINT ( 'NONE',  ( -80.00000000000000000, -24.99999999999998579, 0.000000000000000000 ) ) ;
#661 = EDGE_LOOP ( 'NONE', ( #1139, #1733 ) ) ;
#662 = FACE_OUTER_BOUND ( 'NONE', #1170, .T. ) ;
#663 = AXIS2_PLACEMENT_3D ( 'NONE', #1804, #582, #551 ) ;
#664 = FACE_OUTER_BOUND ( 'NONE', #109, .T. ) ;
#665 = EDGE_LOOP ( 'NONE', ( #1765, #1336, #1936, #1403, #1803, #773, #1458, #371 ) ) ;
#666 = CIRCLE ( 'NONE', #1916, 25.00000000000000711 ) ;
#667 = CIRCLE ( 'NONE', #562, 50.27925774317498764 ) ;
#668 = EDGE_CURVE ( 'NONE', #1957, #1555, #183, .T. ) ;
#669 = VECTOR ( 'NONE', #1494, 1000.000000000000000 ) ;
#670 = CARTESIAN_POINT ( 'NONE',  ( 80.00000000000000000, 25.00000000000000000, 10.00000000000000000 ) ) ;
#671 = ORIENTED_EDGE ( 'NONE', *, *, #1901, .T. ) ;
#672 = AXIS2_PLACEMENT_3D ( 'NONE', #154, #1261, #1886 ) ;
#673 = DIRECTION ( 'NONE',  ( 1.000000000000000000, 0.000000000000000000, -0.000000000000000000 ) ) ;
#674 = DIRECTION ( 'NONE',  ( -0.000000000000000000, -0.000000000000000000, -1.000000000000000000 ) ) ;
#675 = ORIENTED_EDGE ( 'NONE', *, *, #803, .F. ) ;
#676 = CARTESIAN_POINT ( 'NONE',  ( 75.00000000000000000, -15.00000000000000711, 0.000000000000000000 ) ) ;
#677 = DIRECTION ( 'NONE',  ( -0.000000000000000000, -0.000000000000000000, -1.000000000000000000 ) ) ;
#678 = ORIENTED_EDGE ( 'NONE', *, *, #300, .F. ) ;
#679 = DIRECTION ( 'NONE',  ( -8.673617379884035472E-17, -1.000000000000000000, 0.000000000000000000 ) ) ;
#680 = ORIENTED_EDGE ( 'NONE', *, *, #1022, .T. ) ;
#681 = CARTESIAN_POINT ( 'NONE',  ( 107.1934133198063392, 37.34921153580162212, 7.500000000000000000 ) ) ;
#682 = CYLINDRICAL_SURFACE ( 'NONE', #1094, 5.000000000000004441 ) ;
#683 = ORIENTED_EDGE ( 'NONE', *, *, #951, .F. ) ;
#684 = CARTESIAN_POINT ( 'NONE',  ( 75.00000000000000000, -15.00000000000000711, 4.000000000000000000 ) ) ;
#685 = EDGE_CURVE ( 'NONE', #814, #686, #481, .T. ) ;
#686 = VERTEX_POINT ( 'NONE', #1422 ) ;
#687 = CARTESIAN_POINT ( 'NONE',  ( 47.50000000000000711, -14.49999999999999822, 6.400000000019104185 ) ) ;
#688 = EDGE_LOOP ( 'NONE', ( #981, #403, #191, #1731 ) ) ;
#689 = CARTESIAN_POINT ( 'NONE',  ( -80.00000000000000000, -24.99999999999998579, 13.39999999999994884 ) ) ;
#690 = CARTESIAN_POINT ( 'NONE',  ( -62.00000000000000000, 0.000000000000000000, 20.39999999999994529 ) ) ;
#691 = ORIENTED_EDGE ( 'NONE', *, *, #1332, .F. ) ;
#692 = CARTESIAN_POINT ( 'NONE',  ( -5.000000000000001776, -20.99999999999999289, 6.699999999999976197 ) ) ;
#693 = CARTESIAN_POINT ( 'NONE',  ( 62.97545269921549504, 27.60328211225517592, 0.000000000000000000 ) ) ;
#694 = DIRECTION ( 'NONE',  ( -1.000000000000000000, 0.000000000000000000, 0.000000000000000000 ) ) ;
#695 = VECTOR ( 'NONE', #880, 1000.000000000000000 ) ;
#696 = ORIENTED_EDGE ( 'NONE', *, *, #1001, .T. ) ;
#697 = CIRCLE ( 'NONE', #1811, 24.99999999999999289 ) ;
#698 = VECTOR ( 'NONE', #870, 1000.000000000000000 ) ;
#699 =( GEOMETRIC_REPRESENTATION_CONTEXT ( 3 ) GLOBAL_UNCERTAINTY_ASSIGNED_CONTEXT ( ( #933 ) ) GLOBAL_UNIT_ASSIGNED_CONTEXT ( ( #1438, #263, #1184 ) ) REPRESENTATION_CONTEXT ( 'NONE', 'WORKASPACE' ) );
#700 = CIRCLE ( 'NONE', #148, 2.000000000000001776 ) ;
#701 = EDGE_CURVE ( 'NONE', #771, #2004, #598, .T. ) ;
#702 = CARTESIAN_POINT ( 'NONE',  ( 73.00000000000000000, -15.00000000000000711, 4.000000000000000000 ) ) ;
#703 = ADVANCED_FACE ( 'NONE', ( #295 ), #1229, .F. ) ;
#704 = CARTESIAN_POINT ( 'NONE',  ( 80.00000000000000000, 0.000000000000000000, 4.000000000000000000 ) ) ;
#705 = EDGE_LOOP ( 'NONE', ( #298, #110, #1609, #128, #1415 ) ) ;
#706 = CARTESIAN_POINT ( 'NONE',  ( -47.50000000000000711, -14.49999999999999289, 20.39999999999994529 ) ) ;
#707 = APPLICATION_PROTOCOL_DEFINITION ( 'draft international standard', 'automotive_design', 1998, #1913 ) ;
#708 = VERTEX_POINT ( 'NONE', #23 ) ;
#709 = LINE ( 'NONE', #1499, #381 ) ;
#710 = CARTESIAN_POINT ( 'NONE',  ( 80.00000000000000000, 0.000000000000000000, 10.00000000000000000 ) ) ;
#711 = DIRECTION ( 'NONE',  ( -1.000000000000000000, 0.000000000000000000, 0.000000000000000000 ) ) ;
#712 = EDGE_CURVE ( 'NONE', #1384, #102, #1723, .T. ) ;
#713 = VERTEX_POINT ( 'NONE', #1075 ) ;
#714 = DIRECTION ( 'NONE',  ( -8.673617379884035472E-17, -1.000000000000000000, -0.000000000000000000 ) ) ;
#715 = DIRECTION ( 'NONE',  ( 8.673617379884035472E-17, 1.000000000000000000, -0.000000000000000000 ) ) ;
#716 = VERTEX_POINT ( 'NONE', #6 ) ;
#717 = ADVANCED_FACE ( 'NONE', ( #638 ), #910, .F. ) ;
#718 = CARTESIAN_POINT ( 'NONE',  ( -94.60684814024455136, 42.64890785863865119, 10.00000000000000000 ) ) ;
#719 = DIRECTION ( 'NONE',  ( 1.000000000000000000, 0.000000000000000000, 0.000000000000000000 ) ) ;
#720 = ADVANCED_FACE ( 'NONE', ( #1893 ), #1116, .F. ) ;
#721 = CARTESIAN_POINT ( 'NONE',  ( 107.1934133198063392, 37.34921153580162212, 0.000000000000000000 ) ) ;
#722 = DIRECTION ( 'NONE',  ( -0.000000000000000000, -0.000000000000000000, -1.000000000000000000 ) ) ;
#723 = LINE ( 'NONE', #1503, #1643 ) ;
#724 = DIRECTION ( 'NONE',  ( -1.000000000000000000, 7.304098846218134421E-17, 0.000000000000000000 ) ) ;
#725 = EDGE_LOOP ( 'NONE', ( #60, #251, #123, #1521 ) ) ;
#726 = EDGE_CURVE ( 'NONE', #1221, #1077, #1551, .T. ) ;
#727 = VECTOR ( 'NONE', #873, 1000.000000000000000 ) ;
#728 = ORIENTED_EDGE ( 'NONE', *, *, #195, .F. ) ;
#729 = CIRCLE ( 'NONE', #56, 14.49999999999999289 ) ;
#730 = DIRECTION ( 'NONE',  ( 0.000000000000000000, 0.000000000000000000, 1.000000000000000000 ) ) ;
#731 = VECTOR ( 'NONE', #328, 999.9999999999998863 ) ;
#732 = PLANE ( 'NONE',  #1713 ) ;
#733 = DIRECTION ( 'NONE',  ( 0.000000000000000000, -1.000000000000000000, 0.000000000000000000 ) ) ;
#734 = DIRECTION ( 'NONE',  ( 0.000000000000000000, 0.000000000000000000, 1.000000000000000000 ) ) ;
#735 = ORIENTED_EDGE ( 'NONE', *, *, #1286, .F. ) ;
#736 = VERTEX_POINT ( 'NONE', #14 ) ;
#737 = DIRECTION ( 'NONE',  ( 0.000000000000000000, 0.000000000000000000, 1.000000000000000000 ) ) ;
#738 = CARTESIAN_POINT ( 'NONE',  ( -7.550000000000000711, -20.99999999999999289, 6.699999999999976197 ) ) ;
#739 = EDGE_CURVE ( 'NONE', #556, #1756, #1819, .T. ) ;
#740 = DIRECTION ( 'NONE',  ( 0.000000000000000000, 0.000000000000000000, 1.000000000000000000 ) ) ;
#741 = VERTEX_POINT ( 'NONE', #1000 ) ;
#742 = DIRECTION ( 'NONE',  ( 0.6375898750759505518, -0.7703759804151695256, -0.000000000000000000 ) ) ;
#743 = DIRECTION ( 'NONE',  ( 0.6375898750759507738, 0.7703759804151694146, 0.000000000000000000 ) ) ;
#744 = EDGE_CURVE ( 'NONE', #122, #1406, #1158, .T. ) ;
#745 = DIRECTION ( 'NONE',  ( 0.000000000000000000, 0.000000000000000000, 1.000000000000000000 ) ) ;
#746 = ORIENTED_EDGE ( 'NONE', *, *, #31, .T. ) ;
#747 = VERTEX_POINT ( 'NONE', #217 ) ;
#748 = LINE ( 'NONE', #1641, #1327 ) ;
#749 = EDGE_CURVE ( 'NONE', #1077, #837, #1929, .T. ) ;
#750 = DIRECTION ( 'NONE',  ( -1.000000000000000000, 6.938893903907232322E-16, 0.000000000000000000 ) ) ;
#751 = VERTEX_POINT ( 'NONE', #523 ) ;
#752 = DIRECTION ( 'NONE',  ( -8.673617379884035472E-17, -1.000000000000000000, 0.000000000000000000 ) ) ;
#753 = FACE_OUTER_BOUND ( 'NONE', #975, .T. ) ;
#754 = ORIENTED_EDGE ( 'NONE', *, *, #712, .F. ) ;
#755 = ORIENTED_EDGE ( 'NONE', *, *, #1395, .T. ) ;
#756 = DIRECTION ( 'NONE',  ( -0.000000000000000000, -0.000000000000000000, -1.000000000000000000 ) ) ;
#757 = AXIS2_PLACEMENT_3D ( 'NONE', #640, #943, #1273 ) ;
#758 = DIRECTION ( 'NONE',  ( 0.000000000000000000, 0.000000000000000000, 1.000000000000000000 ) ) ;
#759 = ORIENTED_EDGE ( 'NONE', *, *, #296, .T. ) ;
#760 = CARTESIAN_POINT ( 'NONE',  ( 80.00000000000000000, 0.000000000000000000, 13.39999999999994884 ) ) ;
#761 = CIRCLE ( 'NONE', #84, 3.000000000000002665 ) ;
#762 = AXIS2_PLACEMENT_3D ( 'NONE', #1199, #579, #105 ) ;
#763 = EDGE_LOOP ( 'NONE', ( #1922, #468, #1840, #1615, #1797 ) ) ;
#764 = CARTESIAN_POINT ( 'NONE',  ( -77.00000000000000000, -15.00000000000000711, 4.000000000000000000 ) ) ;
#765 = CARTESIAN_POINT ( 'NONE',  ( 7.549999999999998934, -20.99999999999999289, 6.699999999999976197 ) ) ;
#766 = ORIENTED_EDGE ( 'NONE', *, *, #1538, .T. ) ;
#767 = DIRECTION ( 'NONE',  ( -0.000000000000000000, -0.000000000000000000, -1.000000000000000000 ) ) ;
#768 = DIRECTION ( 'NONE',  ( 1.000000000000000000, 0.000000000000000000, 0.000000000000000000 ) ) ;
#769 = ORIENTED_EDGE ( 'NONE', *, *, #347, .F. ) ;
#770 = CARTESIAN_POINT ( 'NONE',  ( 80.00000000000000000, 25.00000000000000000, 10.00000000000000000 ) ) ;
#771 = VERTEX_POINT ( 'NONE', #1147 ) ;
#772 = FACE_OUTER_BOUND ( 'NONE', #198, .T. ) ;
#773 = ORIENTED_EDGE ( 'NONE', *, *, #470, .F. ) ;
#774 = CARTESIAN_POINT ( 'NONE',  ( 75.00000000000000000, -15.00000000000000711, 4.000000000000000000 ) ) ;
#775 = CARTESIAN_POINT ( 'NONE',  ( 80.00000000000000000, -25.00000000000000000, 0.000000000000000000 ) ) ;
#776 = EDGE_CURVE ( 'NONE', #1890, #999, #55, .T. ) ;
#777 = ORIENTED_EDGE ( 'NONE', *, *, #1533, .F. ) ;
#778 = PLANE ( 'NONE',  #1714 ) ;
#779 = FACE_OUTER_BOUND ( 'NONE', #50, .T. ) ;
#780 = ORIENTED_EDGE ( 'NONE', *, *, #1752, .T. ) ;
#781 = LINE ( 'NONE', #1416, #882 ) ;
#782 = ORIENTED_EDGE ( 'NONE', *, *, #1097, .T. ) ;
#783 = CYLINDRICAL_SURFACE ( 'NONE', #1715, 24.99999999999998224 ) ;
#784 = CIRCLE ( 'NONE', #1945, 3.000000000000002665 ) ;
#785 = DIRECTION ( 'NONE',  ( 0.000000000000000000, 0.000000000000000000, -1.000000000000000000 ) ) ;
#786 = EDGE_LOOP ( 'NONE', ( #1439, #58, #1838, #782 ) ) ;
#787 = CARTESIAN_POINT ( 'NONE',  ( -47.49999999992839861, 0.000000000000000000, 23.39999999999994884 ) ) ;
#788 = CIRCLE ( 'NONE', #1548, 15.00000000000000000 ) ;
#789 = DIRECTION ( 'NONE',  ( -1.000000000000000000, 0.000000000000000000, 0.000000000000000000 ) ) ;
#790 = AXIS2_PLACEMENT_3D ( 'NONE', #871, #758, #1539 ) ;
#791 = AXIS2_PLACEMENT_3D ( 'NONE', #317, #1269, #1737 ) ;
#792 = ORIENTED_EDGE ( 'NONE', *, *, #577, .T. ) ;
#793 = CARTESIAN_POINT ( 'NONE',  ( 75.00000000000000000, 14.99999999999999289, 0.000000000000000000 ) ) ;
#794 = ORIENTED_EDGE ( 'NONE', *, *, #1183, .T. ) ;
#795 = FACE_OUTER_BOUND ( 'NONE', #1530, .T. ) ;
#796 = CARTESIAN_POINT ( 'NONE',  ( 98.45872804232040210, 39.46095848325891353, 0.000000000000000000 ) ) ;
#797 = CARTESIAN_POINT ( 'NONE',  ( -102.3106079443962528, 36.27300910787914745, 0.000000000000000000 ) ) ;
#798 = ORIENTED_EDGE ( 'NONE', *, *, #1848, .F. ) ;
#799 = DIRECTION ( 'NONE',  ( 1.000000000000000000, 0.000000000000000000, 0.000000000000000000 ) ) ;
#800 = ADVANCED_FACE ( 'NONE', ( #34 ), #1466, .F. ) ;
#801 = CARTESIAN_POINT ( 'NONE',  ( 80.00000000000000000, -25.00000000000000000, 4.000000000000000000 ) ) ;
#802 = ORIENTED_EDGE ( 'NONE', *, *, #961, .F. ) ;
#803 = EDGE_CURVE ( 'NONE', #1875, #540, #1140, .T. ) ;
#804 = DIRECTION ( 'NONE',  ( 0.000000000000000000, 0.000000000000000000, -1.000000000000000000 ) ) ;
#805 = ADVANCED_FACE ( 'NONE', ( #1622, #1126, #1777 ), #1918, .F. ) ;
#806 = ORIENTED_EDGE ( 'NONE', *, *, #92, .T. ) ;
#807 = DIRECTION ( 'NONE',  ( 0.000000000000000000, 0.000000000000000000, 1.000000000000000000 ) ) ;
#808 = DIRECTION ( 'NONE',  ( 1.000000000000000000, 0.000000000000000000, 0.000000000000000000 ) ) ;
#809 = CARTESIAN_POINT ( 'NONE',  ( 102.3106079443962528, 36.27300910787915456, 7.500000000000000000 ) ) ;
#810 = VERTEX_POINT ( 'NONE', #351 ) ;
#811 = CARTESIAN_POINT ( 'NONE',  ( -5.000000000000001776, -20.99999999999999289, 6.699999999999976197 ) ) ;
#812 = EDGE_CURVE ( 'NONE', #1701, #362, #382, .T. ) ;
#813 = DIRECTION ( 'NONE',  ( 0.000000000000000000, 0.000000000000000000, 1.000000000000000000 ) ) ;
#814 = VERTEX_POINT ( 'NONE', #1759 ) ;
#815 = CARTESIAN_POINT ( 'NONE',  ( 52.50000000000000711, -15.00000000000000000, 13.39999999999994884 ) ) ;
#816 = ORIENTED_EDGE ( 'NONE', *, *, #130, .F. ) ;
#817 = DIRECTION ( 'NONE',  ( 1.000000000000000000, 0.000000000000000000, 0.000000000000000000 ) ) ;
#818 = CARTESIAN_POINT ( 'NONE',  ( 47.50000000000000711, 0.000000000000000000, 6.400000000019104185 ) ) ;
#819 = EDGE_LOOP ( 'NONE', ( #1462, #1156, #1376, #140, #267 ) ) ;
#820 = DIRECTION ( 'NONE',  ( -1.000000000000000000, 0.000000000000000000, 0.000000000000000000 ) ) ;
#821 = AXIS2_PLACEMENT_3D ( 'NONE', #558, #715, #1504 ) ;
#822 = CARTESIAN_POINT ( 'NONE',  ( -107.1934133198063535, 37.34921153580162922, 7.500000000000000000 ) ) ;
#823 = CIRCLE ( 'NONE', #1647, 10.00000000000000000 ) ;
#824 = CIRCLE ( 'NONE', #1093, 3.000000000000002665 ) ;
#825 = CIRCLE ( 'NONE', #631, 50.27925774317498764 ) ;
#826 = CIRCLE ( 'NONE', #1421, 2.000000000000001776 ) ;
#827 = CARTESIAN_POINT ( 'NONE',  ( 85.99886372760627751, 32.24820249848098541, 0.000000000000000000 ) ) ;
#828 = VERTEX_POINT ( 'NONE', #1744 ) ;
#829 =( GEOMETRIC_REPRESENTATION_CONTEXT ( 3 ) GLOBAL_UNCERTAINTY_ASSIGNED_CONTEXT ( ( #357 ) ) GLOBAL_UNIT_ASSIGNED_CONTEXT ( ( #459, #1627, #851 ) ) REPRESENTATION_CONTEXT ( 'NONE', 'WORKASPACE' ) );
#830 = AXIS2_PLACEMENT_3D ( 'NONE', #774, #1580, #1409 ) ;
#831 = CARTESIAN_POINT ( 'NONE',  ( 44.50000000007050005, 0.000000000000000000, 23.39999999999994884 ) ) ;
#832 = EDGE_CURVE ( 'NONE', #1682, #1701, #729, .T. ) ;
#833 = CARTESIAN_POINT ( 'NONE',  ( -75.00000000000000000, -15.00000000000000711, 4.000000000000000000 ) ) ;
#834 = ORIENTED_EDGE ( 'NONE', *, *, #485, .F. ) ;
#835 = CARTESIAN_POINT ( 'NONE',  ( 94.60684814024456557, 42.64890785863867251, 0.000000000000000000 ) ) ;
#836 = PLANE ( 'NONE',  #1423 ) ;
#837 = VERTEX_POINT ( 'NONE', #360 ) ;
#838 = CARTESIAN_POINT ( 'NONE',  ( -73.00000000000000000, -15.00000000000000711, 4.000000000000000000 ) ) ;
#839 = EDGE_LOOP ( 'NONE', ( #1013, #903, #1661, #1431, #845, #576, #289 ) ) ;
#840 = CARTESIAN_POINT ( 'NONE',  ( 27.50000000000000000, -9.999999999999998224, 6.400000000019104185 ) ) ;
#841 = CARTESIAN_POINT ( 'NONE',  ( -77.00000000000000000, 14.99999999999999289, 4.000000000000000000 ) ) ;
#842 = ORIENTED_EDGE ( 'NONE', *, *, #1623, .F. ) ;
#843 = FACE_OUTER_BOUND ( 'NONE', #507, .T. ) ;
#844 = ADVANCED_FACE ( 'NONE', ( #647 ), #1902, .F. ) ;
#845 = ORIENTED_EDGE ( 'NONE', *, *, #255, .T. ) ;
#846 = FACE_OUTER_BOUND ( 'NONE', #1122, .T. ) ;
#847 = ORIENTED_EDGE ( 'NONE', *, *, #145, .F. ) ;
#848 = EDGE_CURVE ( 'NONE', #747, #741, #516, .T. ) ;
#849 = DIRECTION ( 'NONE',  ( 0.000000000000000000, 0.000000000000000000, 1.000000000000000000 ) ) ;
#850 = CARTESIAN_POINT ( 'NONE',  ( 47.50000000000000711, 0.000000000000000000, 4.000000000000000000 ) ) ;
#851 =( NAMED_UNIT ( * ) SI_UNIT ( $, .STERADIAN. ) SOLID_ANGLE_UNIT ( ) );
#852 = CARTESIAN_POINT ( 'NONE',  ( 100.8208862673108257, 2.744996978003559462, 7.500000000000000000 ) ) ;
#853 = LINE ( 'NONE', #838, #1778 ) ;
#854 = AXIS2_PLACEMENT_3D ( 'NONE', #1202, #581, #1210 ) ;
#855 = EDGE_LOOP ( 'NONE', ( #355, #609 ) ) ;
#856 = VECTOR ( 'NONE', #361, 1000.000000000000000 ) ;
#857 = AXIS2_PLACEMENT_3D ( 'NONE', #1960, #1131, #1762 ) ;
#858 = PLANE ( 'NONE',  #1328 ) ;
#859 = AXIS2_PLACEMENT_3D ( 'NONE', #106, #911, #2000 ) ;
#860 = VECTOR ( 'NONE', #1402, 1000.000000000000000 ) ;
#861 = DIRECTION ( 'NONE',  ( 1.000000000000000000, -2.081668171172169697E-15, 0.000000000000000000 ) ) ;
#862 = PLANE ( 'NONE',  #1514 ) ;
#863 = PLANE ( 'NONE',  #1812 ) ;
#864 = EDGE_CURVE ( 'NONE', #1645, #1309, #1197, .T. ) ;
#865 = LINE ( 'NONE', #1346, #1418 ) ;
#866 = ORIENTED_EDGE ( 'NONE', *, *, #285, .T. ) ;
#867 = EDGE_CURVE ( 'NONE', #1844, #627, #926, .T. ) ;
#868 = ADVANCED_FACE ( 'NONE', ( #772 ), #635, .T. ) ;
#869 = CARTESIAN_POINT ( 'NONE',  ( 80.00000000000000000, 0.000000000000000000, 0.000000000000000000 ) ) ;
#870 = DIRECTION ( 'NONE',  ( -0.000000000000000000, -0.000000000000000000, 1.000000000000000000 ) ) ;
#871 = CARTESIAN_POINT ( 'NONE',  ( 47.50000000007050005, 0.000000000000000000, 20.39999999999994884 ) ) ;
#872 = ADVANCED_FACE ( 'NONE', ( #1588 ), #1124, .F. ) ;
#873 = DIRECTION ( 'NONE',  ( -0.000000000000000000, -0.000000000000000000, -1.000000000000000000 ) ) ;
#874 = CARTESIAN_POINT ( 'NONE',  ( -47.50000000000000711, -14.49999999999999289, 20.39999999999994529 ) ) ;
#875 = EDGE_LOOP ( 'NONE', ( #842, #462 ) ) ;
#876 = ORIENTED_EDGE ( 'NONE', *, *, #1337, .F. ) ;
#877 = CARTESIAN_POINT ( 'NONE',  ( 62.97545269921549504, 27.60328211225517592, 10.00000000000000000 ) ) ;
#878 = LINE ( 'NONE', #1033, #996 ) ;
#879 = CYLINDRICAL_SURFACE ( 'NONE', #1740, 10.00000000000000000 ) ;
#880 = DIRECTION ( 'NONE',  ( 0.000000000000000000, 0.000000000000000000, -1.000000000000000000 ) ) ;
#881 = ORIENTED_EDGE ( 'NONE', *, *, #1668, .F. ) ;
#882 = VECTOR ( 'NONE', #19, 1000.000000000000000 ) ;
#883 = CIRCLE ( 'NONE', #1545, 45.27925774317498053 ) ;
#884 = ORIENTED_EDGE ( 'NONE', *, *, #273, .F. ) ;
#885 = CIRCLE ( 'NONE', #1879, 3.000000000000002665 ) ;
#886 = EDGE_CURVE ( 'NONE', #1288, #315, #281, .T. ) ;
#887 = CIRCLE ( 'NONE', #923, 50.27925774317498764 ) ;
#888 = AXIS2_PLACEMENT_3D ( 'NONE', #1298, #813, #1120 ) ;
#889 = AXIS2_PLACEMENT_3D ( 'NONE', #1697, #473, #1096 ) ;
#890 = FACE_OUTER_BOUND ( 'NONE', #1525, .T. ) ;
#891 = EDGE_CURVE ( 'NONE', #1851, #828, #1103, .T. ) ;
#892 = PLANE ( 'NONE',  #1488 ) ;
#893 = CARTESIAN_POINT ( 'NONE',  ( 4.999999999999998224, -20.99999999999999289, 6.699999999999976197 ) ) ;
#894 = LINE ( 'NONE', #2002, #2011 ) ;
#895 = ORIENTED_EDGE ( 'NONE', *, *, #685, .T. ) ;
#896 = ORIENTED_EDGE ( 'NONE', *, *, #685, .F. ) ;
#897 = EDGE_CURVE ( 'NONE', #1444, #708, #1684, .T. ) ;
#898 = DIRECTION ( 'NONE',  ( -1.000000000000000000, 0.000000000000000000, -0.000000000000000000 ) ) ;
#899 = DIRECTION ( 'NONE',  ( 0.000000000000000000, -1.000000000000000000, -8.673617379884037444E-16 ) ) ;
#900 = CARTESIAN_POINT ( 'NONE',  ( -100.8208862673108115, 2.744996978003542143, 7.500000000000000000 ) ) ;
#901 = CARTESIAN_POINT ( 'NONE',  ( -105.0000000000000000, -1.734723475976807094E-14, 10.00000000000000000 ) ) ;
#902 = DIRECTION ( 'NONE',  ( 1.000000000000000000, 0.000000000000000000, 0.000000000000000000 ) ) ;
#903 = ORIENTED_EDGE ( 'NONE', *, *, #1528, .T. ) ;
#904 = DIRECTION ( 'NONE',  ( -1.000000000000000000, 0.000000000000000000, 0.000000000000000000 ) ) ;
#905 = LINE ( 'NONE', #264, #1852 ) ;
#906 = EDGE_CURVE ( 'NONE', #1761, #489, #1954, .T. ) ;
#907 = VERTEX_POINT ( 'NONE', #765 ) ;
#908 = EDGE_CURVE ( 'NONE', #1221, #65, #192, .T. ) ;
#909 = CARTESIAN_POINT ( 'NONE',  ( -47.49999999992839861, 0.000000000000000000, 23.39999999999994884 ) ) ;
#910 = CYLINDRICAL_SURFACE ( 'NONE', #219, 45.27925774317498053 ) ;
#911 = DIRECTION ( 'NONE',  ( 0.7703759804151695256, 0.6375898750759507738, -0.000000000000000000 ) ) ;
#912 = ORIENTED_EDGE ( 'NONE', *, *, #1016, .F. ) ;
#913 = PLANE ( 'NONE',  #345 ) ;
#914 = ORIENTED_EDGE ( 'NONE', *, *, #653, .T. ) ;
#915 = DIRECTION ( 'NONE',  ( -0.000000000000000000, -0.000000000000000000, -1.000000000000000000 ) ) ;
#916 = CARTESIAN_POINT ( 'NONE',  ( 80.00000000000000000, -22.14142842856161408, 20.39999999998080682 ) ) ;
#917 = VERTEX_POINT ( 'NONE', #2 ) ;
#918 = AXIS2_PLACEMENT_3D ( 'NONE', #985, #356, #1301 ) ;
#919 = AXIS2_PLACEMENT_3D ( 'NONE', #64, #1948, #1320 ) ;
#920 = VECTOR ( 'NONE', #1153, 1000.000000000000000 ) ;
#921 = DIRECTION ( 'NONE',  ( 0.000000000000000000, 0.000000000000000000, -1.000000000000000000 ) ) ;
#922 = MECHANICAL_DESIGN_GEOMETRIC_PRESENTATION_REPRESENTATION (  '', ( #1816 ), #699 ) ;
#923 = AXIS2_PLACEMENT_3D ( 'NONE', #877, #567, #1527 ) ;
#924 = ORIENTED_EDGE ( 'NONE', *, *, #550, .T. ) ;
#925 = LINE ( 'NONE', #770, #431 ) ;
#926 = CIRCLE ( 'NONE', #1517, 2.549999999999999378 ) ;
#927 = LINE ( 'NONE', #39, #313 ) ;
#928 = EDGE_CURVE ( 'NONE', #1844, #552, #1861, .T. ) ;
#929 = ORIENTED_EDGE ( 'NONE', *, *, #2008, .F. ) ;
#930 = CYLINDRICAL_SURFACE ( 'NONE', #597, 3.000000000000002665 ) ;
#931 = ORIENTED_EDGE ( 'NONE', *, *, #1266, .T. ) ;
#932 = EDGE_CURVE ( 'NONE', #321, #1188, #615, .T. ) ;
#933 = UNCERTAINTY_MEASURE_WITH_UNIT (LENGTH_MEASURE( 1.000000000000000082E-05 ), #1438, 'distance_accuracy_value', 'NONE');
#934 = CARTESIAN_POINT ( 'NONE',  ( 102.3106079443962528, 36.27300910787915456, 10.00000000000000000 ) ) ;
#935 = VERTEX_POINT ( 'NONE', #488 ) ;
#936 = CARTESIAN_POINT ( 'NONE',  ( -77.00000000000000000, 14.99999999999999289, 0.000000000000000000 ) ) ;
#937 = EDGE_CURVE ( 'NONE', #1278, #713, #178, .T. ) ;
#938 = VERTEX_POINT ( 'NONE', #1565 ) ;
#939 = DIRECTION ( 'NONE',  ( -0.000000000000000000, -0.000000000000000000, -1.000000000000000000 ) ) ;
#940 = ORIENTED_EDGE ( 'NONE', *, *, #1600, .F. ) ;
#941 = CARTESIAN_POINT ( 'NONE',  ( -75.00000000000000000, -15.00000000000000711, 0.000000000000000000 ) ) ;
#942 = CARTESIAN_POINT ( 'NONE',  ( 77.00000000000000000, -15.00000000000000711, 0.000000000000000000 ) ) ;
#943 = DIRECTION ( 'NONE',  ( 0.000000000000000000, 0.000000000000000000, -1.000000000000000000 ) ) ;
#944 = ORIENTED_EDGE ( 'NONE', *, *, #1943, .T. ) ;
#945 = DIRECTION ( 'NONE',  ( -0.000000000000000000, -0.000000000000000000, 1.000000000000000000 ) ) ;
#946 = DIRECTION ( 'NONE',  ( -1.000000000000000000, 8.673617379884035472E-17, 0.000000000000000000 ) ) ;
#947 = VERTEX_POINT ( 'NONE', #1868 ) ;
#948 = CARTESIAN_POINT ( 'NONE',  ( 102.3106079443962528, 36.27300910787915456, 10.00000000000000000 ) ) ;
#949 = PRODUCT_DEFINITION_SHAPE ( 'NONE', 'NONE',  #1988 ) ;
#950 = ORIENTED_EDGE ( 'NONE', *, *, #1366, .F. ) ;
#951 = EDGE_CURVE ( 'NONE', #1540, #716, #376, .T. ) ;
#952 = FACE_OUTER_BOUND ( 'NONE', #1193, .T. ) ;
#953 = AXIS2_PLACEMENT_3D ( 'NONE', #418, #108, #1070 ) ;
#954 = FACE_OUTER_BOUND ( 'NONE', #1267, .T. ) ;
#955 = CIRCLE ( 'NONE', #1779, 5.000000000000004441 ) ;
#956 = ORIENTED_EDGE ( 'NONE', *, *, #867, .F. ) ;
#957 = CARTESIAN_POINT ( 'NONE',  ( -75.00000000000000000, -15.00000000000000711, 4.000000000000000000 ) ) ;
#958 = EDGE_CURVE ( 'NONE', #736, #1111, #1235, .T. ) ;
#959 = AXIS2_PLACEMENT_3D ( 'NONE', #797, #1434, #1603 ) ;
#960 = AXIS2_PLACEMENT_3D ( 'NONE', #1427, #1412, #16 ) ;
#961 = EDGE_CURVE ( 'NONE', #1829, #1875, #342, .T. ) ;
#962 = CARTESIAN_POINT ( 'NONE',  ( 80.00000000000000000, -15.00000000000000178, 13.39999999999994884 ) ) ;
#963 = CIRCLE ( 'NONE', #1165, 10.00000000000000000 ) ;
#964 = AXIS2_PLACEMENT_3D ( 'NONE', #1392, #618, #1251 ) ;
#965 = ORIENTED_EDGE ( 'NONE', *, *, #1533, .T. ) ;
#966 = DIRECTION ( 'NONE',  ( 0.000000000000000000, 0.000000000000000000, -1.000000000000000000 ) ) ;
#967 = ORIENTED_EDGE ( 'NONE', *, *, #864, .F. ) ;
#968 = ADVANCED_FACE ( 'NONE', ( #1090 ), #930, .F. ) ;
#969 = DIRECTION ( 'NONE',  ( 1.000000000000000000, 0.000000000000000000, 0.000000000000000000 ) ) ;
#970 = DIRECTION ( 'NONE',  ( -1.000000000000000000, -8.673617379884035472E-17, 0.000000000000000000 ) ) ;
#971 = CARTESIAN_POINT ( 'NONE',  ( -80.00000000000000000, 0.000000000000000000, 10.00000000000000000 ) ) ;
#972 = ORIENTED_EDGE ( 'NONE', *, *, #1452, .T. ) ;
#973 = CYLINDRICAL_SURFACE ( 'NONE', #857, 20.00000000000000355 ) ;
#974 = FILL_AREA_STYLE ('',( #1236 ) ) ;
#975 = EDGE_LOOP ( 'NONE', ( #1144, #1180, #1912, #40 ) ) ;
#976 = PLANE ( 'NONE',  #1092 ) ;
#977 = ORIENTED_EDGE ( 'NONE', *, *, #397, .T. ) ;
#978 = PRODUCT_RELATED_PRODUCT_CATEGORY ( 'part', '', ( #1272 ) ) ;
#979 = DIRECTION ( 'NONE',  ( -0.000000000000000000, -0.000000000000000000, -1.000000000000000000 ) ) ;
#980 = PLANE ( 'NONE',  #599 ) ;
#981 = ORIENTED_EDGE ( 'NONE', *, *, #1051, .F. ) ;
#982 = DIRECTION ( 'NONE',  ( 0.000000000000000000, 0.000000000000000000, 1.000000000000000000 ) ) ;
#983 = CARTESIAN_POINT ( 'NONE',  ( -2.450000000000002398, -20.99999999999999289, 6.699999999999976197 ) ) ;
#984 = CARTESIAN_POINT ( 'NONE',  ( -47.50000000000000711, -14.49999999999999289, 4.000000000000000000 ) ) ;
#985 = CARTESIAN_POINT ( 'NONE',  ( 47.50000000000000711, -14.49999999999999822, 4.000000000000000000 ) ) ;
#986 = ORIENTED_EDGE ( 'NONE', *, *, #1943, .F. ) ;
#987 = DIRECTION ( 'NONE',  ( 0.000000000000000000, 0.000000000000000000, 1.000000000000000000 ) ) ;
#988 = DIRECTION ( 'NONE',  ( 0.000000000000000000, 0.000000000000000000, 1.000000000000000000 ) ) ;
#989 = VERTEX_POINT ( 'NONE', #11 ) ;
#990 = CARTESIAN_POINT ( 'NONE',  ( -50.49999999992839861, 0.000000000000000000, 23.39999999999994884 ) ) ;
#991 = VECTOR ( 'NONE', #1730, 1000.000000000000000 ) ;
#992 = CLOSED_SHELL ( 'NONE', ( #223, #1112, #1968, #327, #1448, #968, #800, #1506, #1455, #152, #1516, #703, #634, #1757, #528, #1898, #1878, #320, #343, #509, #608, #1123, #364, #1213, #1575, #1087, #439, #844, #1841, #595, #805, #262, #225, #720, #1795, #170, #450, #1383, #1030, #1390, #1598, #654, #1115, #637, #1204, #868, #1413, #1742, #1910, #1727, #240, #184, #1871, #1482, #717, #302, #1387, #872, #1722, #389, #1405, #89, #1238, #442, #444 ) ) ;
#993 = CARTESIAN_POINT ( 'NONE',  ( 52.50000000000000711, -13.61065758881619914, 20.39999999998080682 ) ) ;
#994 = ORIENTED_EDGE ( 'NONE', *, *, #803, .T. ) ;
#995 = AXIS2_PLACEMENT_3D ( 'NONE', #676, #1484, #83 ) ;
#996 = VECTOR ( 'NONE', #288, 1000.000000000000000 ) ;
#997 = VECTOR ( 'NONE', #1291, 1000.000000000000000 ) ;
#998 = CARTESIAN_POINT ( 'NONE',  ( -5.000000000000001776, -24.99999999999999289, 6.699999999999976197 ) ) ;
#999 = VERTEX_POINT ( 'NONE', #1720 ) ;
#1000 = CARTESIAN_POINT ( 'NONE',  ( 80.00000000000000000, -25.00000000000000000, 0.000000000000000000 ) ) ;
#1001 = EDGE_CURVE ( 'NONE', #1719, #78, #181, .T. ) ;
#1002 = DIRECTION ( 'NONE',  ( -0.000000000000000000, -0.000000000000000000, -1.000000000000000000 ) ) ;
#1003 = EDGE_LOOP ( 'NONE', ( #308, #956, #1160, #1255 ) ) ;
#1004 = CARTESIAN_POINT ( 'NONE',  ( 105.0000000000000000, -1.734723475976807094E-14, 0.000000000000000000 ) ) ;
#1005 = DIRECTION ( 'NONE',  ( -0.000000000000000000, -0.000000000000000000, -1.000000000000000000 ) ) ;
#1006 = EDGE_CURVE ( 'NONE', #935, #1302, #781, .T. ) ;
#1007 = DIRECTION ( 'NONE',  ( 0.000000000000000000, 0.000000000000000000, -1.000000000000000000 ) ) ;
#1008 = VERTEX_POINT ( 'NONE', #1113 ) ;
#1009 = DIRECTION ( 'NONE',  ( -0.000000000000000000, -0.000000000000000000, -1.000000000000000000 ) ) ;
#1010 = FACE_OUTER_BOUND ( 'NONE', #2009, .T. ) ;
#1011 = DIRECTION ( 'NONE',  ( -1.000000000000000000, 0.000000000000000000, 0.000000000000000000 ) ) ;
#1012 = CARTESIAN_POINT ( 'NONE',  ( -80.00000000000000000, 24.99999999999998579, 10.00000000000000000 ) ) ;
#1013 = ORIENTED_EDGE ( 'NONE', *, *, #1686, .F. ) ;
#1014 = CARTESIAN_POINT ( 'NONE',  ( 83.85187990207585074, 21.81205062462024813, 7.500000000000000000 ) ) ;
#1015 = DIRECTION ( 'NONE',  ( -1.000000000000000000, 0.000000000000000000, 0.000000000000000000 ) ) ;
#1016 = EDGE_CURVE ( 'NONE', #36, #221, #1511, .T. ) ;
#1017 = DIRECTION ( 'NONE',  ( -8.673617379884035472E-17, -1.000000000000000000, -0.000000000000000000 ) ) ;
#1018 = ORIENTED_EDGE ( 'NONE', *, *, #592, .F. ) ;
#1019 = EDGE_CURVE ( 'NONE', #1862, #321, #404, .T. ) ;
#1020 = ORIENTED_EDGE ( 'NONE', *, *, #1452, .F. ) ;
#1021 = CIRCLE ( 'NONE', #1846, 2.549999999999999378 ) ;
#1022 = EDGE_CURVE ( 'NONE', #489, #814, #1608, .T. ) ;
#1023 = CARTESIAN_POINT ( 'NONE',  ( -73.00000000000000000, 14.99999999999999289, 0.000000000000000000 ) ) ;
#1024 = CIRCLE ( 'NONE', #139, 3.000000000000002665 ) ;
#1025 = CIRCLE ( 'NONE', #1192, 50.27925774317498764 ) ;
#1026 = ORIENTED_EDGE ( 'NONE', *, *, #300, .T. ) ;
#1027 = VECTOR ( 'NONE', #526, 999.9999999999998863 ) ;
#1028 = VECTOR ( 'NONE', #1067, 1000.000000000000000 ) ;
#1029 = CIRCLE ( 'NONE', #672, 2.000000000000001776 ) ;
#1030 = ADVANCED_FACE ( 'NONE', ( #1138 ), #976, .T. ) ;
#1031 = CARTESIAN_POINT ( 'NONE',  ( 94.60684814024456557, 42.64890785863867251, 10.00000000000000000 ) ) ;
#1032 = DIRECTION ( 'NONE',  ( 1.000000000000000000, 0.000000000000000000, -0.000000000000000000 ) ) ;
#1033 = CARTESIAN_POINT ( 'NONE',  ( -62.00000000000000000, 0.000000000000000000, 4.000000000000000000 ) ) ;
#1034 = ORIENTED_EDGE ( 'NONE', *, *, #1901, .F. ) ;
#1035 = CARTESIAN_POINT ( 'NONE',  ( -5.000000000000001776, -20.99999999999999289, 6.699999999999976197 ) ) ;
#1036 = CARTESIAN_POINT ( 'NONE',  ( 2.449999999999998401, -20.99999999999999289, 6.699999999999976197 ) ) ;
#1037 = EDGE_LOOP ( 'NONE', ( #1619, #1206, #146, #965 ) ) ;
#1038 = LINE ( 'NONE', #1958, #280 ) ;
#1039 = CARTESIAN_POINT ( 'NONE',  ( 80.00000000000000000, 25.00000000000000000, 10.00000000000000000 ) ) ;
#1040 = ORIENTED_EDGE ( 'NONE', *, *, #130, .T. ) ;
#1041 = ADVANCED_BREP_SHAPE_REPRESENTATION ( '2. Head Back', ( #1670, #1360 ), #829 ) ;
#1042 = EDGE_CURVE ( 'NONE', #1931, #999, #61, .T. ) ;
#1043 = DIRECTION ( 'NONE',  ( 1.000000000000000000, 0.000000000000000000, 0.000000000000000000 ) ) ;
#1044 = CARTESIAN_POINT ( 'NONE',  ( 47.50000000000000711, -14.49999999999999822, 6.400000000019104185 ) ) ;
#1045 = PLANE ( 'NONE',  #215 ) ;
#1046 = VERTEX_POINT ( 'NONE', #375 ) ;
#1047 = DIRECTION ( 'NONE',  ( -1.000000000000000000, 0.000000000000000000, 0.000000000000000000 ) ) ;
#1048 = CARTESIAN_POINT ( 'NONE',  ( -47.49999999992839861, 0.000000000000000000, 20.39999999999994884 ) ) ;
#1049 = ORIENTED_EDGE ( 'NONE', *, *, #812, .F. ) ;
#1050 = ORIENTED_EDGE ( 'NONE', *, *, #510, .T. ) ;
#1051 = EDGE_CURVE ( 'NONE', #1234, #1309, #853, .T. ) ;
#1052 = DIRECTION ( 'NONE',  ( -1.000000000000000000, 0.000000000000000000, 0.000000000000000000 ) ) ;
#1053 = DIRECTION ( 'NONE',  ( -0.000000000000000000, -0.000000000000000000, -1.000000000000000000 ) ) ;
#1054 = FACE_BOUND ( 'NONE', #661, .T. ) ;
#1055 = ORIENTED_EDGE ( 'NONE', *, *, #210, .T. ) ;
#1056 = LINE ( 'NONE', #126, #51 ) ;
#1057 = LINE ( 'NONE', #1354, #1323 ) ;
#1058 = ORIENTED_EDGE ( 'NONE', *, *, #52, .F. ) ;
#1059 = AXIS2_PLACEMENT_3D ( 'NONE', #1820, #1191, #902 ) ;
#1060 = ORIENTED_EDGE ( 'NONE', *, *, #572, .T. ) ;
#1061 = TOROIDAL_SURFACE ( 'NONE', #919, 15.00000000000000178, 10.00000000000000000 ) ;
#1062 = CIRCLE ( 'NONE', #1880, 2.000000000000001776 ) ;
#1063 = CIRCLE ( 'NONE', #248, 9.999999999999994671 ) ;
#1064 = FACE_OUTER_BOUND ( 'NONE', #1479, .T. ) ;
#1065 = VECTOR ( 'NONE', #305, 1000.000000000000000 ) ;
#1066 = CARTESIAN_POINT ( 'NONE',  ( 27.49999999999999645, -14.99999999999999645, 13.39999999999994884 ) ) ;
#1067 = DIRECTION ( 'NONE',  ( -8.673617379884035472E-17, -1.000000000000000000, -0.000000000000000000 ) ) ;
#1068 = EDGE_LOOP ( 'NONE', ( #1290, #1071, #1368, #1717 ) ) ;
#1069 = DIRECTION ( 'NONE',  ( 0.000000000000000000, 0.000000000000000000, 1.000000000000000000 ) ) ;
#1070 = DIRECTION ( 'NONE',  ( -1.000000000000000000, 0.000000000000000000, 0.000000000000000000 ) ) ;
#1071 = ORIENTED_EDGE ( 'NONE', *, *, #1639, .T. ) ;
#1072 = EDGE_CURVE ( 'NONE', #1008, #552, #1021, .T. ) ;
#1073 = EDGE_LOOP ( 'NONE', ( #1020, #449, #1435, #1867 ) ) ;
#1074 = LINE ( 'NONE', #1863, #1680 ) ;
#1075 = CARTESIAN_POINT ( 'NONE',  ( -112.0762186952164541, 38.42541396372407547, 0.000000000000000000 ) ) ;
#1076 = LINE ( 'NONE', #555, #1028 ) ;
#1077 = VERTEX_POINT ( 'NONE', #1629 ) ;
#1078 = DIRECTION ( 'NONE',  ( 0.000000000000000000, 0.000000000000000000, -1.000000000000000000 ) ) ;
#1079 = VERTEX_POINT ( 'NONE', #521 ) ;
#1080 = DIRECTION ( 'NONE',  ( -1.000000000000000000, 8.673617379884035472E-17, 0.000000000000000000 ) ) ;
#1081 = ORIENTED_EDGE ( 'NONE', *, *, #175, .T. ) ;
#1082 = LINE ( 'NONE', #359, #1617 ) ;
#1083 = CARTESIAN_POINT ( 'NONE',  ( -80.00000000000000000, 24.99999999999998579, 0.000000000000000000 ) ) ;
#1084 = EDGE_CURVE ( 'NONE', #1756, #1384, #1190, .T. ) ;
#1085 = VERTEX_POINT ( 'NONE', #366 ) ;
#1086 = LINE ( 'NONE', #1404, #1917 ) ;
#1087 = ADVANCED_FACE ( 'NONE', ( #846 ), #1599, .F. ) ;
#1088 = ORIENTED_EDGE ( 'NONE', *, *, #812, .T. ) ;
#1089 = EDGE_CURVE ( 'NONE', #1890, #1085, #1173, .T. ) ;
#1090 = FACE_OUTER_BOUND ( 'NONE', #1792, .T. ) ;
#1091 = ORIENTED_EDGE ( 'NONE', *, *, #596, .T. ) ;
#1092 = AXIS2_PLACEMENT_3D ( 'NONE', #1012, #1480, #395 ) ;
#1093 = AXIS2_PLACEMENT_3D ( 'NONE', #1164, #1788, #386 ) ;
#1094 = AXIS2_PLACEMENT_3D ( 'NONE', #1791, #1009, #256 ) ;
#1095 = VECTOR ( 'NONE', #1925, 1000.000000000000000 ) ;
#1096 = DIRECTION ( 'NONE',  ( 1.000000000000000000, 0.000000000000000000, 0.000000000000000000 ) ) ;
#1097 = EDGE_CURVE ( 'NONE', #947, #810, #1739, .T. ) ;
#1098 = AXIS2_PLACEMENT_3D ( 'NONE', #1374, #252, #557 ) ;
#1099 = ORIENTED_EDGE ( 'NONE', *, *, #1808, .T. ) ;
#1100 = DIRECTION ( 'NONE',  ( -1.000000000000000000, 0.000000000000000000, -0.000000000000000000 ) ) ;
#1101 = CIRCLE ( 'NONE', #605, 45.27925774317498053 ) ;
#1102 = ORIENTED_EDGE ( 'NONE', *, *, #1370, .T. ) ;
#1103 = LINE ( 'NONE', #1256, #1228 ) ;
#1104 = EDGE_LOOP ( 'NONE', ( #1498, #1142 ) ) ;
#1105 = PLANE ( 'NONE',  #1618 ) ;
#1106 = DIRECTION ( 'NONE',  ( -1.000000000000000000, 0.000000000000000000, 0.000000000000000000 ) ) ;
#1107 = LINE ( 'NONE', #370, #115 ) ;
#1108 = VERTEX_POINT ( 'NONE', #1773 ) ;
#1109 = DIRECTION ( 'NONE',  ( 0.000000000000000000, 0.000000000000000000, -1.000000000000000000 ) ) ;
#1110 = PLANE ( 'NONE',  #1581 ) ;
#1111 = VERTEX_POINT ( 'NONE', #1620 ) ;
#1112 = ADVANCED_FACE ( 'NONE', ( #233 ), #1289, .F. ) ;
#1113 = CARTESIAN_POINT ( 'NONE',  ( -7.550000000000000711, -24.99999999999999289, 6.699999999999976197 ) ) ;
#1114 = ORIENTED_EDGE ( 'NONE', *, *, #93, .T. ) ;
#1115 = ADVANCED_FACE ( 'NONE', ( #500 ), #70, .T. ) ;
#1116 = CYLINDRICAL_SURFACE ( 'NONE', #964, 3.000000000000002665 ) ;
#1117 = CARTESIAN_POINT ( 'NONE',  ( 52.50000000000000711, -9.999999999999998224, 6.400000000019104185 ) ) ;
#1118 = VERTEX_POINT ( 'NONE', #687 ) ;
#1119 = CARTESIAN_POINT ( 'NONE',  ( 47.50000000000000711, 0.000000000000000000, 0.000000000000000000 ) ) ;
#1120 = DIRECTION ( 'NONE',  ( 1.000000000000000000, 0.000000000000000000, 0.000000000000000000 ) ) ;
#1121 = SURFACE_STYLE_USAGE ( .BOTH. , #1908 ) ;
#1122 = EDGE_LOOP ( 'NONE', ( #1319, #1865, #392, #1597 ) ) ;
#1123 = ADVANCED_FACE ( 'NONE', ( #1755 ), #211, .T. ) ;
#1124 = PLANE ( 'NONE',  #1166 ) ;
#1125 = ORIENTED_EDGE ( 'NONE', *, *, #1303, .T. ) ;
#1126 = FACE_BOUND ( 'NONE', #2003, .T. ) ;
#1127 = CARTESIAN_POINT ( 'NONE',  ( -80.00000000000000000, 24.99999999999998579, 10.00000000000000000 ) ) ;
#1128 = FACE_OUTER_BOUND ( 'NONE', #1997, .T. ) ;
#1129 = VECTOR ( 'NONE', #1005, 1000.000000000000000 ) ;
#1130 = VERTEX_POINT ( 'NONE', #827 ) ;
#1131 = DIRECTION ( 'NONE',  ( 0.000000000000000000, 0.000000000000000000, -1.000000000000000000 ) ) ;
#1132 = CIRCLE ( 'NONE', #179, 2.000000000000001776 ) ;
#1133 = AXIS2_PLACEMENT_3D ( 'NONE', #704, #1334, #208 ) ;
#1134 = LINE ( 'NONE', #1428, #21 ) ;
#1135 = VECTOR ( 'NONE', #722, 1000.000000000000000 ) ;
#1136 = AXIS2_PLACEMENT_3D ( 'NONE', #941, #1552, #1567 ) ;
#1137 = ORIENTED_EDGE ( 'NONE', *, *, #397, .F. ) ;
#1138 = FACE_OUTER_BOUND ( 'NONE', #42, .T. ) ;
#1139 = ORIENTED_EDGE ( 'NONE', *, *, #347, .T. ) ;
#1140 = LINE ( 'NONE', #681, #503 ) ;
#1141 = CARTESIAN_POINT ( 'NONE',  ( -80.00000000000000000, 14.99999999999998757, 23.39999999999994884 ) ) ;
#1142 = ORIENTED_EDGE ( 'NONE', *, *, #67, .T. ) ;
#1143 = LINE ( 'NONE', #1940, #499 ) ;
#1144 = ORIENTED_EDGE ( 'NONE', *, *, #906, .F. ) ;
#1145 = CARTESIAN_POINT ( 'NONE',  ( -102.3106079443962528, 36.27300910787915456, 7.500000000000000000 ) ) ;
#1146 = VERTEX_POINT ( 'NONE', #1789 ) ;
#1147 = CARTESIAN_POINT ( 'NONE',  ( 77.00000000000000000, -15.00000000000000711, 4.000000000000000000 ) ) ;
#1148 = CARTESIAN_POINT ( 'NONE',  ( -73.00000000000000000, -15.00000000000000711, 0.000000000000000000 ) ) ;
#1149 = VERTEX_POINT ( 'NONE', #387 ) ;
#1150 = LINE ( 'NONE', #1295, #116 ) ;
#1151 = EDGE_CURVE ( 'NONE', #1046, #1, #1454, .T. ) ;
#1152 = CARTESIAN_POINT ( 'NONE',  ( 83.85187990207585074, 21.81205062462024813, 7.500000000000000000 ) ) ;
#1153 = DIRECTION ( 'NONE',  ( -0.000000000000000000, -0.000000000000000000, -1.000000000000000000 ) ) ;
#1154 = DIRECTION ( 'NONE',  ( -8.673617379884035472E-17, -1.000000000000000000, 0.000000000000000000 ) ) ;
#1155 = EDGE_CURVE ( 'NONE', #708, #1900, #18, .T. ) ;
#1156 = ORIENTED_EDGE ( 'NONE', *, *, #1332, .T. ) ;
#1157 = CARTESIAN_POINT ( 'NONE',  ( 27.50000000000000000, -9.999999999999998224, 6.400000000019104185 ) ) ;
#1158 = LINE ( 'NONE', #1304, #1361 ) ;
#1159 = CARTESIAN_POINT ( 'NONE',  ( 80.00000000000000000, 0.000000000000000000, 13.39999999999994884 ) ) ;
#1160 = ORIENTED_EDGE ( 'NONE', *, *, #928, .T. ) ;
#1161 = DIRECTION ( 'NONE',  ( -1.000000000000000000, 0.000000000000000000, 0.000000000000000000 ) ) ;
#1162 = AXIS2_PLACEMENT_3D ( 'NONE', #203, #241, #77 ) ;
#1163 = VECTOR ( 'NONE', #527, 1000.000000000000000 ) ;
#1164 = CARTESIAN_POINT ( 'NONE',  ( -47.49999999992839861, 0.000000000000000000, 20.39999999999994884 ) ) ;
#1165 = AXIS2_PLACEMENT_3D ( 'NONE', #962, #190, #323 ) ;
#1166 = AXIS2_PLACEMENT_3D ( 'NONE', #1702, #1399, #1899 ) ;
#1167 = CARTESIAN_POINT ( 'NONE',  ( 27.50000000000000000, -24.99999999999999645, 6.400000000019104185 ) ) ;
#1168 = VERTEX_POINT ( 'NONE', #706 ) ;
#1169 = FACE_OUTER_BOUND ( 'NONE', #270, .T. ) ;
#1170 = EDGE_LOOP ( 'NONE', ( #1125, #1274, #619, #286 ) ) ;
#1171 = LINE ( 'NONE', #1793, #1027 ) ;
#1172 = VERTEX_POINT ( 'NONE', #1828 ) ;
#1173 = LINE ( 'NONE', #1490, #1385 ) ;
#1174 = EDGE_LOOP ( 'NONE', ( #1729, #1465, #1553, #1060, #691 ) ) ;
#1175 = EDGE_CURVE ( 'NONE', #1085, #1168, #260, .T. ) ;
#1176 = EDGE_CURVE ( 'NONE', #636, #1108, #1543, .T. ) ;
#1177 = EDGE_CURVE ( 'NONE', #1130, #1761, #894, .T. ) ;
#1178 = CYLINDRICAL_SURFACE ( 'NONE', #1782, 25.00000000000000000 ) ;
#1179 = ORIENTED_EDGE ( 'NONE', *, *, #1241, .T. ) ;
#1180 = ORIENTED_EDGE ( 'NONE', *, *, #1177, .F. ) ;
#1181 = CARTESIAN_POINT ( 'NONE',  ( -47.49999999992839861, 0.000000000000000000, 23.39999999999994884 ) ) ;
#1182 = ORIENTED_EDGE ( 'NONE', *, *, #1268, .F. ) ;
#1183 = EDGE_CURVE ( 'NONE', #935, #348, #1024, .T. ) ;
#1184 =( NAMED_UNIT ( * ) SI_UNIT ( $, .STERADIAN. ) SOLID_ANGLE_UNIT ( ) );
#1185 = DIRECTION ( 'NONE',  ( -0.000000000000000000, -0.000000000000000000, -1.000000000000000000 ) ) ;
#1186 = DIRECTION ( 'NONE',  ( 0.000000000000000000, -1.000000000000000000, 0.000000000000000000 ) ) ;
#1187 = FACE_OUTER_BOUND ( 'NONE', #1398, .T. ) ;
#1188 = VERTEX_POINT ( 'NONE', #253 ) ;
#1189 = CARTESIAN_POINT ( 'NONE',  ( 77.00000000000000000, 14.99999999999999289, 0.000000000000000000 ) ) ;
#1190 = CIRCLE ( 'NONE', #1642, 5.000000000000004441 ) ;
#1191 = DIRECTION ( 'NONE',  ( 0.000000000000000000, 0.000000000000000000, 1.000000000000000000 ) ) ;
#1192 = AXIS2_PLACEMENT_3D ( 'NONE', #1219, #107, #1510 ) ;
#1193 = EDGE_LOOP ( 'NONE', ( #1244, #1895, #1699, #1557, #1794, #1518 ) ) ;
#1194 = VECTOR ( 'NONE', #536, 1000.000000000000000 ) ;
#1195 = CIRCLE ( 'NONE', #2014, 2.000000000000001776 ) ;
#1196 = CYLINDRICAL_SURFACE ( 'NONE', #1919, 45.27925774317498053 ) ;
#1197 = CIRCLE ( 'NONE', #538, 2.000000000000001776 ) ;
#1198 = FACE_OUTER_BOUND ( 'NONE', #2015, .T. ) ;
#1199 = CARTESIAN_POINT ( 'NONE',  ( -62.97545269921549504, 27.60328211225517592, 0.000000000000000000 ) ) ;
#1200 = FACE_OUTER_BOUND ( 'NONE', #394, .T. ) ;
#1201 = ORIENTED_EDGE ( 'NONE', *, *, #1818, .F. ) ;
#1202 = CARTESIAN_POINT ( 'NONE',  ( -70.59134411930288877, 44.99999999999998579, 10.00000000000000000 ) ) ;
#1203 = LINE ( 'NONE', #573, #1978 ) ;
#1204 = ADVANCED_FACE ( 'NONE', ( #90 ), #436, .T. ) ;
#1205 = VERTEX_POINT ( 'NONE', #1036 ) ;
#1206 = ORIENTED_EDGE ( 'NONE', *, *, #1177, .T. ) ;
#1207 = CARTESIAN_POINT ( 'NONE',  ( 105.0000000000000000, -1.734723475976807094E-14, 10.00000000000000000 ) ) ;
#1208 = DIRECTION ( 'NONE',  ( -0.000000000000000000, -0.000000000000000000, -1.000000000000000000 ) ) ;
#1209 = ORIENTED_EDGE ( 'NONE', *, *, #1606, .F. ) ;
#1210 = DIRECTION ( 'NONE',  ( -1.000000000000000000, 0.000000000000000000, 0.000000000000000000 ) ) ;
#1211 = CARTESIAN_POINT ( 'NONE',  ( 47.50000000000000711, 14.49999999999999822, 0.000000000000000000 ) ) ;
#1212 = ORIENTED_EDGE ( 'NONE', *, *, #533, .T. ) ;
#1213 = ADVANCED_FACE ( 'NONE', ( #127 ), #1220, .F. ) ;
#1214 = ORIENTED_EDGE ( 'NONE', *, *, #1965, .F. ) ;
#1215 = LINE ( 'NONE', #1350, #669 ) ;
#1216 = CARTESIAN_POINT ( 'NONE',  ( 80.00000000000000000, 0.000000000000000000, 0.000000000000000000 ) ) ;
#1217 = EDGE_CURVE ( 'NONE', #1130, #455, #865, .T. ) ;
#1218 = ORIENTED_EDGE ( 'NONE', *, *, #1303, .F. ) ;
#1219 = CARTESIAN_POINT ( 'NONE',  ( 62.97545269921549504, 27.60328211225517592, 0.000000000000000000 ) ) ;
#1220 = CYLINDRICAL_SURFACE ( 'NONE', #663, 2.000000000000001776 ) ;
#1221 = VERTEX_POINT ( 'NONE', #1847 ) ;
#1222 = VECTOR ( 'NONE', #1440, 1000.000000000000114 ) ;
#1223 = AXIS2_PLACEMENT_3D ( 'NONE', #1486, #1934, #520 ) ;
#1224 = ORIENTED_EDGE ( 'NONE', *, *, #1312, .F. ) ;
#1225 = AXIS2_PLACEMENT_3D ( 'NONE', #1568, #134, #491 ) ;
#1226 = AXIS2_PLACEMENT_3D ( 'NONE', #493, #1700, #309 ) ;
#1227 = VECTOR ( 'NONE', #312, 1000.000000000000000 ) ;
#1228 = VECTOR ( 'NONE', #1546, 1000.000000000000000 ) ;
#1229 = CYLINDRICAL_SURFACE ( 'NONE', #249, 14.49999999999999289 ) ;
#1230 = FACE_BOUND ( 'NONE', #1331, .T. ) ;
#1231 = EDGE_LOOP ( 'NONE', ( #12, #532, #931, #1869 ) ) ;
#1232 = CARTESIAN_POINT ( 'NONE',  ( 4.999999999999998224, -24.99999999999999289, 6.699999999999976197 ) ) ;
#1233 = DIRECTION ( 'NONE',  ( 0.000000000000000000, 0.000000000000000000, 1.000000000000000000 ) ) ;
#1234 = VERTEX_POINT ( 'NONE', #1660 ) ;
#1235 = LINE ( 'NONE', #1711, #1222 ) ;
#1236 = FILL_AREA_STYLE_COLOUR ( '', #1683 ) ;
#1237 = ORIENTED_EDGE ( 'NONE', *, *, #744, .F. ) ;
#1238 = ADVANCED_FACE ( 'NONE', ( #1497 ), #100, .F. ) ;
#1239 = FACE_OUTER_BOUND ( 'NONE', #688, .T. ) ;
#1240 = CYLINDRICAL_SURFACE ( 'NONE', #568, 50.27925774317498764 ) ;
#1241 = EDGE_CURVE ( 'NONE', #556, #1944, #282, .T. ) ;
#1242 = FACE_OUTER_BOUND ( 'NONE', #1394, .T. ) ;
#1243 = EDGE_CURVE ( 'NONE', #559, #1444, #1203, .T. ) ;
#1244 = ORIENTED_EDGE ( 'NONE', *, *, #533, .F. ) ;
#1245 = DIRECTION ( 'NONE',  ( 1.000000000000000000, 0.000000000000000000, 0.000000000000000000 ) ) ;
#1246 = EDGE_LOOP ( 'NONE', ( #173, #1058, #735, #994 ) ) ;
#1247 = DIRECTION ( 'NONE',  ( -1.000000000000000000, 0.000000000000000000, 0.000000000000000000 ) ) ;
#1248 = ORIENTED_EDGE ( 'NONE', *, *, #1758, .F. ) ;
#1249 = EDGE_CURVE ( 'NONE', #413, #1851, #1678, .T. ) ;
#1250 = CARTESIAN_POINT ( 'NONE',  ( -75.00000000000000000, -15.00000000000000711, 4.000000000000000000 ) ) ;
#1251 = DIRECTION ( 'NONE',  ( -1.000000000000000000, 0.000000000000000000, 0.000000000000000000 ) ) ;
#1252 = ORIENTED_EDGE ( 'NONE', *, *, #1686, .T. ) ;
#1253 = CARTESIAN_POINT ( 'NONE',  ( 112.0762186952164399, 38.42541396372408968, 10.00000000000000000 ) ) ;
#1254 = DIRECTION ( 'NONE',  ( -0.7703759804151695256, 0.6375898750759507738, 0.000000000000000000 ) ) ;
#1255 = ORIENTED_EDGE ( 'NONE', *, *, #1623, .T. ) ;
#1256 = CARTESIAN_POINT ( 'NONE',  ( 52.50000000000000711, -13.61065758881619914, 4.000000000000000000 ) ) ;
#1257 = ORIENTED_EDGE ( 'NONE', *, *, #550, .F. ) ;
#1258 = AXIS2_PLACEMENT_3D ( 'NONE', #160, #346, #303 ) ;
#1259 = AXIS2_PLACEMENT_3D ( 'NONE', #818, #1382, #2012 ) ;
#1260 = AXIS2_PLACEMENT_3D ( 'NONE', #760, #322, #1707 ) ;
#1261 = DIRECTION ( 'NONE',  ( 0.000000000000000000, 0.000000000000000000, 1.000000000000000000 ) ) ;
#1262 = PRESENTATION_LAYER_ASSIGNMENT (  '', '', ( #1816 ) ) ;
#1263 = VECTOR ( 'NONE', #194, 1000.000000000000000 ) ;
#1264 = ORIENTED_EDGE ( 'NONE', *, *, #726, .F. ) ;
#1265 = CARTESIAN_POINT ( 'NONE',  ( -85.99886372760627751, 32.24820249848097120, 10.00000000000000000 ) ) ;
#1266 = EDGE_CURVE ( 'NONE', #480, #713, #1057, .T. ) ;
#1267 = EDGE_LOOP ( 'NONE', ( #834, #1738, #1055, #1209 ) ) ;
#1268 = EDGE_CURVE ( 'NONE', #1311, #1302, #784, .T. ) ;
#1269 = DIRECTION ( 'NONE',  ( 0.000000000000000000, 0.000000000000000000, 1.000000000000000000 ) ) ;
#1270 = ORIENTED_EDGE ( 'NONE', *, *, #659, .T. ) ;
#1271 = DIRECTION ( 'NONE',  ( -1.000000000000000000, 0.000000000000000000, 0.000000000000000000 ) ) ;
#1272 = PRODUCT ( '2. Head Back', '2. Head Back', '', ( #1637 ) ) ;
#1273 = DIRECTION ( 'NONE',  ( -1.000000000000000000, 0.000000000000000000, 0.000000000000000000 ) ) ;
#1274 = ORIENTED_EDGE ( 'NONE', *, *, #1243, .F. ) ;
#1275 = DIRECTION ( 'NONE',  ( -1.000000000000000000, 0.000000000000000000, 0.000000000000000000 ) ) ;
#1276 = EDGE_CURVE ( 'NONE', #326, #1146, #1671, .T. ) ;
#1277 = CARTESIAN_POINT ( 'NONE',  ( -94.60684814024455136, 42.64890785863865119, 0.000000000000000000 ) ) ;
#1278 = VERTEX_POINT ( 'NONE', #1692 ) ;
#1279 = CARTESIAN_POINT ( 'NONE',  ( -2.450000000000002398, -20.99999999999999289, 6.699999999999976197 ) ) ;
#1280 = ORIENTED_EDGE ( 'NONE', *, *, #897, .F. ) ;
#1281 = DIRECTION ( 'NONE',  ( 1.000000000000000000, -7.304098846218134421E-17, -0.000000000000000000 ) ) ;
#1282 = CARTESIAN_POINT ( 'NONE',  ( -102.3106079443962528, 36.27300910787915456, 0.000000000000000000 ) ) ;
#1283 = DIRECTION ( 'NONE',  ( 0.000000000000000000, 0.000000000000000000, 1.000000000000000000 ) ) ;
#1284 = ORIENTED_EDGE ( 'NONE', *, *, #4, .T. ) ;
#1285 = FACE_OUTER_BOUND ( 'NONE', #136, .T. ) ;
#1286 = EDGE_CURVE ( 'NONE', #1875, #1584, #79, .T. ) ;
#1287 = DIRECTION ( 'NONE',  ( 0.6375898750759505518, -0.7703759804151695256, -0.000000000000000000 ) ) ;
#1288 = VERTEX_POINT ( 'NONE', #1023 ) ;
#1289 = CYLINDRICAL_SURFACE ( 'NONE', #212, 2.550000000000000266 ) ;
#1290 = ORIENTED_EDGE ( 'NONE', *, *, #31, .F. ) ;
#1291 = DIRECTION ( 'NONE',  ( -0.000000000000000000, -0.000000000000000000, -1.000000000000000000 ) ) ;
#1292 = AXIS2_PLACEMENT_3D ( 'NONE', #524, #564, #1015 ) ;
#1293 = LINE ( 'NONE', #506, #344 ) ;
#1294 = VERTEX_POINT ( 'NONE', #1211 ) ;
#1295 = CARTESIAN_POINT ( 'NONE',  ( -80.00000000000000000, -24.99999999999998579, 13.39999999999994884 ) ) ;
#1296 = VECTOR ( 'NONE', #383, 1000.000000000000114 ) ;
#1297 = AXIS2_PLACEMENT_3D ( 'NONE', #811, #1322, #1445 ) ;
#1298 = CARTESIAN_POINT ( 'NONE',  ( -80.00000000000000000, 0.000000000000000000, 13.39999999999994884 ) ) ;
#1299 = CIRCLE ( 'NONE', #405, 5.000000000000004441 ) ;
#1300 = CARTESIAN_POINT ( 'NONE',  ( 50.50000000007050005, 3.673940397442059868E-16, 20.39999999999994884 ) ) ;
#1301 = DIRECTION ( 'NONE',  ( -1.000000000000000000, 7.304098846218134421E-17, 0.000000000000000000 ) ) ;
#1302 = VERTEX_POINT ( 'NONE', #1836 ) ;
#1303 = EDGE_CURVE ( 'NONE', #938, #1444, #823, .T. ) ;
#1304 = CARTESIAN_POINT ( 'NONE',  ( -105.0000000000000000, -1.734723475976807094E-14, 10.00000000000000000 ) ) ;
#1305 = CARTESIAN_POINT ( 'NONE',  ( 52.50000000000000711, -9.999999999999998224, 6.400000000019104185 ) ) ;
#1306 = EDGE_LOOP ( 'NONE', ( #1357, #1264 ) ) ;
#1307 = DIRECTION ( 'NONE',  ( 1.000000000000000000, 0.000000000000000000, 0.000000000000000000 ) ) ;
#1308 = EDGE_CURVE ( 'NONE', #1118, #362, #329, .T. ) ;
#1309 = VERTEX_POINT ( 'NONE', #1148 ) ;
#1310 = DIRECTION ( 'NONE',  ( -0.000000000000000000, -0.000000000000000000, -1.000000000000000000 ) ) ;
#1311 = VERTEX_POINT ( 'NONE', #187 ) ;
#1312 = EDGE_CURVE ( 'NONE', #828, #1118, #1325, .T. ) ;
#1313 = CARTESIAN_POINT ( 'NONE',  ( -47.50000000000000711, 0.000000000000000000, 0.000000000000000000 ) ) ;
#1314 = CARTESIAN_POINT ( 'NONE',  ( 27.50000000000000000, -9.999999999999998224, 20.39999999998080682 ) ) ;
#1315 = ORIENTED_EDGE ( 'NONE', *, *, #420, .T. ) ;
#1316 = DIRECTION ( 'NONE',  ( 1.000000000000000000, -8.673617379884035472E-17, 0.000000000000000000 ) ) ;
#1317 = ORIENTED_EDGE ( 'NONE', *, *, #565, .T. ) ;
#1318 = DIRECTION ( 'NONE',  ( 0.000000000000000000, 0.000000000000000000, 1.000000000000000000 ) ) ;
#1319 = ORIENTED_EDGE ( 'NONE', *, *, #1766, .F. ) ;
#1320 = DIRECTION ( 'NONE',  ( 1.000000000000000000, 0.000000000000000000, 0.000000000000000000 ) ) ;
#1321 = ORIENTED_EDGE ( 'NONE', *, *, #28, .T. ) ;
#1322 = DIRECTION ( 'NONE',  ( -8.673617379884035472E-17, -1.000000000000000000, 0.000000000000000000 ) ) ;
#1323 = VECTOR ( 'NONE', #1986, 1000.000000000000000 ) ;
#1324 = ORIENTED_EDGE ( 'NONE', *, *, #1276, .F. ) ;
#1325 = CIRCLE ( 'NONE', #1259, 14.49999999999999822 ) ;
#1326 = EDGE_CURVE ( 'NONE', #97, #122, #697, .T. ) ;
#1327 = VECTOR ( 'NONE', #1017, 1000.000000000000000 ) ;
#1328 = AXIS2_PLACEMENT_3D ( 'NONE', #1157, #1348, #1776 ) ;
#1329 = CIRCLE ( 'NONE', #1489, 2.550000000000000266 ) ;
#1330 = DIRECTION ( 'NONE',  ( -1.000000000000000000, 8.673617379884035472E-17, -0.000000000000000000 ) ) ;
#1331 = EDGE_LOOP ( 'NONE', ( #1536, #1491 ) ) ;
#1332 = EDGE_CURVE ( 'NONE', #828, #69, #206, .T. ) ;
#1333 = CYLINDRICAL_SURFACE ( 'NONE', #1710, 2.000000000000001776 ) ;
#1334 = DIRECTION ( 'NONE',  ( 0.000000000000000000, 0.000000000000000000, 1.000000000000000000 ) ) ;
#1335 = DIRECTION ( 'NONE',  ( 0.000000000000000000, 0.000000000000000000, 1.000000000000000000 ) ) ;
#1336 = ORIENTED_EDGE ( 'NONE', *, *, #1689, .F. ) ;
#1337 = EDGE_CURVE ( 'NONE', #1829, #1989, #1107, .T. ) ;
#1338 = CARTESIAN_POINT ( 'NONE',  ( 52.50000000000000711, -24.99999999999999645, 6.400000000019104185 ) ) ;
#1339 = DIRECTION ( 'NONE',  ( -0.000000000000000000, -0.000000000000000000, -1.000000000000000000 ) ) ;
#1340 = PRODUCT_DEFINITION_CONTEXT ( 'detailed design', #1563, 'design' ) ;
#1341 = ORIENTED_EDGE ( 'NONE', *, *, #653, .F. ) ;
#1342 = CARTESIAN_POINT ( 'NONE',  ( -47.50000000000000711, 14.49999999999999289, 0.000000000000000000 ) ) ;
#1343 = CARTESIAN_POINT ( 'NONE',  ( -2.450000000000002398, -24.99999999999999289, 6.699999999999976197 ) ) ;
#1344 = LINE ( 'NONE', #1152, #563 ) ;
#1345 = CARTESIAN_POINT ( 'NONE',  ( 80.00000000000000000, -15.00000000000000178, 13.39999999999994884 ) ) ;
#1346 = CARTESIAN_POINT ( 'NONE',  ( 80.00000000000000000, 25.00000000000000000, 0.000000000000000000 ) ) ;
#1347 = EDGE_LOOP ( 'NONE', ( #914, #1763, #45, #1034 ) ) ;
#1348 = DIRECTION ( 'NONE',  ( -1.000000000000000000, 8.673617379884035472E-17, 0.000000000000000000 ) ) ;
#1349 = CYLINDRICAL_SURFACE ( 'NONE', #1292, 2.000000000000001776 ) ;
#1350 = CARTESIAN_POINT ( 'NONE',  ( -100.8208862673108257, 2.744996978003559462, 7.500000000000000000 ) ) ;
#1351 = FACE_BOUND ( 'NONE', #705, .T. ) ;
#1352 = DIRECTION ( 'NONE',  ( -0.000000000000000000, -0.000000000000000000, -1.000000000000000000 ) ) ;
#1353 = VECTOR ( 'NONE', #325, 1000.000000000000000 ) ;
#1354 = CARTESIAN_POINT ( 'NONE',  ( -112.0762186952164541, 38.42541396372407547, 10.00000000000000000 ) ) ;
#1355 = CIRCLE ( 'NONE', #1780, 20.00000000000000355 ) ;
#1356 = VECTOR ( 'NONE', #299, 999.9999999999998863 ) ;
#1357 = ORIENTED_EDGE ( 'NONE', *, *, #218, .F. ) ;
#1358 = VECTOR ( 'NONE', #1644, 1000.000000000000000 ) ;
#1359 = ORIENTED_EDGE ( 'NONE', *, *, #908, .T. ) ;
#1360 = AXIS2_PLACEMENT_3D ( 'NONE', #412, #745, #101 ) ;
#1361 = VECTOR ( 'NONE', #1442, 1000.000000000000000 ) ;
#1362 = CYLINDRICAL_SURFACE ( 'NONE', #1420, 2.000000000000001776 ) ;
#1363 = CARTESIAN_POINT ( 'NONE',  ( -62.97545269921549504, 27.60328211225517592, 0.000000000000000000 ) ) ;
#1364 = LINE ( 'NONE', #1656, #1953 ) ;
#1365 = DIRECTION ( 'NONE',  ( -0.000000000000000000, -0.000000000000000000, -1.000000000000000000 ) ) ;
#1366 = EDGE_CURVE ( 'NONE', #1377, #1604, #1132, .T. ) ;
#1367 = CARTESIAN_POINT ( 'NONE',  ( 62.97545269921549504, 27.60328211225517592, 7.500000000000000000 ) ) ;
#1368 = ORIENTED_EDGE ( 'NONE', *, *, #1751, .T. ) ;
#1369 = EDGE_LOOP ( 'NONE', ( #570, #1712, #912, #1872 ) ) ;
#1370 = EDGE_CURVE ( 'NONE', #713, #1783, #1544, .T. ) ;
#1371 = FACE_OUTER_BOUND ( 'NONE', #1073, .T. ) ;
#1372 = CARTESIAN_POINT ( 'NONE',  ( -102.3106079443962528, 36.27300910787914745, 10.00000000000000000 ) ) ;
#1373 = EDGE_LOOP ( 'NONE', ( #1315, #977 ) ) ;
#1374 = CARTESIAN_POINT ( 'NONE',  ( 47.50000000007050005, 0.000000000000000000, 23.39999999999994884 ) ) ;
#1375 = DIRECTION ( 'NONE',  ( 0.000000000000000000, 0.000000000000000000, -1.000000000000000000 ) ) ;
#1376 = ORIENTED_EDGE ( 'NONE', *, *, #1668, .T. ) ;
#1377 = VERTEX_POINT ( 'NONE', #1532 ) ;
#1378 = LINE ( 'NONE', #1655, #316 ) ;
#1379 = FACE_BOUND ( 'NONE', #33, .T. ) ;
#1380 = ORIENTED_EDGE ( 'NONE', *, *, #1463, .T. ) ;
#1381 = CYLINDRICAL_SURFACE ( 'NONE', #1877, 2.000000000000001776 ) ;
#1382 = DIRECTION ( 'NONE',  ( 0.000000000000000000, 0.000000000000000000, -1.000000000000000000 ) ) ;
#1383 = ADVANCED_FACE ( 'NONE', ( #954 ), #379, .T. ) ;
#1384 = VERTEX_POINT ( 'NONE', #337 ) ;
#1385 = VECTOR ( 'NONE', #529, 1000.000000000000000 ) ;
#1386 = ORIENTED_EDGE ( 'NONE', *, *, #1268, .T. ) ;
#1387 = ADVANCED_FACE ( 'NONE', ( #1747 ), #980, .F. ) ;
#1388 = CIRCLE ( 'NONE', #275, 20.00000000000000355 ) ;
#1389 = AXIS2_PLACEMENT_3D ( 'NONE', #684, #66, #385 ) ;
#1390 = ADVANCED_FACE ( 'NONE', ( #1904 ), #1930, .T. ) ;
#1391 = VECTOR ( 'NONE', #970, 1000.000000000000000 ) ;
#1392 = CARTESIAN_POINT ( 'NONE',  ( 47.50000000007050005, 0.000000000000000000, 23.39999999999994884 ) ) ;
#1393 = FACE_OUTER_BOUND ( 'NONE', #169, .T. ) ;
#1394 = EDGE_LOOP ( 'NONE', ( #644, #1179, #1091, #1961 ) ) ;
#1395 = EDGE_CURVE ( 'NONE', #1168, #1540, #1456, .T. ) ;
#1396 = DIRECTION ( 'NONE',  ( 0.000000000000000000, 0.000000000000000000, 1.000000000000000000 ) ) ;
#1397 = EDGE_CURVE ( 'NONE', #221, #36, #1513, .T. ) ;
#1398 = EDGE_LOOP ( 'NONE', ( #1587, #265, #623, #1860 ) ) ;
#1399 = DIRECTION ( 'NONE',  ( 0.000000000000000000, 0.000000000000000000, -1.000000000000000000 ) ) ;
#1400 = ORIENTED_EDGE ( 'NONE', *, *, #1492, .T. ) ;
#1401 = CARTESIAN_POINT ( 'NONE',  ( -5.000000000000001776, -24.99999999999999289, 6.699999999999976197 ) ) ;
#1402 = DIRECTION ( 'NONE',  ( -1.000000000000000000, -8.673617379884035472E-17, -0.000000000000000000 ) ) ;
#1403 = ORIENTED_EDGE ( 'NONE', *, *, #367, .F. ) ;
#1404 = CARTESIAN_POINT ( 'NONE',  ( 47.50000000000000711, 14.49999999999999822, 20.39999999999994529 ) ) ;
#1405 = ADVANCED_FACE ( 'NONE', ( #753 ), #1592, .F. ) ;
#1406 = VERTEX_POINT ( 'NONE', #1425 ) ;
#1407 = DIRECTION ( 'NONE',  ( -1.000000000000000000, 0.000000000000000000, 0.000000000000000000 ) ) ;
#1408 = ORIENTED_EDGE ( 'NONE', *, *, #7, .T. ) ;
#1409 = DIRECTION ( 'NONE',  ( 1.000000000000000000, 0.000000000000000000, 0.000000000000000000 ) ) ;
#1410 = CARTESIAN_POINT ( 'NONE',  ( -62.97545269921549504, 27.60328211225517592, 7.500000000000000000 ) ) ;
#1411 = ORIENTED_EDGE ( 'NONE', *, *, #4, .F. ) ;
#1412 = DIRECTION ( 'NONE',  ( -0.000000000000000000, -0.000000000000000000, -1.000000000000000000 ) ) ;
#1413 = ADVANCED_FACE ( 'NONE', ( #1128 ), #352, .F. ) ;
#1414 = CARTESIAN_POINT ( 'NONE',  ( -62.97545269921549504, 27.60328211225517592, 0.000000000000000000 ) ) ;
#1415 = ORIENTED_EDGE ( 'NONE', *, *, #596, .F. ) ;
#1416 = CARTESIAN_POINT ( 'NONE',  ( -44.49999999992839861, 3.673940397442061347E-16, 23.39999999999994884 ) ) ;
#1417 = ORIENTED_EDGE ( 'NONE', *, *, #244, .F. ) ;
#1418 = VECTOR ( 'NONE', #743, 1000.000000000000114 ) ;
#1419 = VECTOR ( 'NONE', #1365, 1000.000000000000000 ) ;
#1420 = AXIS2_PLACEMENT_3D ( 'NONE', #1250, #415, #1052 ) ;
#1421 = AXIS2_PLACEMENT_3D ( 'NONE', #393, #519, #47 ) ;
#1422 = CARTESIAN_POINT ( 'NONE',  ( -70.59134411930288877, 24.99999999999998579, 0.000000000000000000 ) ) ;
#1423 = AXIS2_PLACEMENT_3D ( 'NONE', #1495, #1335, #96 ) ;
#1424 = AXIS2_PLACEMENT_3D ( 'NONE', #1891, #1881, #1574 ) ;
#1425 = CARTESIAN_POINT ( 'NONE',  ( -104.9999999999999858, 0.000000000000000000, 0.000000000000000000 ) ) ;
#1426 = VERTEX_POINT ( 'NONE', #660 ) ;
#1427 = CARTESIAN_POINT ( 'NONE',  ( -80.00000000000000000, 0.000000000000000000, 4.000000000000000000 ) ) ;
#1428 = CARTESIAN_POINT ( 'NONE',  ( -73.00000000000000000, 14.99999999999999289, 4.000000000000000000 ) ) ;
#1429 = ORIENTED_EDGE ( 'NONE', *, *, #1097, .F. ) ;
#1430 = DIRECTION ( 'NONE',  ( 0.000000000000000000, 0.000000000000000000, -1.000000000000000000 ) ) ;
#1431 = ORIENTED_EDGE ( 'NONE', *, *, #1449, .T. ) ;
#1432 = DIRECTION ( 'NONE',  ( 0.000000000000000000, 0.000000000000000000, 1.000000000000000000 ) ) ;
#1433 = EDGE_CURVE ( 'NONE', #907, #947, #1293, .T. ) ;
#1434 = DIRECTION ( 'NONE',  ( -0.000000000000000000, -0.000000000000000000, -1.000000000000000000 ) ) ;
#1435 = ORIENTED_EDGE ( 'NONE', *, *, #306, .F. ) ;
#1436 = CYLINDRICAL_SURFACE ( 'NONE', #960, 24.99999999999998224 ) ;
#1437 = DIRECTION ( 'NONE',  ( -0.000000000000000000, 0.000000000000000000, -1.000000000000000000 ) ) ;
#1438 =( LENGTH_UNIT ( ) NAMED_UNIT ( * ) SI_UNIT ( .MILLI., .METRE. ) );
#1439 = ORIENTED_EDGE ( 'NONE', *, *, #542, .F. ) ;
#1440 = DIRECTION ( 'NONE',  ( -0.6648126867993409128, -0.7470101013176738691, -0.000000000000000000 ) ) ;
#1441 = ORIENTED_EDGE ( 'NONE', *, *, #1463, .F. ) ;
#1442 = DIRECTION ( 'NONE',  ( 0.000000000000000000, 0.000000000000000000, -1.000000000000000000 ) ) ;
#1443 = DIRECTION ( 'NONE',  ( -0.000000000000000000, -0.000000000000000000, -1.000000000000000000 ) ) ;
#1444 = VERTEX_POINT ( 'NONE', #1141 ) ;
#1445 = DIRECTION ( 'NONE',  ( 1.000000000000000000, -8.673617379884035472E-17, 0.000000000000000000 ) ) ;
#1446 = CARTESIAN_POINT ( 'NONE',  ( 105.0000000000000142, 0.000000000000000000, 13.39999999999994884 ) ) ;
#1447 = LINE ( 'NONE', #984, #920 ) ;
#1448 = ADVANCED_FACE ( 'NONE', ( #1198 ), #1061, .T. ) ;
#1449 = EDGE_CURVE ( 'NONE', #254, #1754, #666, .T. ) ;
#1450 = DIRECTION ( 'NONE',  ( -0.000000000000000000, 0.000000000000000000, -1.000000000000000000 ) ) ;
#1451 = EDGE_LOOP ( 'NONE', ( #1341, #1018 ) ) ;
#1452 = EDGE_CURVE ( 'NONE', #1294, #751, #398, .T. ) ;
#1453 = DIRECTION ( 'NONE',  ( -8.673617379884035472E-17, -1.000000000000000000, -0.000000000000000000 ) ) ;
#1454 = CIRCLE ( 'NONE', #560, 2.000000000000001776 ) ;
#1455 = ADVANCED_FACE ( 'NONE', ( #1169 ), #1781, .F. ) ;
#1456 = CIRCLE ( 'NONE', #757, 14.49999999999999289 ) ;
#1457 = DIRECTION ( 'NONE',  ( -0.000000000000000000, -0.000000000000000000, 1.000000000000000000 ) ) ;
#1458 = ORIENTED_EDGE ( 'NONE', *, *, #515, .F. ) ;
#1459 = DIRECTION ( 'NONE',  ( -1.000000000000000000, 8.673617379884035472E-17, -0.000000000000000000 ) ) ;
#1460 = VECTOR ( 'NONE', #677, 1000.000000000000000 ) ;
#1461 = AXIS2_PLACEMENT_3D ( 'NONE', #692, #363, #372 ) ;
#1462 = ORIENTED_EDGE ( 'NONE', *, *, #891, .T. ) ;
#1463 = EDGE_CURVE ( 'NONE', #455, #1172, #1578, .T. ) ;
#1464 = DIRECTION ( 'NONE',  ( 1.000000000000000000, 0.000000000000000000, 0.000000000000000000 ) ) ;
#1465 = ORIENTED_EDGE ( 'NONE', *, *, #504, .T. ) ;
#1466 = CYLINDRICAL_SURFACE ( 'NONE', #2017, 3.000000000000002665 ) ;
#1467 = DIRECTION ( 'NONE',  ( -0.000000000000000000, -0.000000000000000000, -1.000000000000000000 ) ) ;
#1468 = VERTEX_POINT ( 'NONE', #702 ) ;
#1469 = CARTESIAN_POINT ( 'NONE',  ( -62.97545269921549504, 27.60328211225517592, 10.00000000000000000 ) ) ;
#1470 = DIRECTION ( 'NONE',  ( 0.000000000000000000, 0.000000000000000000, -1.000000000000000000 ) ) ;
#1471 = DIRECTION ( 'NONE',  ( 1.000000000000000000, 0.000000000000000000, 0.000000000000000000 ) ) ;
#1472 = EDGE_LOOP ( 'NONE', ( #487, #649, #333, #353 ) ) ;
#1473 = DIRECTION ( 'NONE',  ( -0.000000000000000000, -0.000000000000000000, -1.000000000000000000 ) ) ;
#1474 = CARTESIAN_POINT ( 'NONE',  ( 70.59134411930288877, 45.00000000000000000, 0.000000000000000000 ) ) ;
#1475 = EDGE_CURVE ( 'NONE', #1146, #686, #1388, .T. ) ;
#1476 = ORIENTED_EDGE ( 'NONE', *, *, #1689, .T. ) ;
#1477 = PLANE ( 'NONE',  #1133 ) ;
#1478 = EDGE_CURVE ( 'NONE', #741, #426, #1980, .T. ) ;
#1479 = EDGE_LOOP ( 'NONE', ( #1201, #1564, #202, #1411, #71, #1703, #1081 ) ) ;
#1480 = DIRECTION ( 'NONE',  ( 0.7703759804151696367, 0.6375898750759506628, 0.000000000000000000 ) ) ;
#1481 = ORIENTED_EDGE ( 'NONE', *, *, #1217, .T. ) ;
#1482 = ADVANCED_FACE ( 'NONE', ( #1493 ), #682, .F. ) ;
#1483 = LINE ( 'NONE', #1031, #214 ) ;
#1484 = DIRECTION ( 'NONE',  ( 0.000000000000000000, 0.000000000000000000, 1.000000000000000000 ) ) ;
#1485 = AXIS2_PLACEMENT_3D ( 'NONE', #41, #1430, #622 ) ;
#1486 = CARTESIAN_POINT ( 'NONE',  ( -5.000000000000001776, -20.99999999999999289, 6.699999999999976197 ) ) ;
#1487 = VECTOR ( 'NONE', #406, 1000.000000000000000 ) ;
#1488 = AXIS2_PLACEMENT_3D ( 'NONE', #580, #443, #1843 ) ;
#1489 = AXIS2_PLACEMENT_3D ( 'NONE', #554, #408, #1825 ) ;
#1490 = CARTESIAN_POINT ( 'NONE',  ( 27.50000000000000000, -14.49999999999999645, 4.000000000000000000 ) ) ;
#1491 = ORIENTED_EDGE ( 'NONE', *, *, #639, .T. ) ;
#1492 = EDGE_CURVE ( 'NONE', #1584, #1719, #104, .T. ) ;
#1493 = FACE_OUTER_BOUND ( 'NONE', #1657, .T. ) ;
#1494 = DIRECTION ( 'NONE',  ( -0.000000000000000000, -0.000000000000000000, -1.000000000000000000 ) ) ;
#1495 = CARTESIAN_POINT ( 'NONE',  ( 80.00000000000000000, 0.000000000000000000, 4.000000000000000000 ) ) ;
#1496 = CARTESIAN_POINT ( 'NONE',  ( 80.00000000000000000, 15.00000000000000178, 13.39999999999994884 ) ) ;
#1497 = FACE_OUTER_BOUND ( 'NONE', #1652, .T. ) ;
#1498 = ORIENTED_EDGE ( 'NONE', *, *, #867, .T. ) ;
#1499 = CARTESIAN_POINT ( 'NONE',  ( 80.00000000000000000, 25.00000000000000000, 13.39999999999994884 ) ) ;
#1500 = CARTESIAN_POINT ( 'NONE',  ( -70.59134411930288877, 44.99999999999998579, 0.000000000000000000 ) ) ;
#1501 = CARTESIAN_POINT ( 'NONE',  ( -47.50000000000000711, 14.49999999999999289, 4.000000000000000000 ) ) ;
#1502 = CARTESIAN_POINT ( 'NONE',  ( -80.00000000000000000, -24.99999999999998579, 13.39999999999994884 ) ) ;
#1503 = CARTESIAN_POINT ( 'NONE',  ( -77.00000000000000000, -15.00000000000000711, 4.000000000000000000 ) ) ;
#1504 = DIRECTION ( 'NONE',  ( -1.000000000000000000, 8.673617379884035472E-17, 0.000000000000000000 ) ) ;
#1505 = ORIENTED_EDGE ( 'NONE', *, *, #114, .T. ) ;
#1506 = ADVANCED_FACE ( 'NONE', ( #220 ), #1349, .F. ) ;
#1507 = ORIENTED_EDGE ( 'NONE', *, *, #1887, .T. ) ;
#1508 = EDGE_CURVE ( 'NONE', #1085, #1188, #1807, .T. ) ;
#1509 = CARTESIAN_POINT ( 'NONE',  ( 75.00000000000000000, -15.00000000000000711, 4.000000000000000000 ) ) ;
#1510 = DIRECTION ( 'NONE',  ( 1.000000000000000000, 0.000000000000000000, 0.000000000000000000 ) ) ;
#1511 = CIRCLE ( 'NONE', #625, 2.000000000000001776 ) ;
#1512 = CARTESIAN_POINT ( 'NONE',  ( -102.3106079443962528, 36.27300910787914745, 10.00000000000000000 ) ) ;
#1513 = CIRCLE ( 'NONE', #1225, 2.000000000000001776 ) ;
#1514 = AXIS2_PLACEMENT_3D ( 'NONE', #1501, #287, #1688 ) ;
#1515 = ORIENTED_EDGE ( 'NONE', *, *, #1155, .F. ) ;
#1516 = ADVANCED_FACE ( 'NONE', ( #1613 ), #1333, .F. ) ;
#1517 = AXIS2_PLACEMENT_3D ( 'NONE', #205, #658, #817 ) ;
#1518 = ORIENTED_EDGE ( 'NONE', *, *, #1528, .F. ) ;
#1519 = DIRECTION ( 'NONE',  ( -0.000000000000000000, -0.000000000000000000, -1.000000000000000000 ) ) ;
#1520 = CARTESIAN_POINT ( 'NONE',  ( -83.85187990207585074, 21.81205062462024813, 7.500000000000000000 ) ) ;
#1521 = ORIENTED_EDGE ( 'NONE', *, *, #1775, .F. ) ;
#1522 = FACE_OUTER_BOUND ( 'NONE', #17, .T. ) ;
#1523 = CARTESIAN_POINT ( 'NONE',  ( -80.00000000000000000, 14.99999999999998757, 13.39999999999994884 ) ) ;
#1524 = ORIENTED_EDGE ( 'NONE', *, *, #1814, .F. ) ;
#1525 = EDGE_LOOP ( 'NONE', ( #1831, #1417 ) ) ;
#1526 = PLANE ( 'NONE',  #534 ) ;
#1527 = DIRECTION ( 'NONE',  ( 1.000000000000000000, 0.000000000000000000, 0.000000000000000000 ) ) ;
#1528 = EDGE_CURVE ( 'NONE', #492, #1079, #629, .T. ) ;
#1529 = CARTESIAN_POINT ( 'NONE',  ( -108.2547104423904756, 27.60328211225517592, 0.000000000000000000 ) ) ;
#1530 = EDGE_LOOP ( 'NONE', ( #1964, #1708, #1212, #1252 ) ) ;
#1531 = CYLINDRICAL_SURFACE ( 'NONE', #497, 2.550000000000000266 ) ;
#1532 = CARTESIAN_POINT ( 'NONE',  ( 73.00000000000000000, 14.99999999999999289, 4.000000000000000000 ) ) ;
#1533 = EDGE_CURVE ( 'NONE', #1555, #455, #1483, .T. ) ;
#1534 = ORIENTED_EDGE ( 'NONE', *, *, #1639, .F. ) ;
#1535 = EDGE_CURVE ( 'NONE', #1, #315, #229, .T. ) ;
#1536 = ORIENTED_EDGE ( 'NONE', *, *, #864, .T. ) ;
#1537 = DIRECTION ( 'NONE',  ( -0.000000000000000000, -0.000000000000000000, -1.000000000000000000 ) ) ;
#1538 = EDGE_CURVE ( 'NONE', #814, #1130, #1355, .T. ) ;
#1539 = DIRECTION ( 'NONE',  ( 1.000000000000000000, 0.000000000000000000, 0.000000000000000000 ) ) ;
#1540 = VERTEX_POINT ( 'NONE', #690 ) ;
#1541 = PLANE ( 'NONE',  #1226 ) ;
#1542 = EDGE_LOOP ( 'NONE', ( #453, #614, #1694, #20 ) ) ;
#1543 = CIRCLE ( 'NONE', #1059, 15.00000000000000000 ) ;
#1544 = CIRCLE ( 'NONE', #959, 9.999999999999994671 ) ;
#1545 = AXIS2_PLACEMENT_3D ( 'NONE', #693, #1772, #1011 ) ;
#1546 = DIRECTION ( 'NONE',  ( -0.000000000000000000, -0.000000000000000000, -1.000000000000000000 ) ) ;
#1547 = ORIENTED_EDGE ( 'NONE', *, *, #1276, .T. ) ;
#1548 = AXIS2_PLACEMENT_3D ( 'NONE', #153, #737, #1664 ) ;
#1549 = VECTOR ( 'NONE', #95, 1000.000000000000000 ) ;
#1550 = VECTOR ( 'NONE', #643, 1000.000000000000114 ) ;
#1551 = CIRCLE ( 'NONE', #1985, 3.000000000000002665 ) ;
#1552 = DIRECTION ( 'NONE',  ( 0.000000000000000000, 0.000000000000000000, 1.000000000000000000 ) ) ;
#1553 = ORIENTED_EDGE ( 'NONE', *, *, #776, .T. ) ;
#1554 = FACE_BOUND ( 'NONE', #855, .T. ) ;
#1555 = VERTEX_POINT ( 'NONE', #547 ) ;
#1556 = DIRECTION ( 'NONE',  ( -1.000000000000000000, 0.000000000000000000, 0.000000000000000000 ) ) ;
#1557 = ORIENTED_EDGE ( 'NONE', *, *, #906, .T. ) ;
#1558 = DIRECTION ( 'NONE',  ( 1.000000000000000000, 0.000000000000000000, 0.000000000000000000 ) ) ;
#1559 = DIRECTION ( 'NONE',  ( -0.000000000000000000, -0.000000000000000000, -1.000000000000000000 ) ) ;
#1560 = ORIENTED_EDGE ( 'NONE', *, *, #1887, .F. ) ;
#1561 = DIRECTION ( 'NONE',  ( -0.000000000000000000, -0.000000000000000000, 1.000000000000000000 ) ) ;
#1562 = CARTESIAN_POINT ( 'NONE',  ( -107.1934133198063535, 37.34921153580162922, 7.500000000000000000 ) ) ;
#1563 = APPLICATION_CONTEXT ( 'automotive_design' ) ;
#1564 = ORIENTED_EDGE ( 'NONE', *, *, #1965, .T. ) ;
#1565 = CARTESIAN_POINT ( 'NONE',  ( -80.00000000000000000, 24.99999999999998579, 13.39999999999994884 ) ) ;
#1566 = ORIENTED_EDGE ( 'NONE', *, *, #542, .T. ) ;
#1567 = DIRECTION ( 'NONE',  ( 1.000000000000000000, 0.000000000000000000, 0.000000000000000000 ) ) ;
#1568 = CARTESIAN_POINT ( 'NONE',  ( 75.00000000000000000, 14.99999999999999289, 0.000000000000000000 ) ) ;
#1569 = EDGE_CURVE ( 'NONE', #254, #1079, #1967, .T. ) ;
#1570 = ORIENTED_EDGE ( 'NONE', *, *, #218, .T. ) ;
#1571 = DIRECTION ( 'NONE',  ( 0.000000000000000000, -0.000000000000000000, 1.000000000000000000 ) ) ;
#1572 = CARTESIAN_POINT ( 'NONE',  ( 85.99886372760627751, 32.24820249848098541, 10.00000000000000000 ) ) ;
#1573 = ORIENTED_EDGE ( 'NONE', *, *, #1249, .T. ) ;
#1574 = DIRECTION ( 'NONE',  ( 1.000000000000000000, 0.000000000000000000, 0.000000000000000000 ) ) ;
#1575 = ADVANCED_FACE ( 'NONE', ( #1239 ), #1362, .F. ) ;
#1576 = ORIENTED_EDGE ( 'NONE', *, *, #46, .F. ) ;
#1577 = VECTOR ( 'NONE', #724, 1000.000000000000000 ) ;
#1578 = CIRCLE ( 'NONE', #1741, 9.999999999999994671 ) ;
#1579 = AXIS2_PLACEMENT_3D ( 'NONE', #850, #237, #820 ) ;
#1580 = DIRECTION ( 'NONE',  ( 0.000000000000000000, 0.000000000000000000, 1.000000000000000000 ) ) ;
#1581 = AXIS2_PLACEMENT_3D ( 'NONE', #801, #340, #946 ) ;
#1582 = CIRCLE ( 'NONE', #830, 2.000000000000001776 ) ;
#1583 = DIRECTION ( 'NONE',  ( 8.673617379884035472E-17, 1.000000000000000000, 0.000000000000000000 ) ) ;
#1584 = VERTEX_POINT ( 'NONE', #1990 ) ;
#1585 = DIRECTION ( 'NONE',  ( 0.000000000000000000, 0.000000000000000000, 1.000000000000000000 ) ) ;
#1586 = PLANE ( 'NONE',  #409 ) ;
#1587 = ORIENTED_EDGE ( 'NONE', *, *, #1775, .T. ) ;
#1588 = FACE_OUTER_BOUND ( 'NONE', #1174, .T. ) ;
#1589 = EDGE_LOOP ( 'NONE', ( #1284, #1663, #1248, #1237 ) ) ;
#1590 = CARTESIAN_POINT ( 'NONE',  ( 80.00000000000000000, -25.00000000000000000, 4.000000000000000000 ) ) ;
#1591 = CARTESIAN_POINT ( 'NONE',  ( 75.00000000000000000, 14.99999999999999289, 4.000000000000000000 ) ) ;
#1592 = CYLINDRICAL_SURFACE ( 'NONE', #144, 20.00000000000000355 ) ;
#1593 = ORIENTED_EDGE ( 'NONE', *, *, #1397, .F. ) ;
#1594 = DIRECTION ( 'NONE',  ( 0.000000000000000000, 0.000000000000000000, -1.000000000000000000 ) ) ;
#1595 = EDGE_CURVE ( 'NONE', #65, #837, #885, .T. ) ;
#1596 = SURFACE_STYLE_FILL_AREA ( #974 ) ;
#1597 = ORIENTED_EDGE ( 'NONE', *, *, #886, .F. ) ;
#1598 = ADVANCED_FACE ( 'NONE', ( #1064 ), #1526, .F. ) ;
#1599 = CYLINDRICAL_SURFACE ( 'NONE', #1162, 2.000000000000001776 ) ;
#1600 = EDGE_CURVE ( 'NONE', #1604, #221, #1074, .T. ) ;
#1601 = ORIENTED_EDGE ( 'NONE', *, *, #657, .T. ) ;
#1602 = CARTESIAN_POINT ( 'NONE',  ( 80.00000000000000000, 0.000000000000000000, 4.000000000000000000 ) ) ;
#1603 = DIRECTION ( 'NONE',  ( 1.000000000000000000, 0.000000000000000000, 0.000000000000000000 ) ) ;
#1604 = VERTEX_POINT ( 'NONE', #586 ) ;
#1605 = DIRECTION ( 'NONE',  ( 1.000000000000000000, 8.673617379884035472E-17, -0.000000000000000000 ) ) ;
#1606 = EDGE_CURVE ( 'NONE', #1108, #559, #788, .T. ) ;
#1607 = CARTESIAN_POINT ( 'NONE',  ( -62.97545269921549504, 27.60328211225517592, 10.00000000000000000 ) ) ;
#1608 = LINE ( 'NONE', #1935, #1885 ) ;
#1609 = ORIENTED_EDGE ( 'NONE', *, *, #285, .F. ) ;
#1610 = DIRECTION ( 'NONE',  ( -0.000000000000000000, 0.000000000000000000, -1.000000000000000000 ) ) ;
#1611 = AXIS2_PLACEMENT_3D ( 'NONE', #456, #804, #479 ) ;
#1612 = VECTOR ( 'NONE', #1185, 1000.000000000000000 ) ;
#1613 = FACE_OUTER_BOUND ( 'NONE', #1347, .T. ) ;
#1614 = CIRCLE ( 'NONE', #407, 10.00000000000000000 ) ;
#1615 = ORIENTED_EDGE ( 'NONE', *, *, #1084, .T. ) ;
#1616 = CYLINDRICAL_SURFACE ( 'NONE', #314, 10.00000000000000000 ) ;
#1617 = VECTOR ( 'NONE', #1976, 1000.000000000000000 ) ;
#1618 = AXIS2_PLACEMENT_3D ( 'NONE', #452, #171, #611 ) ;
#1619 = ORIENTED_EDGE ( 'NONE', *, *, #1217, .F. ) ;
#1620 = CARTESIAN_POINT ( 'NONE',  ( -100.8208862673108115, 2.744996978003556354, 0.000000000000000000 ) ) ;
#1621 = ORIENTED_EDGE ( 'NONE', *, *, #151, .T. ) ;
#1622 = FACE_OUTER_BOUND ( 'NONE', #525, .T. ) ;
#1623 = EDGE_CURVE ( 'NONE', #552, #1008, #502, .T. ) ;
#1624 = DIRECTION ( 'NONE',  ( 0.000000000000000000, 0.000000000000000000, -1.000000000000000000 ) ) ;
#1625 = ORIENTED_EDGE ( 'NONE', *, *, #1249, .F. ) ;
#1626 = FACE_OUTER_BOUND ( 'NONE', #1973, .T. ) ;
#1627 =( NAMED_UNIT ( * ) PLANE_ANGLE_UNIT ( ) SI_UNIT ( $, .RADIAN. ) );
#1628 = CARTESIAN_POINT ( 'NONE',  ( 102.3106079443962528, 36.27300910787915456, 0.000000000000000000 ) ) ;
#1629 = CARTESIAN_POINT ( 'NONE',  ( 44.50000000007050005, 0.000000000000000000, 23.39999999999994884 ) ) ;
#1630 = ORIENTED_EDGE ( 'NONE', *, *, #367, .T. ) ;
#1631 = EDGE_CURVE ( 'NONE', #348, #935, #761, .T. ) ;
#1632 = CARTESIAN_POINT ( 'NONE',  ( 75.00000000000000000, -15.00000000000000711, 4.000000000000000000 ) ) ;
#1633 = CARTESIAN_POINT ( 'NONE',  ( 47.50000000000000711, 14.49999999999999822, 20.39999999999994529 ) ) ;
#1634 = CARTESIAN_POINT ( 'NONE',  ( 98.45872804232040210, 39.46095848325891353, 7.500000000000000000 ) ) ;
#1635 = DIRECTION ( 'NONE',  ( 0.000000000000000000, 0.000000000000000000, -1.000000000000000000 ) ) ;
#1636 = DIRECTION ( 'NONE',  ( 0.000000000000000000, 1.000000000000000000, 0.000000000000000000 ) ) ;
#1637 = PRODUCT_CONTEXT ( 'NONE', #1913, 'mechanical' ) ;
#1638 = ORIENTED_EDGE ( 'NONE', *, *, #1569, .T. ) ;
#1639 = EDGE_CURVE ( 'NONE', #472, #938, #1745, .T. ) ;
#1640 = DIRECTION ( 'NONE',  ( -0.000000000000000000, -0.000000000000000000, 1.000000000000000000 ) ) ;
#1641 = CARTESIAN_POINT ( 'NONE',  ( 2.449999999999998401, -20.99999999999999289, 6.699999999999976197 ) ) ;
#1642 = AXIS2_PLACEMENT_3D ( 'NONE', #1145, #1450, #1764 ) ;
#1643 = VECTOR ( 'NONE', #1352, 1000.000000000000000 ) ;
#1644 = DIRECTION ( 'NONE',  ( -0.000000000000000000, -0.000000000000000000, -1.000000000000000000 ) ) ;
#1645 = VERTEX_POINT ( 'NONE', #451 ) ;
#1646 = ORIENTED_EDGE ( 'NONE', *, *, #592, .T. ) ;
#1647 = AXIS2_PLACEMENT_3D ( 'NONE', #1523, #1894, #785 ) ;
#1648 = VECTOR ( 'NONE', #1561, 1000.000000000000000 ) ;
#1649 = AXIS2_PLACEMENT_3D ( 'NONE', #1674, #1832, #1687 ) ;
#1650 = AXIS2_PLACEMENT_3D ( 'NONE', #113, #730, #1032 ) ;
#1651 = DIRECTION ( 'NONE',  ( -0.000000000000000000, -0.000000000000000000, 1.000000000000000000 ) ) ;
#1652 = EDGE_LOOP ( 'NONE', ( #792, #1114 ) ) ;
#1653 = DIRECTION ( 'NONE',  ( 1.000000000000000000, 8.673617379884035472E-17, -0.000000000000000000 ) ) ;
#1654 = DIRECTION ( 'NONE',  ( -0.000000000000000000, -0.000000000000000000, -1.000000000000000000 ) ) ;
#1655 = CARTESIAN_POINT ( 'NONE',  ( 27.50000000000000000, -24.99999999999999645, 6.400000000019104185 ) ) ;
#1656 = CARTESIAN_POINT ( 'NONE',  ( -50.49999999992839861, 0.000000000000000000, 23.39999999999994884 ) ) ;
#1657 = EDGE_LOOP ( 'NONE', ( #261, #847, #358, #1805 ) ) ;
#1658 = DIRECTION ( 'NONE',  ( -8.673617379884035472E-17, -1.000000000000000000, -0.000000000000000000 ) ) ;
#1659 = EDGE_CURVE ( 'NONE', #627, #1008, #1082, .T. ) ;
#1660 = CARTESIAN_POINT ( 'NONE',  ( -73.00000000000000000, -15.00000000000000711, 4.000000000000000000 ) ) ;
#1661 = ORIENTED_EDGE ( 'NONE', *, *, #1569, .F. ) ;
#1662 = EDGE_CURVE ( 'NONE', #1079, #489, #1822, .T. ) ;
#1663 = ORIENTED_EDGE ( 'NONE', *, *, #1966, .T. ) ;
#1664 = DIRECTION ( 'NONE',  ( 1.000000000000000000, 0.000000000000000000, 0.000000000000000000 ) ) ;
#1665 = PLANE ( 'NONE',  #1650 ) ;
#1666 = DIRECTION ( 'NONE',  ( -0.7470101013176738691, -0.6648126867993410238, 0.000000000000000000 ) ) ;
#1667 = ORIENTED_EDGE ( 'NONE', *, *, #1286, .T. ) ;
#1668 = EDGE_CURVE ( 'NONE', #69, #1862, #905, .T. ) ;
#1669 = DIRECTION ( 'NONE',  ( -0.000000000000000000, -0.000000000000000000, -1.000000000000000000 ) ) ;
#1670 = MANIFOLD_SOLID_BREP ( 'Cut-Extrude5', #992 ) ;
#1671 = LINE ( 'NONE', #121, #695 ) ;
#1672 = ORIENTED_EDGE ( 'NONE', *, *, #659, .F. ) ;
#1673 = ORIENTED_EDGE ( 'NONE', *, *, #1933, .T. ) ;
#1674 = CARTESIAN_POINT ( 'NONE',  ( -80.00000000000000000, 0.000000000000000000, 13.39999999999994884 ) ) ;
#1675 = CARTESIAN_POINT ( 'NONE',  ( 80.00000000000000000, 15.00000000000000178, 23.39999999999994884 ) ) ;
#1676 = FACE_BOUND ( 'NONE', #388, .T. ) ;
#1677 = CARTESIAN_POINT ( 'NONE',  ( -80.00000000000000000, -24.99999999999998579, 4.000000000000000000 ) ) ;
#1678 = CIRCLE ( 'NONE', #953, 14.49999999999999822 ) ;
#1679 = DIRECTION ( 'NONE',  ( 0.000000000000000000, 0.000000000000000000, -1.000000000000000000 ) ) ;
#1680 = VECTOR ( 'NONE', #1704, 1000.000000000000000 ) ;
#1681 = AXIS2_PLACEMENT_3D ( 'NONE', #1469, #1594, #1161 ) ;
#1682 = VERTEX_POINT ( 'NONE', #1806 ) ;
#1683 = COLOUR_RGB ( '',0.7921568627450980005, 0.8196078431372548767, 0.9333333333333333481 ) ;
#1684 = CIRCLE ( 'NONE', #791, 14.99999999999998579 ) ;
#1685 = EDGE_LOOP ( 'NONE', ( #433, #1524, #1050, #1317 ) ) ;
#1686 = EDGE_CURVE ( 'NONE', #492, #426, #1038, .T. ) ;
#1687 = DIRECTION ( 'NONE',  ( 1.000000000000000000, 0.000000000000000000, 0.000000000000000000 ) ) ;
#1688 = DIRECTION ( 'NONE',  ( 1.000000000000000000, 7.304098846218134421E-17, 0.000000000000000000 ) ) ;
#1689 = EDGE_CURVE ( 'NONE', #747, #1862, #1798, .T. ) ;
#1690 = LINE ( 'NONE', #900, #466 ) ;
#1691 = DIRECTION ( 'NONE',  ( -0.000000000000000000, -0.000000000000000000, -1.000000000000000000 ) ) ;
#1692 = CARTESIAN_POINT ( 'NONE',  ( -113.2547104423904756, 27.60328211225517592, 0.000000000000000000 ) ) ;
#1693 = EDGE_LOOP ( 'NONE', ( #1987, #876, #798, #696 ) ) ;
#1694 = ORIENTED_EDGE ( 'NONE', *, *, #749, .T. ) ;
#1695 = EDGE_CURVE ( 'NONE', #938, #254, #709, .T. ) ;
#1696 = DIRECTION ( 'NONE',  ( -8.673617379884035472E-17, -1.000000000000000000, 0.000000000000000000 ) ) ;
#1697 = CARTESIAN_POINT ( 'NONE',  ( -80.00000000000000000, 0.000000000000000000, 0.000000000000000000 ) ) ;
#1698 = DIRECTION ( 'NONE',  ( 0.000000000000000000, 0.000000000000000000, -1.000000000000000000 ) ) ;
#1699 = ORIENTED_EDGE ( 'NONE', *, *, #238, .F. ) ;
#1700 = DIRECTION ( 'NONE',  ( 0.000000000000000000, 0.000000000000000000, 1.000000000000000000 ) ) ;
#1701 = VERTEX_POINT ( 'NONE', #103 ) ;
#1702 = CARTESIAN_POINT ( 'NONE',  ( 27.50000000000000000, -9.999999999999998224, 6.400000000019104185 ) ) ;
#1703 = ORIENTED_EDGE ( 'NONE', *, *, #1974, .F. ) ;
#1704 = DIRECTION ( 'NONE',  ( -0.000000000000000000, -0.000000000000000000, -1.000000000000000000 ) ) ;
#1705 = DIRECTION ( 'NONE',  ( -1.000000000000000000, -2.081668171172169697E-15, 0.000000000000000000 ) ) ;
#1706 = ORIENTED_EDGE ( 'NONE', *, *, #1751, .F. ) ;
#1707 = DIRECTION ( 'NONE',  ( 1.000000000000000000, 0.000000000000000000, 0.000000000000000000 ) ) ;
#1708 = ORIENTED_EDGE ( 'NONE', *, *, #273, .T. ) ;
#1709 = AXIS2_PLACEMENT_3D ( 'NONE', #1512, #411, #425 ) ;
#1710 = AXIS2_PLACEMENT_3D ( 'NONE', #1632, #1002, #94 ) ;
#1711 = CARTESIAN_POINT ( 'NONE',  ( -100.8208862673108115, 2.744996978003542143, 0.000000000000000000 ) ) ;
#1712 = ORIENTED_EDGE ( 'NONE', *, *, #1600, .T. ) ;
#1713 = AXIS2_PLACEMENT_3D ( 'NONE', #1216, #740, #1981 ) ;
#1714 = AXIS2_PLACEMENT_3D ( 'NONE', #1734, #141, #1100 ) ;
#1715 = AXIS2_PLACEMENT_3D ( 'NONE', #1732, #1537, #336 ) ;
#1716 = DIRECTION ( 'NONE',  ( 0.000000000000000000, 0.000000000000000000, 1.000000000000000000 ) ) ;
#1717 = ORIENTED_EDGE ( 'NONE', *, *, #1326, .T. ) ;
#1718 = DIRECTION ( 'NONE',  ( 0.000000000000000000, 0.000000000000000000, 1.000000000000000000 ) ) ;
#1719 = VERTEX_POINT ( 'NONE', #1014 ) ;
#1720 = CARTESIAN_POINT ( 'NONE',  ( 27.50000000000000000, -24.99999999999999645, 6.400000000019104185 ) ) ;
#1721 = VERTEX_POINT ( 'NONE', #718 ) ;
#1722 = ADVANCED_FACE ( 'NONE', ( #243 ), #858, .F. ) ;
#1723 = LINE ( 'NONE', #441, #731 ) ;
#1724 = DIRECTION ( 'NONE',  ( 0.000000000000000000, 0.000000000000000000, -1.000000000000000000 ) ) ;
#1725 = ORIENTED_EDGE ( 'NONE', *, *, #1508, .F. ) ;
#1726 = FACE_OUTER_BOUND ( 'NONE', #1068, .T. ) ;
#1727 = ADVANCED_FACE ( 'NONE', ( #1975 ), #1196, .F. ) ;
#1728 = DIRECTION ( 'NONE',  ( 0.000000000000000000, 0.000000000000000000, -1.000000000000000000 ) ) ;
#1729 = ORIENTED_EDGE ( 'NONE', *, *, #1312, .T. ) ;
#1730 = DIRECTION ( 'NONE',  ( -8.673617379884035472E-17, -1.000000000000000000, -0.000000000000000000 ) ) ;
#1731 = ORIENTED_EDGE ( 'NONE', *, *, #639, .F. ) ;
#1732 = CARTESIAN_POINT ( 'NONE',  ( -80.00000000000000000, 0.000000000000000000, 4.000000000000000000 ) ) ;
#1733 = ORIENTED_EDGE ( 'NONE', *, *, #886, .T. ) ;
#1734 = CARTESIAN_POINT ( 'NONE',  ( 102.3106079443962528, 36.27300910787915456, 7.500000000000000000 ) ) ;
#1735 = DIRECTION ( 'NONE',  ( -0.000000000000000000, -0.000000000000000000, -1.000000000000000000 ) ) ;
#1736 = VERTEX_POINT ( 'NONE', #764 ) ;
#1737 = DIRECTION ( 'NONE',  ( 1.000000000000000000, 0.000000000000000000, 0.000000000000000000 ) ) ;
#1738 = ORIENTED_EDGE ( 'NONE', *, *, #1449, .F. ) ;
#1739 = CIRCLE ( 'NONE', #460, 2.550000000000000266 ) ;
#1740 = AXIS2_PLACEMENT_3D ( 'NONE', #1345, #118, #733 ) ;
#1741 = AXIS2_PLACEMENT_3D ( 'NONE', #539, #246, #861 ) ;
#1742 = ADVANCED_FACE ( 'NONE', ( #575 ), #1586, .F. ) ;
#1743 = AXIS2_PLACEMENT_3D ( 'NONE', #27, #1109, #1275 ) ;
#1744 = CARTESIAN_POINT ( 'NONE',  ( 52.50000000000000711, -13.61065758881619914, 6.400000000019104185 ) ) ;
#1745 = CIRCLE ( 'NONE', #1649, 24.99999999999998579 ) ;
#1746 = DIRECTION ( 'NONE',  ( 1.000000000000000000, -8.673617379884035472E-17, -0.000000000000000000 ) ) ;
#1747 = FACE_OUTER_BOUND ( 'NONE', #819, .T. ) ;
#1748 = ORIENTED_EDGE ( 'NONE', *, *, #1042, .F. ) ;
#1749 = FACE_OUTER_BOUND ( 'NONE', #1003, .T. ) ;
#1750 = VECTOR ( 'NONE', #1746, 1000.000000000000000 ) ;
#1751 = EDGE_CURVE ( 'NONE', #938, #97, #1874, .T. ) ;
#1752 = EDGE_CURVE ( 'NONE', #636, #747, #963, .T. ) ;
#1753 = DIRECTION ( 'NONE',  ( 1.000000000000000000, 0.000000000000000000, 0.000000000000000000 ) ) ;
#1754 = VERTEX_POINT ( 'NONE', #1446 ) ;
#1755 = FACE_OUTER_BOUND ( 'NONE', #447, .T. ) ;
#1756 = VERTEX_POINT ( 'NONE', #1562 ) ;
#1757 = ADVANCED_FACE ( 'NONE', ( #166, #630, #779 ), #1110, .F. ) ;
#1758 = EDGE_CURVE ( 'NONE', #1406, #1278, #825, .T. ) ;
#1759 = CARTESIAN_POINT ( 'NONE',  ( 70.59134411930288877, 25.00000000000000000, 0.000000000000000000 ) ) ;
#1760 = DIRECTION ( 'NONE',  ( 1.000000000000000000, -8.673617379884035472E-17, 0.000000000000000000 ) ) ;
#1761 = VERTEX_POINT ( 'NONE', #1572 ) ;
#1762 = DIRECTION ( 'NONE',  ( -1.000000000000000000, 0.000000000000000000, 0.000000000000000000 ) ) ;
#1763 = ORIENTED_EDGE ( 'NONE', *, *, #701, .T. ) ;
#1764 = DIRECTION ( 'NONE',  ( 1.000000000000000000, 0.000000000000000000, 0.000000000000000000 ) ) ;
#1765 = ORIENTED_EDGE ( 'NONE', *, *, #1019, .F. ) ;
#1766 = EDGE_CURVE ( 'NONE', #1046, #1288, #1134, .T. ) ;
#1767 = CARTESIAN_POINT ( 'NONE',  ( -47.49999999992839861, 0.000000000000000000, 23.39999999999994884 ) ) ;
#1768 = DIRECTION ( 'NONE',  ( -8.673617379884035472E-17, -1.000000000000000000, -0.000000000000000000 ) ) ;
#1769 = EDGE_LOOP ( 'NONE', ( #301, #1566, #150, #1882 ) ) ;
#1770 = CARTESIAN_POINT ( 'NONE',  ( -112.0762186952164541, 38.42541396372407547, 10.00000000000000000 ) ) ;
#1771 = DIRECTION ( 'NONE',  ( 0.6375898750759508848, 0.7703759804151694146, 0.000000000000000000 ) ) ;
#1772 = DIRECTION ( 'NONE',  ( 0.000000000000000000, 0.000000000000000000, -1.000000000000000000 ) ) ;
#1773 = CARTESIAN_POINT ( 'NONE',  ( 95.00000000000000000, 0.000000000000000000, 23.39999999999994884 ) ) ;
#1774 = ORIENTED_EDGE ( 'NONE', *, *, #2006, .T. ) ;
#1775 = EDGE_CURVE ( 'NONE', #182, #78, #200, .T. ) ;
#1776 = DIRECTION ( 'NONE',  ( -8.673617379884035472E-17, -1.000000000000000000, 0.000000000000000000 ) ) ;
#1777 = FACE_BOUND ( 'NONE', #1802, .T. ) ;
#1778 = VECTOR ( 'NONE', #1956, 1000.000000000000000 ) ;
#1779 = AXIS2_PLACEMENT_3D ( 'NONE', #1628, #1635, #1941 ) ;
#1780 = AXIS2_PLACEMENT_3D ( 'NONE', #1474, #849, #1959 ) ;
#1781 = CYLINDRICAL_SURFACE ( 'NONE', #310, 2.000000000000001776 ) ;
#1782 = AXIS2_PLACEMENT_3D ( 'NONE', #1842, #1053, #711 ) ;
#1783 = VERTEX_POINT ( 'NONE', #1277 ) ;
#1784 = CARTESIAN_POINT ( 'NONE',  ( 47.50000000000000711, -14.49999999999999822, 0.000000000000000000 ) ) ;
#1785 = TOROIDAL_SURFACE ( 'NONE', #888, 14.99999999999998757, 10.00000000000000000 ) ;
#1786 = AXIS2_PLACEMENT_3D ( 'NONE', #934, #319, #1705 ) ;
#1787 = PRODUCT_DEFINITION_FORMATION_WITH_SPECIFIED_SOURCE ( 'ANY', '', #1272, .NOT_KNOWN. ) ;
#1788 = DIRECTION ( 'NONE',  ( 0.000000000000000000, 0.000000000000000000, 1.000000000000000000 ) ) ;
#1789 = CARTESIAN_POINT ( 'NONE',  ( -85.99886372760627751, 32.24820249848097120, 0.000000000000000000 ) ) ;
#1790 = ORIENTED_EDGE ( 'NONE', *, *, #306, .T. ) ;
#1791 = CARTESIAN_POINT ( 'NONE',  ( -102.3106079443962528, 36.27300910787915456, 7.500000000000000000 ) ) ;
#1792 = EDGE_LOOP ( 'NONE', ( #1570, #1359, #1560, #3 ) ) ;
#1793 = CARTESIAN_POINT ( 'NONE',  ( 83.85187990207585074, 21.81205062462024813, 0.000000000000000000 ) ) ;
#1794 = ORIENTED_EDGE ( 'NONE', *, *, #1662, .F. ) ;
#1795 = ADVANCED_FACE ( 'NONE', ( #664 ), #1785, .T. ) ;
#1796 = DIRECTION ( 'NONE',  ( -0.6375898750759507738, -0.7703759804151694146, 0.000000000000000000 ) ) ;
#1797 = ORIENTED_EDGE ( 'NONE', *, *, #712, .T. ) ;
#1798 = LINE ( 'NONE', #689, #1194 ) ;
#1799 = CARTESIAN_POINT ( 'NONE',  ( 100.8208862673108115, 2.744996978003542143, 7.500000000000000000 ) ) ;
#1800 = FACE_OUTER_BOUND ( 'NONE', #839, .T. ) ;
#1801 = CARTESIAN_POINT ( 'NONE',  ( 73.00000000000000000, 14.99999999999999289, 4.000000000000000000 ) ) ;
#1802 = EDGE_LOOP ( 'NONE', ( #1507, #74 ) ) ;
#1803 = ORIENTED_EDGE ( 'NONE', *, *, #1155, .T. ) ;
#1804 = CARTESIAN_POINT ( 'NONE',  ( 75.00000000000000000, 14.99999999999999289, 4.000000000000000000 ) ) ;
#1805 = ORIENTED_EDGE ( 'NONE', *, *, #38, .T. ) ;
#1806 = CARTESIAN_POINT ( 'NONE',  ( -62.00000000000000000, 0.000000000000000000, 0.000000000000000000 ) ) ;
#1807 = LINE ( 'NONE', #1314, #142 ) ;
#1808 = EDGE_CURVE ( 'NONE', #1900, #472, #53, .T. ) ;
#1809 = VECTOR ( 'NONE', #1310, 1000.000000000000000 ) ;
#1810 = CARTESIAN_POINT ( 'NONE',  ( -94.60684814024456557, 42.64890785863865830, 10.00000000000000000 ) ) ;
#1811 = AXIS2_PLACEMENT_3D ( 'NONE', #971, #1457, #57 ) ;
#1812 = AXIS2_PLACEMENT_3D ( 'NONE', #290, #1858, #2001 ) ;
#1813 = DIRECTION ( 'NONE',  ( -0.6648126867993409128, -0.7470101013176738691, -0.000000000000000000 ) ) ;
#1814 = EDGE_CURVE ( 'NONE', #917, #556, #1883, .T. ) ;
#1815 = FACE_OUTER_BOUND ( 'NONE', #1472, .T. ) ;
#1816 = STYLED_ITEM ( 'NONE', ( #201 ), #1670 ) ;
#1817 = AXIS2_PLACEMENT_3D ( 'NONE', #1066, #1979, #899 ) ;
#1818 = EDGE_CURVE ( 'NONE', #1721, #326, #927, .T. ) ;
#1819 = CIRCLE ( 'NONE', #350, 45.27925774317498053 ) ;
#1820 = CARTESIAN_POINT ( 'NONE',  ( 80.00000000000000000, 0.000000000000000000, 23.39999999999994884 ) ) ;
#1821 = ORIENTED_EDGE ( 'NONE', *, *, #1042, .T. ) ;
#1822 = LINE ( 'NONE', #1039, #119 ) ;
#1823 = EDGE_CURVE ( 'NONE', #716, #751, #1907, .T. ) ;
#1824 = DIRECTION ( 'NONE',  ( -1.000000000000000000, 0.000000000000000000, 0.000000000000000000 ) ) ;
#1825 = DIRECTION ( 'NONE',  ( -1.000000000000000000, 0.000000000000000000, 0.000000000000000000 ) ) ;
#1826 = CARTESIAN_POINT ( 'NONE',  ( 100.8208862673108115, 2.744996978003542143, 7.500000000000000000 ) ) ;
#1827 = LINE ( 'NONE', #259, #1419 ) ;
#1828 = CARTESIAN_POINT ( 'NONE',  ( 112.0762186952164541, 38.42541396372408968, 0.000000000000000000 ) ) ;
#1829 = VERTEX_POINT ( 'NONE', #1634 ) ;
#1830 = DIRECTION ( 'NONE',  ( 0.000000000000000000, 0.000000000000000000, 1.000000000000000000 ) ) ;
#1831 = ORIENTED_EDGE ( 'NONE', *, *, #296, .F. ) ;
#1832 = DIRECTION ( 'NONE',  ( -0.000000000000000000, -0.000000000000000000, -1.000000000000000000 ) ) ;
#1833 = FACE_OUTER_BOUND ( 'NONE', #427, .T. ) ;
#1834 = DIRECTION ( 'NONE',  ( -0.000000000000000000, -0.000000000000000000, -1.000000000000000000 ) ) ;
#1835 = CARTESIAN_POINT ( 'NONE',  ( -83.85187990207585074, 21.81205062462024813, 7.500000000000000000 ) ) ;
#1836 = CARTESIAN_POINT ( 'NONE',  ( -44.49999999992839861, 3.673940397442059868E-16, 20.39999999999994884 ) ) ;
#1837 = EDGE_CURVE ( 'NONE', #1377, #36, #86, .T. ) ;
#1838 = ORIENTED_EDGE ( 'NONE', *, *, #1433, .T. ) ;
#1839 = DIRECTION ( 'NONE',  ( -1.000000000000000000, -8.673617379884035472E-17, 0.000000000000000000 ) ) ;
#1840 = ORIENTED_EDGE ( 'NONE', *, *, #739, .T. ) ;
#1841 = ADVANCED_FACE ( 'NONE', ( #250 ), #836, .F. ) ;
#1842 = CARTESIAN_POINT ( 'NONE',  ( 80.00000000000000000, 0.000000000000000000, 4.000000000000000000 ) ) ;
#1843 = DIRECTION ( 'NONE',  ( 1.000000000000000000, 8.673617379884035472E-17, 0.000000000000000000 ) ) ;
#1844 = VERTEX_POINT ( 'NONE', #983 ) ;
#1845 = CARTESIAN_POINT ( 'NONE',  ( 47.50000000000000711, 14.49999999999999822, 4.000000000000000000 ) ) ;
#1846 = AXIS2_PLACEMENT_3D ( 'NONE', #998, #679, #544 ) ;
#1847 = CARTESIAN_POINT ( 'NONE',  ( 50.50000000007050005, 3.673940397442059868E-16, 23.39999999999994884 ) ) ;
#1848 = EDGE_CURVE ( 'NONE', #1719, #1829, #1344, .T. ) ;
#1849 = VECTOR ( 'NONE', #1768, 1000.000000000000000 ) ;
#1850 = CIRCLE ( 'NONE', #762, 45.27925774317498053 ) ;
#1851 = VERTEX_POINT ( 'NONE', #993 ) ;
#1852 = VECTOR ( 'NONE', #1830, 1000.000000000000000 ) ;
#1853 = AXIS2_PLACEMENT_3D ( 'NONE', #228, #72, #505 ) ;
#1854 = ORIENTED_EDGE ( 'NONE', *, *, #98, .F. ) ;
#1855 = DIRECTION ( 'NONE',  ( -1.000000000000000000, 0.000000000000000000, 0.000000000000000000 ) ) ;
#1856 = CARTESIAN_POINT ( 'NONE',  ( 27.50000000000000000, -24.99999999999999645, 13.39999999999994884 ) ) ;
#1857 = EDGE_LOOP ( 'NONE', ( #1429, #271 ) ) ;
#1858 = DIRECTION ( 'NONE',  ( 0.7470101013176738691, -0.6648126867993410238, 0.000000000000000000 ) ) ;
#1859 = DIRECTION ( 'NONE',  ( 1.000000000000000000, 0.000000000000000000, 0.000000000000000000 ) ) ;
#1860 = ORIENTED_EDGE ( 'NONE', *, *, #52, .T. ) ;
#1861 = LINE ( 'NONE', #1279, #991 ) ;
#1862 = VERTEX_POINT ( 'NONE', #68 ) ;
#1863 = CARTESIAN_POINT ( 'NONE',  ( 77.00000000000000000, 14.99999999999999289, 4.000000000000000000 ) ) ;
#1864 = DIRECTION ( 'NONE',  ( -1.000000000000000000, 0.000000000000000000, 0.000000000000000000 ) ) ;
#1865 = ORIENTED_EDGE ( 'NONE', *, *, #1151, .T. ) ;
#1866 = CARTESIAN_POINT ( 'NONE',  ( -75.00000000000000000, -15.00000000000000711, 4.000000000000000000 ) ) ;
#1867 = ORIENTED_EDGE ( 'NONE', *, *, #1823, .T. ) ;
#1868 = CARTESIAN_POINT ( 'NONE',  ( 7.549999999999998934, -24.99999999999999289, 6.699999999999976197 ) ) ;
#1869 = ORIENTED_EDGE ( 'NONE', *, *, #937, .F. ) ;
#1870 = CARTESIAN_POINT ( 'NONE',  ( 47.50000000007050005, 0.000000000000000000, 23.39999999999994884 ) ) ;
#1871 = ADVANCED_FACE ( 'NONE', ( #1393 ), #297, .F. ) ;
#1872 = ORIENTED_EDGE ( 'NONE', *, *, #1837, .F. ) ;
#1873 = DIRECTION ( 'NONE',  ( 1.000000000000000000, 0.000000000000000000, -0.000000000000000000 ) ) ;
#1874 = LINE ( 'NONE', #176, #1227 ) ;
#1875 = VERTEX_POINT ( 'NONE', #258 ) ;
#1876 = AXIS2_PLACEMENT_3D ( 'NONE', #1942, #291, #1375 ) ;
#1877 = AXIS2_PLACEMENT_3D ( 'NONE', #434, #1669, #1047 ) ;
#1878 = ADVANCED_FACE ( 'NONE', ( #1200 ), #892, .F. ) ;
#1879 = AXIS2_PLACEMENT_3D ( 'NONE', #617, #428, #1998 ) ;
#1880 = AXIS2_PLACEMENT_3D ( 'NONE', #1866, #1396, #1245 ) ;
#1881 = DIRECTION ( 'NONE',  ( 0.000000000000000000, 0.000000000000000000, 1.000000000000000000 ) ) ;
#1882 = ORIENTED_EDGE ( 'NONE', *, *, #1433, .F. ) ;
#1883 = CIRCLE ( 'NONE', #1983, 45.27925774317498053 ) ;
#1884 = AXIS2_PLACEMENT_3D ( 'NONE', #1602, #987, #673 ) ;
#1885 = VECTOR ( 'NONE', #1007, 1000.000000000000000 ) ;
#1886 = DIRECTION ( 'NONE',  ( 1.000000000000000000, 0.000000000000000000, 0.000000000000000000 ) ) ;
#1887 = EDGE_CURVE ( 'NONE', #837, #65, #537, .T. ) ;
#1888 = ORIENTED_EDGE ( 'NONE', *, *, #1370, .F. ) ;
#1889 = FACE_OUTER_BOUND ( 'NONE', #1589, .T. ) ;
#1890 = VERTEX_POINT ( 'NONE', #569 ) ;
#1891 = CARTESIAN_POINT ( 'NONE',  ( -75.00000000000000000, 14.99999999999999289, 0.000000000000000000 ) ) ;
#1892 = ORIENTED_EDGE ( 'NONE', *, *, #1337, .T. ) ;
#1893 = FACE_OUTER_BOUND ( 'NONE', #1542, .T. ) ;
#1894 = DIRECTION ( 'NONE',  ( 1.000000000000000000, 0.000000000000000000, 0.000000000000000000 ) ) ;
#1895 = ORIENTED_EDGE ( 'NONE', *, *, #668, .T. ) ;
#1896 = DIRECTION ( 'NONE',  ( -1.000000000000000000, 0.000000000000000000, 0.000000000000000000 ) ) ;
#1897 = ORIENTED_EDGE ( 'NONE', *, *, #1395, .F. ) ;
#1898 = ADVANCED_FACE ( 'NONE', ( #1351, #117, #138, #1379, #1992, #1676, #1230, #1054 ), #732, .F. ) ;
#1899 = DIRECTION ( 'NONE',  ( -1.000000000000000000, 0.000000000000000000, -0.000000000000000000 ) ) ;
#1900 = VERTEX_POINT ( 'NONE', #1502 ) ;
#1901 = EDGE_CURVE ( 'NONE', #1468, #483, #423, .T. ) ;
#1902 = PLANE ( 'NONE',  #1884 ) ;
#1903 = EDGE_CURVE ( 'NONE', #1851, #321, #1076, .T. ) ;
#1904 = FACE_OUTER_BOUND ( 'NONE', #1231, .T. ) ;
#1905 = EDGE_LOOP ( 'NONE', ( #641, #656, #213, #1821, #335 ) ) ;
#1906 = FACE_BOUND ( 'NONE', #1306, .T. ) ;
#1907 = LINE ( 'NONE', #494, #1460 ) ;
#1908 = SURFACE_SIDE_STYLE ('',( #1596 ) ) ;
#1909 = ORIENTED_EDGE ( 'NONE', *, *, #1176, .T. ) ;
#1910 = ADVANCED_FACE ( 'NONE', ( #1187 ), #1045, .F. ) ;
#1911 = DIRECTION ( 'NONE',  ( -8.673617379884035472E-17, -1.000000000000000000, -0.000000000000000000 ) ) ;
#1912 = ORIENTED_EDGE ( 'NONE', *, *, #1538, .F. ) ;
#1913 = APPLICATION_CONTEXT ( 'automotive_design' ) ;
#1914 = AXIS2_PLACEMENT_3D ( 'NONE', #670, #49, #1796 ) ;
#1915 = AXIS2_PLACEMENT_3D ( 'NONE', #893, #752, #133 ) ;
#1916 = AXIS2_PLACEMENT_3D ( 'NONE', #1159, #1654, #1977 ) ;
#1917 = VECTOR ( 'NONE', #463, 1000.000000000000000 ) ;
#1918 = PLANE ( 'NONE',  #1853 ) ;
#1919 = AXIS2_PLACEMENT_3D ( 'NONE', #414, #915, #904 ) ;
#1920 = CIRCLE ( 'NONE', #1136, 2.000000000000001776 ) ;
#1921 = DIRECTION ( 'NONE',  ( -8.673617379884035472E-17, -1.000000000000000000, -0.000000000000000000 ) ) ;
#1922 = ORIENTED_EDGE ( 'NONE', *, *, #1926, .T. ) ;
#1923 = CARTESIAN_POINT ( 'NONE',  ( 80.00000000000000000, 15.00000000000000178, 13.39999999999994884 ) ) ;
#1924 = DIRECTION ( 'NONE',  ( 1.000000000000000000, 0.000000000000000000, 0.000000000000000000 ) ) ;
#1925 = DIRECTION ( 'NONE',  ( -0.000000000000000000, -0.000000000000000000, -1.000000000000000000 ) ) ;
#1926 = EDGE_CURVE ( 'NONE', #102, #917, #1690, .T. ) ;
#1927 = CARTESIAN_POINT ( 'NONE',  ( -75.00000000000000000, 14.99999999999999289, 4.000000000000000000 ) ) ;
#1928 = ORIENTED_EDGE ( 'NONE', *, *, #7, .F. ) ;
#1929 = LINE ( 'NONE', #831, #997 ) ;
#1930 = CYLINDRICAL_SURFACE ( 'NONE', #1947, 50.27925774317498764 ) ;
#1931 = VERTEX_POINT ( 'NONE', #1856 ) ;
#1932 = FACE_OUTER_BOUND ( 'NONE', #1104, .T. ) ;
#1933 = EDGE_CURVE ( 'NONE', #1540, #1682, #878, .T. ) ;
#1934 = DIRECTION ( 'NONE',  ( -8.673617379884035472E-17, -1.000000000000000000, 0.000000000000000000 ) ) ;
#1935 = CARTESIAN_POINT ( 'NONE',  ( 70.59134411930288877, 25.00000000000000000, 4.000000000000000000 ) ) ;
#1936 = ORIENTED_EDGE ( 'NONE', *, *, #1752, .F. ) ;
#1937 = CARTESIAN_POINT ( 'NONE',  ( -75.00000000000000000, -15.00000000000000711, 0.000000000000000000 ) ) ;
#1938 = DIRECTION ( 'NONE',  ( -8.673617379884035472E-17, -1.000000000000000000, -0.000000000000000000 ) ) ;
#1939 = ORIENTED_EDGE ( 'NONE', *, *, #897, .T. ) ;
#1940 = CARTESIAN_POINT ( 'NONE',  ( 80.00000000000000000, -15.00000000000000178, 23.39999999999994884 ) ) ;
#1941 = DIRECTION ( 'NONE',  ( -1.000000000000000000, 0.000000000000000000, 0.000000000000000000 ) ) ;
#1942 = CARTESIAN_POINT ( 'NONE',  ( -80.00000000000000000, -14.99999999999998757, 13.39999999999994884 ) ) ;
#1943 = EDGE_CURVE ( 'NONE', #348, #1311, #1364, .T. ) ;
#1944 = VERTEX_POINT ( 'NONE', #1529 ) ;
#1945 = AXIS2_PLACEMENT_3D ( 'NONE', #1048, #734, #269 ) ;
#1946 = CIRCLE ( 'NONE', #854, 20.00000000000000355 ) ;
#1947 = AXIS2_PLACEMENT_3D ( 'NONE', #474, #1724, #517 ) ;
#1948 = DIRECTION ( 'NONE',  ( 0.000000000000000000, 0.000000000000000000, 1.000000000000000000 ) ) ;
#1949 = AXIS2_PLACEMENT_3D ( 'NONE', #1496, #446, #1078 ) ;
#1950 = ORIENTED_EDGE ( 'NONE', *, *, #236, .T. ) ;
#1951 = EDGE_CURVE ( 'NONE', #102, #736, #277, .T. ) ;
#1952 = FACE_OUTER_BOUND ( 'NONE', #177, .T. ) ;
#1953 = VECTOR ( 'NONE', #1208, 1000.000000000000000 ) ;
#1954 = CIRCLE ( 'NONE', #1258, 20.00000000000000355 ) ;
#1955 = ORIENTED_EDGE ( 'NONE', *, *, #1478, .F. ) ;
#1956 = DIRECTION ( 'NONE',  ( -0.000000000000000000, -0.000000000000000000, -1.000000000000000000 ) ) ;
#1957 = VERTEX_POINT ( 'NONE', #125 ) ;
#1958 = CARTESIAN_POINT ( 'NONE',  ( 105.0000000000000000, -1.734723475976807094E-14, 10.00000000000000000 ) ) ;
#1959 = DIRECTION ( 'NONE',  ( 1.000000000000000000, 0.000000000000000000, 0.000000000000000000 ) ) ;
#1960 = CARTESIAN_POINT ( 'NONE',  ( -70.59134411930288877, 44.99999999999998579, 10.00000000000000000 ) ) ;
#1961 = ORIENTED_EDGE ( 'NONE', *, *, #38, .F. ) ;
#1962 = CARTESIAN_POINT ( 'NONE',  ( 83.85187990207585074, 21.81205062462024813, 0.000000000000000000 ) ) ;
#1963 = DIRECTION ( 'NONE',  ( 1.000000000000000000, 0.000000000000000000, 0.000000000000000000 ) ) ;
#1964 = ORIENTED_EDGE ( 'NONE', *, *, #114, .F. ) ;
#1965 = EDGE_CURVE ( 'NONE', #1721, #480, #1063, .T. ) ;
#1966 = EDGE_CURVE ( 'NONE', #10, #1278, #2007, .T. ) ;
#1967 = LINE ( 'NONE', #553, #1612 ) ;
#1968 = ADVANCED_FACE ( 'NONE', ( #1242 ), #186, .F. ) ;
#1969 = DIRECTION ( 'NONE',  ( 1.000000000000000000, 0.000000000000000000, 0.000000000000000000 ) ) ;
#1970 = ORIENTED_EDGE ( 'NONE', *, *, #236, .F. ) ;
#1971 = DIRECTION ( 'NONE',  ( 1.000000000000000000, 0.000000000000000000, 0.000000000000000000 ) ) ;
#1972 = DIRECTION ( 'NONE',  ( -1.000000000000000000, -8.673617379884035472E-17, 0.000000000000000000 ) ) ;
#1973 = EDGE_LOOP ( 'NONE', ( #26, #1625, #1621, #678, #242, #1224 ) ) ;
#1974 = EDGE_CURVE ( 'NONE', #989, #97, #163, .T. ) ;
#1975 = FACE_OUTER_BOUND ( 'NONE', #1246, .T. ) ;
#1976 = DIRECTION ( 'NONE',  ( -8.673617379884035472E-17, -1.000000000000000000, -0.000000000000000000 ) ) ;
#1977 = DIRECTION ( 'NONE',  ( 1.000000000000000000, 0.000000000000000000, 0.000000000000000000 ) ) ;
#1978 = VECTOR ( 'NONE', #1972, 1000.000000000000000 ) ;
#1979 = DIRECTION ( 'NONE',  ( 1.000000000000000000, -8.673617379884035472E-17, -0.000000000000000000 ) ) ;
#1980 = CIRCLE ( 'NONE', #498, 25.00000000000000711 ) ;
#1981 = DIRECTION ( 'NONE',  ( 1.000000000000000000, 0.000000000000000000, -0.000000000000000000 ) ) ;
#1982 = FACE_OUTER_BOUND ( 'NONE', #1369, .T. ) ;
#1983 = AXIS2_PLACEMENT_3D ( 'NONE', #511, #1437, #1924 ) ;
#1984 = AXIS2_PLACEMENT_3D ( 'NONE', #1119, #1585, #799 ) ;
#1985 = AXIS2_PLACEMENT_3D ( 'NONE', #1870, #1716, #1558 ) ;
#1986 = DIRECTION ( 'NONE',  ( 0.000000000000000000, 0.000000000000000000, -1.000000000000000000 ) ) ;
#1987 = ORIENTED_EDGE ( 'NONE', *, *, #373, .T. ) ;
#1988 = PRODUCT_DEFINITION ( 'UNKNOWN', '', #1787, #1340 ) ;
#1989 = VERTEX_POINT ( 'NONE', #796 ) ;
#1990 = CARTESIAN_POINT ( 'NONE',  ( 100.8208862673108257, 2.744996978003559462, 7.500000000000000000 ) ) ;
#1991 = DIRECTION ( 'NONE',  ( 1.000000000000000000, 0.000000000000000000, 0.000000000000000000 ) ) ;
#1992 = FACE_BOUND ( 'NONE', #1373, .T. ) ;
#1993 = DIRECTION ( 'NONE',  ( -1.000000000000000000, 0.000000000000000000, 0.000000000000000000 ) ) ;
#1994 = DIRECTION ( 'NONE',  ( 0.000000000000000000, 0.000000000000000000, 1.000000000000000000 ) ) ;
#1995 = EDGE_CURVE ( 'NONE', #1149, #633, #1299, .T. ) ;
#1996 = ORIENTED_EDGE ( 'NONE', *, *, #1016, .T. ) ;
#1997 = EDGE_LOOP ( 'NONE', ( #1321, #675, #802, #1892 ) ) ;
#1998 = DIRECTION ( 'NONE',  ( 1.000000000000000000, 0.000000000000000000, 0.000000000000000000 ) ) ;
#1999 = CARTESIAN_POINT ( 'NONE',  ( -98.45872804232040210, 39.46095848325891353, 0.000000000000000000 ) ) ;
#2000 = DIRECTION ( 'NONE',  ( -0.6375898750759506628, 0.7703759804151694146, 0.000000000000000000 ) ) ;
#2001 = DIRECTION ( 'NONE',  ( 0.6648126867993410238, 0.7470101013176738691, 0.000000000000000000 ) ) ;
#2002 = CARTESIAN_POINT ( 'NONE',  ( 85.99886372760627751, 32.24820249848098541, 10.00000000000000000 ) ) ;
#2003 = EDGE_LOOP ( 'NONE', ( #1386, #284 ) ) ;
#2004 = VERTEX_POINT ( 'NONE', #942 ) ;
#2005 = CARTESIAN_POINT ( 'NONE',  ( 77.00000000000000000, -15.00000000000000711, 4.000000000000000000 ) ) ;
#2006 = EDGE_CURVE ( 'NONE', #1426, #741, #24, .T. ) ;
#2007 = LINE ( 'NONE', #601, #147 ) ;
#2008 = EDGE_CURVE ( 'NONE', #1604, #1377, #87, .T. ) ;
#2009 = EDGE_LOOP ( 'NONE', ( #224, #1646, #671, #1137 ) ) ;
#2010 = DIRECTION ( 'NONE',  ( 1.000000000000000000, 0.000000000000000000, 0.000000000000000000 ) ) ;
#2011 = VECTOR ( 'NONE', #1651, 1000.000000000000000 ) ;
#2012 = DIRECTION ( 'NONE',  ( -1.000000000000000000, 0.000000000000000000, 0.000000000000000000 ) ) ;
#2013 = AXIS2_PLACEMENT_3D ( 'NONE', #1367, #1679, #402 ) ;
#2014 = AXIS2_PLACEMENT_3D ( 'NONE', #231, #982, #1307 ) ;
#2015 = EDGE_LOOP ( 'NONE', ( #501, #234, #478, #780 ) ) ;
#2016 = AXIS2_PLACEMENT_3D ( 'NONE', #1401, #1696, #294 ) ;
#2017 = AXIS2_PLACEMENT_3D ( 'NONE', #1767, #979, #63 ) ;
#2018 = ORIENTED_EDGE ( 'NONE', *, *, #1051, .T. ) ;
#2019 = FACE_OUTER_BOUND ( 'NONE', #396, .T. ) ;
#2020 = ORIENTED_EDGE ( 'NONE', *, *, #1695, .T. ) ;
#2021 = FACE_OUTER_BOUND ( 'NONE', #421, .T. ) ;
ENDSEC;
END-ISO-10303-21;
