ISO-10303-21;
HEADER;
FILE_DESCRIPTION (( 'STEP AP214' ),
    '1' );
FILE_NAME ('3. Body Front.STEP',
    '2026-06-02T01:54:34',
    ( '' ),
    ( '' ),
    'SwSTEP 2.0',
    'SolidWorks 2026',
    '' );
FILE_SCHEMA (( 'AUTOMOTIVE_DESIGN' ));
ENDSEC;

DATA;
#1 = ORIENTED_EDGE ( 'NONE', *, *, #561, .F. ) ;
#2 = PLANE ( 'NONE',  #337 ) ;
#3 = CARTESIAN_POINT ( 'NONE',  ( -97.66941042923652105, -19.24296693483343290, -38.99999999999995026 ) ) ;
#4 = FACE_OUTER_BOUND ( 'NONE', #704, .T. ) ;
#5 = ORIENTED_EDGE ( 'NONE', *, *, #1002, .F. ) ;
#6 = EDGE_CURVE ( 'NONE', #425, #221, #1401, .T. ) ;
#7 = VECTOR ( 'NONE', #1423, 1000.000000000000000 ) ;
#8 = VECTOR ( 'NONE', #185, 1000.000000000000000 ) ;
#9 = DIRECTION ( 'NONE',  ( 0.4412983814944363425, 0.8973604284179188539, 0.000000000000000000 ) ) ;
#10 = EDGE_CURVE ( 'NONE', #1245, #823, #423, .T. ) ;
#11 = DIRECTION ( 'NONE',  ( 1.000000000000000000, 1.763635533909753814E-15, 0.000000000000000000 ) ) ;
#12 = VERTEX_POINT ( 'NONE', #730 ) ;
#13 = DIRECTION ( 'NONE',  ( 1.734723475976806700E-15, 0.000000000000000000, 1.000000000000000000 ) ) ;
#14 = DIRECTION ( 'NONE',  ( 0.000000000000000000, -1.000000000000000000, 0.000000000000000000 ) ) ;
#15 = CARTESIAN_POINT ( 'NONE',  ( -94.30280558860737017, -18.85637092912639545, -22.49999999999997868 ) ) ;
#16 = DIRECTION ( 'NONE',  ( 0.000000000000000000, 0.000000000000000000, -1.000000000000000000 ) ) ;
#17 = CARTESIAN_POINT ( 'NONE',  ( -128.9910702685402271, -5.855277381249324620, -33.99999999999995737 ) ) ;
#18 = CARTESIAN_POINT ( 'NONE',  ( -25.00000000000000000, -22.85637092912638835, -38.99999999999995737 ) ) ;
#19 = LINE ( 'NONE', #1230, #1045 ) ;
#20 = EDGE_CURVE ( 'NONE', #355, #1827, #1752, .T. ) ;
#21 = ORIENTED_EDGE ( 'NONE', *, *, #1257, .F. ) ;
#22 = LINE ( 'NONE', #1035, #1042 ) ;
#23 = CARTESIAN_POINT ( 'NONE',  ( -128.9910702685402271, 10.69768811881768755, -33.99999999999995737 ) ) ;
#24 = ORIENTED_EDGE ( 'NONE', *, *, #855, .F. ) ;
#25 = DIRECTION ( 'NONE',  ( 0.000000000000000000, 0.000000000000000000, -1.000000000000000000 ) ) ;
#26 = CARTESIAN_POINT ( 'NONE',  ( -98.13958813992901753, -21.18691470171607705, 10.00000000000000000 ) ) ;
#27 = DIRECTION ( 'NONE',  ( -6.938893903907222067E-15, 1.000000000000000000, 0.000000000000000000 ) ) ;
#28 = CARTESIAN_POINT ( 'NONE',  ( -136.3014027943036979, -22.85637092912639190, -38.99999999999995737 ) ) ;
#29 = ORIENTED_EDGE ( 'NONE', *, *, #1645, .F. ) ;
#30 = CARTESIAN_POINT ( 'NONE',  ( -128.9910702685402271, 10.69768811881767867, 10.00000000000000000 ) ) ;
#31 = EDGE_CURVE ( 'NONE', #311, #238, #1713, .T. ) ;
#32 = CARTESIAN_POINT ( 'NONE',  ( -23.79472559045123603, -6.432343969993927324, -38.99999999999995026 ) ) ;
#33 = EDGE_CURVE ( 'NONE', #1077, #652, #442, .T. ) ;
#34 = PLANE ( 'NONE',  #891 ) ;
#35 = CARTESIAN_POINT ( 'NONE',  ( -97.66941042923652105, -19.24296693483344356, 10.00000000000000000 ) ) ;
#36 = ORIENTED_EDGE ( 'NONE', *, *, #67, .T. ) ;
#37 = LINE ( 'NONE', #760, #197 ) ;
#38 = VECTOR ( 'NONE', #862, 1000.000000000000000 ) ;
#39 = DIRECTION ( 'NONE',  ( 1.102333632346384942E-43, 1.000000000000000000, 0.000000000000000000 ) ) ;
#40 = AXIS2_PLACEMENT_3D ( 'NONE', #1529, #344, #809 ) ;
#41 = ORIENTED_EDGE ( 'NONE', *, *, #1214, .T. ) ;
#42 = FACE_OUTER_BOUND ( 'NONE', #589, .T. ) ;
#43 = AXIS2_PLACEMENT_3D ( 'NONE', #1155, #573, #148 ) ;
#44 = VECTOR ( 'NONE', #1427, 1000.000000000000227 ) ;
#45 = LINE ( 'NONE', #1209, #491 ) ;
#46 = ADVANCED_FACE ( 'NONE', ( #739 ), #1021, .F. ) ;
#47 = VECTOR ( 'NONE', #852, 1000.000000000000000 ) ;
#48 = VECTOR ( 'NONE', #1409, 1000.000000000000000 ) ;
#49 = DIRECTION ( 'NONE',  ( -0.2588190451025212946, -0.9659258262890682012, 0.000000000000000000 ) ) ;
#50 = FACE_OUTER_BOUND ( 'NONE', #1813, .T. ) ;
#51 = ORIENTED_EDGE ( 'NONE', *, *, #1161, .F. ) ;
#52 = EDGE_LOOP ( 'NONE', ( #969, #1721, #1079, #332 ) ) ;
#53 = DIRECTION ( 'NONE',  ( 2.082397436793539850E-16, 0.000000000000000000, 1.000000000000000000 ) ) ;
#54 = DIRECTION ( 'NONE',  ( 1.000000000000000000, 0.000000000000000000, 0.000000000000000000 ) ) ;
#55 = PRODUCT_RELATED_PRODUCT_CATEGORY ( 'part', '', ( #577 ) ) ;
#56 = PRODUCT_DEFINITION_SHAPE ( 'NONE', 'NONE',  #415 ) ;
#57 = CARTESIAN_POINT ( 'NONE',  ( -38.29999999999999716, -22.85637092912639545, -6.499999999999979572 ) ) ;
#58 = EDGE_CURVE ( 'NONE', #838, #1777, #1044, .T. ) ;
#59 = EDGE_LOOP ( 'NONE', ( #1266, #249, #1315, #232 ) ) ;
#60 = ORIENTED_EDGE ( 'NONE', *, *, #447, .T. ) ;
#61 = VERTEX_POINT ( 'NONE', #17 ) ;
#62 = DIRECTION ( 'NONE',  ( -0.000000000000000000, -2.081668171172168513E-16, 1.000000000000000000 ) ) ;
#63 = DIRECTION ( 'NONE',  ( 0.000000000000000000, 1.000000000000000000, 0.000000000000000000 ) ) ;
#64 = FACE_OUTER_BOUND ( 'NONE', #1125, .T. ) ;
#65 = DIRECTION ( 'NONE',  ( 0.000000000000000000, 1.000000000000000000, 2.775557561562891351E-16 ) ) ;
#66 = ORIENTED_EDGE ( 'NONE', *, *, #6, .T. ) ;
#67 = EDGE_CURVE ( 'NONE', #483, #1679, #1179, .T. ) ;
#68 = ORIENTED_EDGE ( 'NONE', *, *, #376, .F. ) ;
#69 = DIRECTION ( 'NONE',  ( -0.000000000000000000, -2.081668171172168513E-16, 1.000000000000000000 ) ) ;
#70 = AXIS2_PLACEMENT_3D ( 'NONE', #1192, #1759, #327 ) ;
#71 = DIRECTION ( 'NONE',  ( -0.000000000000000000, -1.000000000000000000, -0.000000000000000000 ) ) ;
#72 = DIRECTION ( 'NONE',  ( -0.6401746308855075229, 0.7682294201412779300, 0.000000000000000000 ) ) ;
#73 = AXIS2_PLACEMENT_3D ( 'NONE', #1305, #1180, #1333 ) ;
#74 =( GEOMETRIC_REPRESENTATION_CONTEXT ( 3 ) GLOBAL_UNCERTAINTY_ASSIGNED_CONTEXT ( ( #1136 ) ) GLOBAL_UNIT_ASSIGNED_CONTEXT ( ( #267, #814, #1108 ) ) REPRESENTATION_CONTEXT ( 'NONE', 'WORKASPACE' ) );
#75 = CARTESIAN_POINT ( 'NONE',  ( -2.331725705691625183, 12.87816724645545641, 5.000000000000000000 ) ) ;
#76 = VECTOR ( 'NONE', #1628, 1000.000000000000000 ) ;
#77 = CARTESIAN_POINT ( 'NONE',  ( -136.3014027943036979, 12.14362907087359922, -33.99999999999995737 ) ) ;
#78 = VERTEX_POINT ( 'NONE', #1031 ) ;
#79 = ORIENTED_EDGE ( 'NONE', *, *, #1708, .F. ) ;
#80 = ORIENTED_EDGE ( 'NONE', *, *, #1822, .F. ) ;
#81 = LINE ( 'NONE', #1098, #1008 ) ;
#82 = EDGE_CURVE ( 'NONE', #940, #1003, #714, .T. ) ;
#83 = CARTESIAN_POINT ( 'NONE',  ( -95.66941042923652105, -19.24296693483343290, -33.99999999999995737 ) ) ;
#84 = DIRECTION ( 'NONE',  ( -0.000000000000000000, 0.000000000000000000, -1.000000000000000000 ) ) ;
#85 = CARTESIAN_POINT ( 'NONE',  ( -25.00000000000000000, -22.85637092912639190, -33.99999999999995737 ) ) ;
#86 = ORIENTED_EDGE ( 'NONE', *, *, #1776, .F. ) ;
#87 = ORIENTED_EDGE ( 'NONE', *, *, #1117, .F. ) ;
#88 = DIRECTION ( 'NONE',  ( -2.082397436793539850E-16, -0.000000000000000000, -1.000000000000000000 ) ) ;
#89 = ORIENTED_EDGE ( 'NONE', *, *, #791, .T. ) ;
#90 = CARTESIAN_POINT ( 'NONE',  ( -97.66941042923652105, -19.24296693483344356, 10.00000000000000000 ) ) ;
#91 = LINE ( 'NONE', #1365, #1508 ) ;
#92 = EDGE_CURVE ( 'NONE', #1133, #1774, #136, .T. ) ;
#93 = CARTESIAN_POINT ( 'NONE',  ( -28.30000000000000071, -22.85637092912642032, -28.99999999999995737 ) ) ;
#94 = VERTEX_POINT ( 'NONE', #1012 ) ;
#95 = ORIENTED_EDGE ( 'NONE', *, *, #178, .T. ) ;
#96 = CARTESIAN_POINT ( 'NONE',  ( -95.66941042923652105, -19.24296693483344356, 5.000000000000000000 ) ) ;
#97 = ORIENTED_EDGE ( 'NONE', *, *, #1285, .T. ) ;
#98 = CARTESIAN_POINT ( 'NONE',  ( -24.55451721774582907, -4.787632596329934209, 9.857975307516792185 ) ) ;
#99 = DIRECTION ( 'NONE',  ( 0.000000000000000000, 0.000000000000000000, -1.000000000000000000 ) ) ;
#100 = CARTESIAN_POINT ( 'NONE',  ( -8.660254037844383745, -22.85637092912639190, -38.99999999999995737 ) ) ;
#101 = AXIS2_PLACEMENT_3D ( 'NONE', #1308, #1459, #13 ) ;
#102 = VECTOR ( 'NONE', #69, 1000.000000000000000 ) ;
#103 = DIRECTION ( 'NONE',  ( -0.9840008865925464754, -0.1781635630118640623, 0.000000000000000000 ) ) ;
#104 = CIRCLE ( 'NONE', #1370, 2.000000000000001776 ) ;
#105 = ADVANCED_FACE ( 'NONE', ( #1055 ), #758, .T. ) ;
#106 = ORIENTED_EDGE ( 'NONE', *, *, #766, .T. ) ;
#107 = ORIENTED_EDGE ( 'NONE', *, *, #783, .T. ) ;
#108 = MANIFOLD_SOLID_BREP ( 'Fillet8', #1578 ) ;
#109 = DIRECTION ( 'NONE',  ( 1.000000000000000000, 0.000000000000000000, 0.000000000000000000 ) ) ;
#110 = ORIENTED_EDGE ( 'NONE', *, *, #1418, .T. ) ;
#111 = DIRECTION ( 'NONE',  ( 0.000000000000000000, -1.000000000000000000, 0.000000000000000000 ) ) ;
#112 = DIRECTION ( 'NONE',  ( -0.9902680687415698069, -0.1391731009600692959, 0.000000000000000000 ) ) ;
#113 = DIRECTION ( 'NONE',  ( 0.000000000000000000, -0.000000000000000000, -1.000000000000000000 ) ) ;
#114 = DIRECTION ( 'NONE',  ( 0.000000000000000000, 0.000000000000000000, -1.000000000000000000 ) ) ;
#115 = ORIENTED_EDGE ( 'NONE', *, *, #342, .T. ) ;
#116 = EDGE_CURVE ( 'NONE', #1815, #1560, #552, .T. ) ;
#117 = DIRECTION ( 'NONE',  ( -0.1391731009600693236, 0.9902680687415698069, 0.000000000000000000 ) ) ;
#118 = VERTEX_POINT ( 'NONE', #1390 ) ;
#119 = CARTESIAN_POINT ( 'NONE',  ( -25.00000000000000000, 2.143629070873603215, 5.000000000000000000 ) ) ;
#120 = CARTESIAN_POINT ( 'NONE',  ( -88.37329491444904761, 7.143629070873600995, 10.00000000000000000 ) ) ;
#121 = VERTEX_POINT ( 'NONE', #96 ) ;
#122 = LINE ( 'NONE', #530, #1807 ) ;
#123 = CARTESIAN_POINT ( 'NONE',  ( -38.30000000000000426, -22.85637092912639545, -22.49999999999997868 ) ) ;
#124 = DIRECTION ( 'NONE',  ( 0.000000000000000000, -1.000000000000000000, 0.000000000000000000 ) ) ;
#125 = ORIENTED_EDGE ( 'NONE', *, *, #203, .F. ) ;
#126 = EDGE_CURVE ( 'NONE', #523, #1300, #1275, .T. ) ;
#127 = VERTEX_POINT ( 'NONE', #1686 ) ;
#128 = CARTESIAN_POINT ( 'NONE',  ( -24.96912696976519541, 1.702124169152255950, 5.764708921572077038 ) ) ;
#129 = EDGE_LOOP ( 'NONE', ( #106, #179, #934, #95 ) ) ;
#130 = DIRECTION ( 'NONE',  ( 2.213953844647384018E-35, 2.081668171172168267E-16, -1.000000000000000000 ) ) ;
#131 = CARTESIAN_POINT ( 'NONE',  ( -97.66941042923652105, -21.24296693483343645, -38.99999999999995737 ) ) ;
#132 = LINE ( 'NONE', #1570, #1036 ) ;
#133 = VECTOR ( 'NONE', #1381, 1000.000000000000000 ) ;
#134 = ORIENTED_EDGE ( 'NONE', *, *, #1316, .T. ) ;
#135 = AXIS2_PLACEMENT_3D ( 'NONE', #1682, #567, #1121 ) ;
#136 = LINE ( 'NONE', #1288, #828 ) ;
#137 = AXIS2_PLACEMENT_3D ( 'NONE', #558, #1712, #1816 ) ;
#138 = VECTOR ( 'NONE', #286, 1000.000000000000000 ) ;
#139 = AXIS2_PLACEMENT_3D ( 'NONE', #120, #1861, #11 ) ;
#140 = VECTOR ( 'NONE', #1341, 1000.000000000000000 ) ;
#141 = ORIENTED_EDGE ( 'NONE', *, *, #909, .T. ) ;
#142 = CARTESIAN_POINT ( 'NONE',  ( -88.37329491444894813, -22.85637092912639545, 10.00000000000000000 ) ) ;
#143 = LINE ( 'NONE', #674, #1429 ) ;
#144 = EDGE_CURVE ( 'NONE', #1327, #156, #1076, .T. ) ;
#145 = CARTESIAN_POINT ( 'NONE',  ( -28.29999999999999716, 2.276999682760482901E-13, -141.9689081477454522 ) ) ;
#146 = CARTESIAN_POINT ( 'NONE',  ( -94.31876481190990091, 0.000000000000000000, 10.00000000000000000 ) ) ;
#147 = DIRECTION ( 'NONE',  ( -3.475220191525546336E-43, -2.060241657929692756E-16, 1.000000000000000000 ) ) ;
#148 = DIRECTION ( 'NONE',  ( 0.9840008865925464754, 0.1781635630118640345, 0.000000000000000000 ) ) ;
#149 = ORIENTED_EDGE ( 'NONE', *, *, #1418, .F. ) ;
#150 = DIRECTION ( 'NONE',  ( 0.000000000000000000, 0.000000000000000000, 1.000000000000000000 ) ) ;
#151 = DIRECTION ( 'NONE',  ( 0.000000000000000000, 1.000000000000000000, 2.081668171172168513E-16 ) ) ;
#152 = EDGE_CURVE ( 'NONE', #1642, #1561, #1250, .T. ) ;
#153 = DIRECTION ( 'NONE',  ( -0.000000000000000000, -0.000000000000000000, -1.000000000000000000 ) ) ;
#154 = ORIENTED_EDGE ( 'NONE', *, *, #821, .T. ) ;
#155 = CARTESIAN_POINT ( 'NONE',  ( -128.9910702685402271, 10.69768811881768045, 7.928932188134523606 ) ) ;
#156 = VERTEX_POINT ( 'NONE', #1118 ) ;
#157 = CARTESIAN_POINT ( 'NONE',  ( -24.72957408358214693, -1.900936725349773981, -37.88078882431140926 ) ) ;
#158 = LINE ( 'NONE', #1347, #167 ) ;
#159 = DIRECTION ( 'NONE',  ( 0.000000000000000000, 0.000000000000000000, -1.000000000000000000 ) ) ;
#160 = DIRECTION ( 'NONE',  ( -0.000000000000000000, -2.081668171172168513E-16, 1.000000000000000000 ) ) ;
#161 = DIRECTION ( 'NONE',  ( -0.8976358551611530734, 0.4407378716755633308, 9.174699992971839470E-17 ) ) ;
#162 = ADVANCED_FACE ( 'NONE', ( #1710 ), #995, .F. ) ;
#163 = VECTOR ( 'NONE', #1394, 1000.000000000000000 ) ;
#164 = VECTOR ( 'NONE', #1547, 1000.000000000000000 ) ;
#165 = MECHANICAL_DESIGN_GEOMETRIC_PRESENTATION_REPRESENTATION (  '', ( #1107 ), #74 ) ;
#166 = CARTESIAN_POINT ( 'NONE',  ( -28.29999999999999716, 2.276999682760482901E-13, 0.000000000000000000 ) ) ;
#167 = VECTOR ( 'NONE', #1356, 1000.000000000000000 ) ;
#168 = AXIS2_PLACEMENT_3D ( 'NONE', #699, #1678, #396 ) ;
#169 = DIRECTION ( 'NONE',  ( 0.000000000000000000, 0.000000000000000000, -1.000000000000000000 ) ) ;
#170 = ORIENTED_EDGE ( 'NONE', *, *, #58, .T. ) ;
#171 = CARTESIAN_POINT ( 'NONE',  ( -24.50589776114669505, -5.650180644718290957, -38.96416004975284153 ) ) ;
#172 = CARTESIAN_POINT ( 'NONE',  ( -94.30280558860737017, -18.85637092912639545, -3.949999999999987299 ) ) ;
#173 = LINE ( 'NONE', #1489, #256 ) ;
#174 = ORIENTED_EDGE ( 'NONE', *, *, #323, .F. ) ;
#175 = EDGE_CURVE ( 'NONE', #1804, #12, #387, .T. ) ;
#176 = PLANE ( 'NONE',  #43 ) ;
#177 = CARTESIAN_POINT ( 'NONE',  ( -94.31876481190990091, -7.598487996331249938, 5.000000000000000000 ) ) ;
#178 = EDGE_CURVE ( 'NONE', #292, #784, #681, .T. ) ;
#179 = ORIENTED_EDGE ( 'NONE', *, *, #350, .F. ) ;
#180 = DIRECTION ( 'NONE',  ( 1.000000000000000000, 0.000000000000000000, 0.000000000000000000 ) ) ;
#181 = DIRECTION ( 'NONE',  ( 0.6401746308855076339, -0.7682294201412778190, 0.000000000000000000 ) ) ;
#182 = FACE_OUTER_BOUND ( 'NONE', #639, .T. ) ;
#183 = FILL_AREA_STYLE ('',( #1197 ) ) ;
#184 =( BOUNDED_CURVE ( )  B_SPLINE_CURVE ( 3, ( #381, #369, #948, #957 ),
 .UNSPECIFIED., .F., .T. ) 
 B_SPLINE_CURVE_WITH_KNOTS ( ( 4, 4 ),
 ( 4.712388980384689674, 5.759586531581287083 ),
 .UNSPECIFIED. ) 
 CURVE ( )  GEOMETRIC_REPRESENTATION_ITEM ( )  RATIONAL_B_SPLINE_CURVE ( ( 1.000000000000000000, 0.9106836025229592124, 0.9106836025229592124, 1.000000000000000000 ) ) 
 REPRESENTATION_ITEM ( '' )  );
#185 = DIRECTION ( 'NONE',  ( -0.000000000000000000, 1.000000000000000000, -0.000000000000000000 ) ) ;
#186 = EDGE_CURVE ( 'NONE', #932, #1237, #1823, .T. ) ;
#187 = CARTESIAN_POINT ( 'NONE',  ( -2.519534638856021094E-42, -22.85637092912639545, 5.000000000000000000 ) ) ;
#188 = ORIENTED_EDGE ( 'NONE', *, *, #350, .T. ) ;
#189 = DIRECTION ( 'NONE',  ( -0.000000000000000000, 0.000000000000000000, -1.000000000000000000 ) ) ;
#190 = ADVANCED_FACE ( 'NONE', ( #541 ), #1553, .T. ) ;
#191 = DIRECTION ( 'NONE',  ( -0.000000000000000000, 2.081668171172168267E-16, -1.000000000000000000 ) ) ;
#192 = CARTESIAN_POINT ( 'NONE',  ( 0.000000000000000000, 0.000000000000000000, 5.000000000000000000 ) ) ;
#193 = CARTESIAN_POINT ( 'NONE',  ( -28.30000000000000071, -22.85637092912639545, -141.9689081477454522 ) ) ;
#194 = VERTEX_POINT ( 'NONE', #1131 ) ;
#195 = AXIS2_PLACEMENT_3D ( 'NONE', #501, #1241, #1806 ) ;
#196 = CARTESIAN_POINT ( 'NONE',  ( -94.31876481190988670, -22.26132608465055540, -38.99999999999995737 ) ) ;
#197 = VECTOR ( 'NONE', #1162, 1000.000000000000000 ) ;
#198 = ORIENTED_EDGE ( 'NONE', *, *, #1466, .F. ) ;
#199 = CARTESIAN_POINT ( 'NONE',  ( -136.3014027943036979, 24.14362907087360810, -38.99999999999994316 ) ) ;
#200 = VECTOR ( 'NONE', #727, 999.9999999999998863 ) ;
#201 = VECTOR ( 'NONE', #147, 1000.000000000000000 ) ;
#202 = CARTESIAN_POINT ( 'NONE',  ( -95.66941042923652105, -11.26092954669849178, -38.99999999999995026 ) ) ;
#203 = EDGE_CURVE ( 'NONE', #847, #812, #1699, .T. ) ;
#204 = FACE_BOUND ( 'NONE', #1659, .T. ) ;
#205 = ORIENTED_EDGE ( 'NONE', *, *, #1475, .F. ) ;
#206 = ORIENTED_EDGE ( 'NONE', *, *, #808, .T. ) ;
#207 = CARTESIAN_POINT ( 'NONE',  ( -131.3014027943036979, -22.85637092912639190, -38.99999999999995737 ) ) ;
#208 = DIRECTION ( 'NONE',  ( 0.000000000000000000, 0.000000000000000000, 1.000000000000000000 ) ) ;
#209 = DIRECTION ( 'NONE',  ( 0.000000000000000000, 0.000000000000000000, -1.000000000000000000 ) ) ;
#210 = ADVANCED_FACE ( 'NONE', ( #846 ), #1323, .T. ) ;
#211 = LINE ( 'NONE', #959, #1545 ) ;
#212 = ORIENTED_EDGE ( 'NONE', *, *, #1468, .F. ) ;
#213 = EDGE_LOOP ( 'NONE', ( #1648, #304, #904, #1504 ) ) ;
#214 = CARTESIAN_POINT ( 'NONE',  ( -7.080151285098031200E-15, 0.000000000000000000, -33.99999999999997868 ) ) ;
#215 = PLANE ( 'NONE',  #1604 ) ;
#216 = DIRECTION ( 'NONE',  ( -0.000000000000000000, -1.000000000000000000, -0.000000000000000000 ) ) ;
#217 = ADVANCED_FACE ( 'NONE', ( #1599 ), #768, .F. ) ;
#218 = EDGE_LOOP ( 'NONE', ( #248, #1517, #1732, #1269, #1034, #1374 ) ) ;
#219 = VERTEX_POINT ( 'NONE', #310 ) ;
#220 = CARTESIAN_POINT ( 'NONE',  ( 0.000000000000000000, 0.000000000000000000, 5.000000000000000000 ) ) ;
#221 = VERTEX_POINT ( 'NONE', #1204 ) ;
#222 = DIRECTION ( 'NONE',  ( -1.000000000000000000, 8.045935274772025515E-15, 1.657657103008783908E-30 ) ) ;
#223 = VECTOR ( 'NONE', #936, 1000.000000000000114 ) ;
#224 = DIRECTION ( 'NONE',  ( 0.000000000000000000, -0.000000000000000000, -1.000000000000000000 ) ) ;
#225 = FACE_OUTER_BOUND ( 'NONE', #1794, .T. ) ;
#226 = VECTOR ( 'NONE', #878, 1000.000000000000000 ) ;
#227 = VECTOR ( 'NONE', #1836, 999.9999999999998863 ) ;
#228 = VECTOR ( 'NONE', #837, 1000.000000000000000 ) ;
#229 = FACE_OUTER_BOUND ( 'NONE', #213, .T. ) ;
#230 = ORIENTED_EDGE ( 'NONE', *, *, #1513, .T. ) ;
#231 = ADVANCED_FACE ( 'NONE', ( #182 ), #1480, .F. ) ;
#232 = ORIENTED_EDGE ( 'NONE', *, *, #309, .T. ) ;
#233 = CARTESIAN_POINT ( 'NONE',  ( -94.30280558860737017, -22.85637092912639545, -22.49999999999997868 ) ) ;
#234 = PLANE ( 'NONE',  #830 ) ;
#235 = FACE_OUTER_BOUND ( 'NONE', #813, .T. ) ;
#236 = DIRECTION ( 'NONE',  ( -1.517934304930440276E-16, -1.000000000000000000, -2.060241657929692509E-16 ) ) ;
#237 = ORIENTED_EDGE ( 'NONE', *, *, #1285, .F. ) ;
#238 = VERTEX_POINT ( 'NONE', #319 ) ;
#239 = ORIENTED_EDGE ( 'NONE', *, *, #1244, .T. ) ;
#240 = CARTESIAN_POINT ( 'NONE',  ( -94.31876481190990091, -16.34385130876221481, 10.00000000000000000 ) ) ;
#241 = EDGE_CURVE ( 'NONE', #311, #583, #723, .T. ) ;
#242 = CARTESIAN_POINT ( 'NONE',  ( -88.37329491444904761, 7.143629070873600995, 5.000000000000000000 ) ) ;
#243 = CARTESIAN_POINT ( 'NONE',  ( 0.000000000000000000, 0.000000000000000000, -28.99999999999995737 ) ) ;
#244 = ADVANCED_FACE ( 'NONE', ( #1043 ), #1178, .T. ) ;
#245 = DIRECTION ( 'NONE',  ( -0.9840008865925464754, -0.1781635630118640345, 0.000000000000000000 ) ) ;
#246 = LINE ( 'NONE', #637, #1639 ) ;
#247 = ORIENTED_EDGE ( 'NONE', *, *, #1173, .F. ) ;
#248 = ORIENTED_EDGE ( 'NONE', *, *, #1670, .T. ) ;
#249 = ORIENTED_EDGE ( 'NONE', *, *, #1850, .F. ) ;
#250 = CARTESIAN_POINT ( 'NONE',  ( -38.30000000000000426, -18.85637092912639545, -22.49999999999997868 ) ) ;
#251 = DIRECTION ( 'NONE',  ( 0.000000000000000000, 0.000000000000000000, -1.000000000000000000 ) ) ;
#252 = AXIS2_PLACEMENT_3D ( 'NONE', #1011, #1583, #1303 ) ;
#253 = EDGE_CURVE ( 'NONE', #993, #394, #173, .T. ) ;
#254 = AXIS2_PLACEMENT_3D ( 'NONE', #30, #1587, #189 ) ;
#255 = DIRECTION ( 'NONE',  ( -0.000000000000000000, 2.081668171172168267E-16, -1.000000000000000000 ) ) ;
#256 = VECTOR ( 'NONE', #1613, 1000.000000000000114 ) ;
#257 = DIRECTION ( 'NONE',  ( 0.000000000000000000, -1.000000000000000000, 0.000000000000000000 ) ) ;
#258 = ORIENTED_EDGE ( 'NONE', *, *, #404, .T. ) ;
#259 = ORIENTED_EDGE ( 'NONE', *, *, #1537, .F. ) ;
#260 = FACE_OUTER_BOUND ( 'NONE', #754, .T. ) ;
#261 = ORIENTED_EDGE ( 'NONE', *, *, #1173, .T. ) ;
#262 = LINE ( 'NONE', #1536, #38 ) ;
#263 = DIRECTION ( 'NONE',  ( 1.000000000000000000, 0.000000000000000000, -0.000000000000000000 ) ) ;
#264 = EDGE_CURVE ( 'NONE', #1289, #1685, #1312, .T. ) ;
#265 = DIRECTION ( 'NONE',  ( 0.000000000000000000, 0.000000000000000000, -1.000000000000000000 ) ) ;
#266 = ORIENTED_EDGE ( 'NONE', *, *, #82, .T. ) ;
#267 =( LENGTH_UNIT ( ) NAMED_UNIT ( * ) SI_UNIT ( .MILLI., .METRE. ) );
#268 = VERTEX_POINT ( 'NONE', #1211 ) ;
#269 = CARTESIAN_POINT ( 'NONE',  ( -128.9910702685402271, 5.125790984000633266, 10.00000000000000000 ) ) ;
#270 = EDGE_LOOP ( 'NONE', ( #1711, #650, #1068, #1676, #1152 ) ) ;
#271 = DIRECTION ( 'NONE',  ( -1.000000000000000000, 0.000000000000000000, 0.000000000000000000 ) ) ;
#272 = CARTESIAN_POINT ( 'NONE',  ( -94.31876481190990091, -22.26132608465055540, 5.000000000000000000 ) ) ;
#273 = DIRECTION ( 'NONE',  ( -0.8973604284179189650, 0.4412983814944361760, -0.000000000000000000 ) ) ;
#274 = DIRECTION ( 'NONE',  ( -1.000000000000000000, 0.000000000000000000, -0.000000000000000000 ) ) ;
#275 = VERTEX_POINT ( 'NONE', #26 ) ;
#276 = EDGE_CURVE ( 'NONE', #823, #94, #1630, .T. ) ;
#277 = DIRECTION ( 'NONE',  ( 0.000000000000000000, 0.000000000000000000, -1.000000000000000000 ) ) ;
#278 = ORIENTED_EDGE ( 'NONE', *, *, #511, .T. ) ;
#279 = CARTESIAN_POINT ( 'NONE',  ( -128.9910702685402271, -13.72494505118255503, 10.00000000000000000 ) ) ;
#280 = ORIENTED_EDGE ( 'NONE', *, *, #1810, .F. ) ;
#281 = PLANE ( 'NONE',  #135 ) ;
#282 = LINE ( 'NONE', #295, #227 ) ;
#283 = DIRECTION ( 'NONE',  ( -1.000000000000000000, 0.000000000000000000, 0.000000000000000000 ) ) ;
#284 = VECTOR ( 'NONE', #1828, 1000.000000000000000 ) ;
#285 = VECTOR ( 'NONE', #883, 1000.000000000000000 ) ;
#286 = DIRECTION ( 'NONE',  ( -0.000000000000000000, -1.000000000000000000, -0.000000000000000000 ) ) ;
#287 = VECTOR ( 'NONE', #1805, 1000.000000000000000 ) ;
#288 = AXIS2_PLACEMENT_3D ( 'NONE', #382, #1692, #360 ) ;
#289 = AXIS2_PLACEMENT_3D ( 'NONE', #1549, #1857, #263 ) ;
#290 = DIRECTION ( 'NONE',  ( -1.000000000000000000, -3.307000897039149050E-43, -3.475220191525546734E-43 ) ) ;
#291 = ADVANCED_FACE ( 'NONE', ( #1331 ), #612, .T. ) ;
#292 = VERTEX_POINT ( 'NONE', #1073 ) ;
#293 = DIRECTION ( 'NONE',  ( -1.517934304930440276E-16, -1.000000000000000000, -0.000000000000000000 ) ) ;
#294 = EDGE_CURVE ( 'NONE', #747, #483, #486, .T. ) ;
#295 = CARTESIAN_POINT ( 'NONE',  ( -128.9910702685402271, 10.69768811881768755, -33.99999999999995737 ) ) ;
#296 = CARTESIAN_POINT ( 'NONE',  ( -128.9910702685402271, 10.69768811881767867, 5.000000000000000000 ) ) ;
#297 = ORIENTED_EDGE ( 'NONE', *, *, #1212, .F. ) ;
#298 = CARTESIAN_POINT ( 'NONE',  ( -8.660254037844387298, -22.85637092912639901, 0.000000000000000000 ) ) ;
#299 = ORIENTED_EDGE ( 'NONE', *, *, #10, .T. ) ;
#300 = CARTESIAN_POINT ( 'NONE',  ( -131.3014027943036979, -22.85637092912640256, 10.00000000000000000 ) ) ;
#301 = FACE_OUTER_BOUND ( 'NONE', #796, .T. ) ;
#302 = CARTESIAN_POINT ( 'NONE',  ( -136.3014027943036979, 12.14362907087360099, -83.49747468305827169 ) ) ;
#303 = ADVANCED_FACE ( 'NONE', ( #50 ), #34, .T. ) ;
#304 = ORIENTED_EDGE ( 'NONE', *, *, #665, .T. ) ;
#305 = FACE_OUTER_BOUND ( 'NONE', #59, .T. ) ;
#306 = ORIENTED_EDGE ( 'NONE', *, *, #677, .T. ) ;
#307 = FACE_OUTER_BOUND ( 'NONE', #129, .T. ) ;
#308 = LINE ( 'NONE', #1348, #1839 ) ;
#309 = EDGE_CURVE ( 'NONE', #127, #1561, #406, .T. ) ;
#310 = CARTESIAN_POINT ( 'NONE',  ( -136.3014027943036979, 24.14362907087359744, 5.000000000000000000 ) ) ;
#311 = VERTEX_POINT ( 'NONE', #471 ) ;
#312 = AXIS2_PLACEMENT_3D ( 'NONE', #848, #963, #1431 ) ;
#313 = CYLINDRICAL_SURFACE ( 'NONE', #1486, 2.549999999999993161 ) ;
#314 = VECTOR ( 'NONE', #893, 1000.000000000000000 ) ;
#315 = VECTOR ( 'NONE', #1849, 999.9999999999998863 ) ;
#316 = ORIENTED_EDGE ( 'NONE', *, *, #729, .F. ) ;
#317 = CARTESIAN_POINT ( 'NONE',  ( -128.9910702685402271, 5.125790984000642148, -38.99999999999995026 ) ) ;
#318 = FACE_OUTER_BOUND ( 'NONE', #1094, .T. ) ;
#319 = CARTESIAN_POINT ( 'NONE',  ( -94.31876481190988670, -16.34385130876220060, -38.99999999999995737 ) ) ;
#320 = CARTESIAN_POINT ( 'NONE',  ( -94.31876481190991512, -7.598487996331242833, -33.99999999999995737 ) ) ;
#321 = ADVANCED_FACE ( 'NONE', ( #1744, #335, #916, #204, #1454 ), #777, .F. ) ;
#322 = PLANE ( 'NONE',  #73 ) ;
#323 = EDGE_CURVE ( 'NONE', #1237, #1775, #1030, .T. ) ;
#324 = ORIENTED_EDGE ( 'NONE', *, *, #763, .F. ) ;
#325 = CARTESIAN_POINT ( 'NONE',  ( 0.000000000000000000, 0.000000000000000000, -33.99999999999995737 ) ) ;
#326 = DIRECTION ( 'NONE',  ( -0.000000000000000000, -2.081668171172168513E-16, 1.000000000000000000 ) ) ;
#327 = DIRECTION ( 'NONE',  ( 0.000000000000000000, 1.000000000000000000, 2.081668171172168513E-16 ) ) ;
#328 = DIRECTION ( 'NONE',  ( -0.000000000000000000, -1.000000000000000000, -0.000000000000000000 ) ) ;
#329 = VERTEX_POINT ( 'NONE', #531 ) ;
#330 = DIRECTION ( 'NONE',  ( -0.9719738834413160777, 0.2350888553462437691, 2.024035923508459413E-16 ) ) ;
#331 = EDGE_CURVE ( 'NONE', #1300, #1147, #950, .T. ) ;
#332 = ORIENTED_EDGE ( 'NONE', *, *, #67, .F. ) ;
#333 = CARTESIAN_POINT ( 'NONE',  ( 1.737610095762773168E-42, 1.030120828964846378E-15, -33.99999999999995737 ) ) ;
#334 = FACE_OUTER_BOUND ( 'NONE', #1116, .T. ) ;
#335 = FACE_BOUND ( 'NONE', #1771, .T. ) ;
#336 = EDGE_LOOP ( 'NONE', ( #1787, #761, #602, #198 ) ) ;
#337 = AXIS2_PLACEMENT_3D ( 'NONE', #325, #454, #1595 ) ;
#338 = DIRECTION ( 'NONE',  ( -0.000000000000000000, -1.000000000000000000, -0.000000000000000000 ) ) ;
#339 = VECTOR ( 'NONE', #587, 1000.000000000000000 ) ;
#340 = ORIENTED_EDGE ( 'NONE', *, *, #1295, .T. ) ;
#341 = DIRECTION ( 'NONE',  ( 0.000000000000000000, 1.000000000000000000, 0.000000000000000000 ) ) ;
#342 = EDGE_CURVE ( 'NONE', #94, #1440, #1522, .T. ) ;
#343 = CIRCLE ( 'NONE', #1436, 2.549999999999998490 ) ;
#344 = DIRECTION ( 'NONE',  ( 0.000000000000000000, 2.081668171172168513E-16, -1.000000000000000000 ) ) ;
#345 = DIRECTION ( 'NONE',  ( 0.000000000000000000, 2.081668171172168513E-16, -1.000000000000000000 ) ) ;
#346 = ORIENTED_EDGE ( 'NONE', *, *, #186, .F. ) ;
#347 = EDGE_LOOP ( 'NONE', ( #306, #1658, #850, #1709 ) ) ;
#348 = DIRECTION ( 'NONE',  ( 0.000000000000000000, -1.000000000000000000, 0.000000000000000000 ) ) ;
#349 = DIRECTION ( 'NONE',  ( -0.8973604284179189650, 0.4412983814944361760, -0.000000000000000000 ) ) ;
#350 = EDGE_CURVE ( 'NONE', #1077, #219, #1378, .T. ) ;
#351 = CARTESIAN_POINT ( 'NONE',  ( -28.29999999999999716, 2.276999682760482901E-13, 0.000000000000000000 ) ) ;
#352 = ORIENTED_EDGE ( 'NONE', *, *, #1242, .T. ) ;
#353 = ORIENTED_EDGE ( 'NONE', *, *, #1191, .F. ) ;
#354 =( BOUNDED_CURVE ( )  B_SPLINE_CURVE ( 3, ( #697, #1559, #1272, #1445 ),
 .UNSPECIFIED., .F., .F. ) 
 B_SPLINE_CURVE_WITH_KNOTS ( ( 4, 4 ),
 ( 1.570796326794895892, 3.141592653589794004 ),
 .UNSPECIFIED. ) 
 CURVE ( )  GEOMETRIC_REPRESENTATION_ITEM ( )  RATIONAL_B_SPLINE_CURVE ( ( 1.000000000000000000, 0.8047378541243646044, 0.8047378541243646044, 1.000000000000000000 ) ) 
 REPRESENTATION_ITEM ( '' )  );
#355 = VERTEX_POINT ( 'NONE', #374 ) ;
#356 = DIRECTION ( 'NONE',  ( 0.000000000000000000, 0.000000000000000000, 1.000000000000000000 ) ) ;
#357 = DIRECTION ( 'NONE',  ( -0.000000000000000000, 0.000000000000000000, 1.000000000000000000 ) ) ;
#358 = VERTEX_POINT ( 'NONE', #1809 ) ;
#359 = LINE ( 'NONE', #1071, #736 ) ;
#360 = DIRECTION ( 'NONE',  ( -0.000000000000000000, 0.000000000000000000, 1.000000000000000000 ) ) ;
#361 = CARTESIAN_POINT ( 'NONE',  ( -136.3014027943036979, 24.14362907087359744, 10.00000000000000000 ) ) ;
#362 = EDGE_CURVE ( 'NONE', #976, #747, #1500, .T. ) ;
#363 = ORIENTED_EDGE ( 'NONE', *, *, #511, .F. ) ;
#364 = EDGE_LOOP ( 'NONE', ( #616, #920 ) ) ;
#365 = EDGE_CURVE ( 'NONE', #1695, #329, #646, .T. ) ;
#366 = ORIENTED_EDGE ( 'NONE', *, *, #1847, .T. ) ;
#367 = DIRECTION ( 'NONE',  ( -0.000000000000000000, -2.081668171172168513E-16, 1.000000000000000000 ) ) ;
#368 = AXIS2_PLACEMENT_3D ( 'NONE', #508, #54, #629 ) ;
#369 = CARTESIAN_POINT ( 'NONE',  ( -94.31876481190990091, -12.64762585892434998, 10.00000000000000000 ) ) ;
#370 = CARTESIAN_POINT ( 'NONE',  ( -131.3014027943036979, 18.14347393290255894, 5.000000000000000000 ) ) ;
#371 = AXIS2_PLACEMENT_3D ( 'NONE', #1853, #411, #1134 ) ;
#372 = AXIS2_PLACEMENT_3D ( 'NONE', #220, #114, #274 ) ;
#373 = VECTOR ( 'NONE', #924, 1000.000000000000000 ) ;
#374 = CARTESIAN_POINT ( 'NONE',  ( -94.30280558860737017, -18.85637092912639545, -9.049999999999972289 ) ) ;
#375 = EDGE_LOOP ( 'NONE', ( #1201, #919, #1580, #386, #910, #692 ) ) ;
#376 = EDGE_CURVE ( 'NONE', #1560, #221, #1646, .T. ) ;
#377 = ORIENTED_EDGE ( 'NONE', *, *, #1720, .F. ) ;
#378 = CARTESIAN_POINT ( 'NONE',  ( 0.000000000000000000, -22.85637092912638835, -38.99999999999995737 ) ) ;
#379 = ORIENTED_EDGE ( 'NONE', *, *, #1386, .F. ) ;
#380 = DIRECTION ( 'NONE',  ( -2.082397436793539850E-16, -0.000000000000000000, -1.000000000000000000 ) ) ;
#381 = CARTESIAN_POINT ( 'NONE',  ( -94.31876481190990091, -16.34385130876221481, 10.00000000000000000 ) ) ;
#382 = CARTESIAN_POINT ( 'NONE',  ( -131.3014027943036979, 18.14347393290256960, -38.99999999999994316 ) ) ;
#383 = DIRECTION ( 'NONE',  ( -0.8976358551611530734, 0.4407378716755633308, 9.174699992971839470E-17 ) ) ;
#384 = CARTESIAN_POINT ( 'NONE',  ( -136.3014027943036979, -22.85637092912640256, 5.000000000000000000 ) ) ;
#385 = ORIENTED_EDGE ( 'NONE', *, *, #1244, .F. ) ;
#386 = ORIENTED_EDGE ( 'NONE', *, *, #276, .F. ) ;
#387 = LINE ( 'NONE', #1563, #831 ) ;
#388 = VERTEX_POINT ( 'NONE', #510 ) ;
#389 = CARTESIAN_POINT ( 'NONE',  ( -24.70484668584587595, -2.292399832867546117, 9.073653466524993050 ) ) ;
#390 = EDGE_CURVE ( 'NONE', #1343, #625, #1819, .T. ) ;
#391 = DIRECTION ( 'NONE',  ( 0.000000000000000000, 0.000000000000000000, 1.000000000000000000 ) ) ;
#392 = DIRECTION ( 'NONE',  ( -0.000000000000000000, -0.000000000000000000, -1.000000000000000000 ) ) ;
#393 = FACE_OUTER_BOUND ( 'NONE', #661, .T. ) ;
#394 = VERTEX_POINT ( 'NONE', #1495 ) ;
#395 = ORIENTED_EDGE ( 'NONE', *, *, #1029, .T. ) ;
#396 = DIRECTION ( 'NONE',  ( 0.000000000000000000, 0.000000000000000000, 1.000000000000000000 ) ) ;
#397 = ORIENTED_EDGE ( 'NONE', *, *, #722, .T. ) ;
#398 = CARTESIAN_POINT ( 'NONE',  ( -24.57923134648639873, -4.362257369531432616, 9.773774160300371605 ) ) ;
#399 = VERTEX_POINT ( 'NONE', #1640 ) ;
#400 = DIRECTION ( 'NONE',  ( 0.000000000000000000, -1.000000000000000000, 0.000000000000000000 ) ) ;
#401 = ADVANCED_FACE ( 'NONE', ( #1664 ), #1698, .T. ) ;
#402 = VECTOR ( 'NONE', #870, 1000.000000000000000 ) ;
#403 = CARTESIAN_POINT ( 'NONE',  ( -121.3419588220026810, -15.57501621566249561, 10.00000000000000000 ) ) ;
#404 = EDGE_CURVE ( 'NONE', #583, #679, #544, .T. ) ;
#405 =( GEOMETRIC_REPRESENTATION_CONTEXT ( 3 ) GLOBAL_UNCERTAINTY_ASSIGNED_CONTEXT ( ( #975 ) ) GLOBAL_UNIT_ASSIGNED_CONTEXT ( ( #498, #1087, #1096 ) ) REPRESENTATION_CONTEXT ( 'NONE', 'WORKASPACE' ) );
#406 = CIRCLE ( 'NONE', #713, 2.549999999999993161 ) ;
#407 = DIRECTION ( 'NONE',  ( 0.000000000000000000, -1.000000000000000000, 0.000000000000000000 ) ) ;
#408 = ORIENTED_EDGE ( 'NONE', *, *, #502, .T. ) ;
#409 = CARTESIAN_POINT ( 'NONE',  ( -136.3014027943036979, 24.14362907087360810, -33.99999999999995026 ) ) ;
#410 = ORIENTED_EDGE ( 'NONE', *, *, #1738, .T. ) ;
#411 = DIRECTION ( 'NONE',  ( 0.000000000000000000, -1.000000000000000000, 0.000000000000000000 ) ) ;
#412 = ORIENTED_EDGE ( 'NONE', *, *, #1058, .T. ) ;
#413 = CARTESIAN_POINT ( 'NONE',  ( -24.84739720886290826, -0.08975951356595142372, -36.67335815417889933 ) ) ;
#414 = CARTESIAN_POINT ( 'NONE',  ( -95.66941042923652105, -19.24296693483343290, -38.99999999999995737 ) ) ;
#415 = PRODUCT_DEFINITION ( 'UNKNOWN', '', #890, #1412 ) ;
#416 = LINE ( 'NONE', #296, #703 ) ;
#417 = ORIENTED_EDGE ( 'NONE', *, *, #1195, .F. ) ;
#418 = ORIENTED_EDGE ( 'NONE', *, *, #1101, .F. ) ;
#419 = DIRECTION ( 'NONE',  ( 0.000000000000000000, 0.000000000000000000, 1.000000000000000000 ) ) ;
#420 = DIRECTION ( 'NONE',  ( 0.000000000000000000, -1.000000000000000000, 0.000000000000000000 ) ) ;
#421 = DIRECTION ( 'NONE',  ( 0.000000000000000000, 2.081668171172168513E-16, -1.000000000000000000 ) ) ;
#422 = DIRECTION ( 'NONE',  ( -0.000000000000000000, -0.000000000000000000, 1.000000000000000000 ) ) ;
#423 = LINE ( 'NONE', #1001, #201 ) ;
#424 = ADVANCED_FACE ( 'NONE', ( #229 ), #658, .F. ) ;
#425 = VERTEX_POINT ( 'NONE', #1530 ) ;
#426 = CARTESIAN_POINT ( 'NONE',  ( -23.09043850171169154, -46.95336909255094326, 5.000000000000000000 ) ) ;
#427 = EDGE_LOOP ( 'NONE', ( #575, #1820, #1206, #563, #1554 ) ) ;
#428 = PLANE ( 'NONE',  #1457 ) ;
#429 = DIRECTION ( 'NONE',  ( 0.000000000000000000, 0.000000000000000000, -1.000000000000000000 ) ) ;
#430 = CYLINDRICAL_SURFACE ( 'NONE', #252, 10.00000000000000000 ) ;
#431 = AXIS2_PLACEMENT_3D ( 'NONE', #1296, #153, #553 ) ;
#432 = AXIS2_PLACEMENT_3D ( 'NONE', #1325, #290, #1722 ) ;
#433 = CARTESIAN_POINT ( 'NONE',  ( -136.3014027943036979, -22.85637092912640256, 10.00000000000000000 ) ) ;
#434 = CIRCLE ( 'NONE', #139, 30.00000000000000000 ) ;
#435 = PRESENTATION_LAYER_ASSIGNMENT (  '', '', ( #1107 ) ) ;
#436 = CARTESIAN_POINT ( 'NONE',  ( -94.30280558860737017, -18.85637092912639545, -22.49999999999997868 ) ) ;
#437 = EDGE_CURVE ( 'NONE', #812, #1496, #246, .T. ) ;
#438 = ORIENTED_EDGE ( 'NONE', *, *, #481, .F. ) ;
#439 = CARTESIAN_POINT ( 'NONE',  ( -94.31876481190988670, -22.26132608465055540, -33.99999999999995737 ) ) ;
#440 = CARTESIAN_POINT ( 'NONE',  ( -94.30280558860737017, -18.85637092912639545, -19.94999999999998508 ) ) ;
#441 = DIRECTION ( 'NONE',  ( -9.464598684254557452E-16, 1.000000000000000000, 0.000000000000000000 ) ) ;
#442 = LINE ( 'NONE', #433, #1696 ) ;
#443 = CARTESIAN_POINT ( 'NONE',  ( -98.14764959141049872, -4.470299228882118392, 5.000000000000000000 ) ) ;
#444 = CARTESIAN_POINT ( 'NONE',  ( -136.3014027943036979, -22.85637092912640256, 10.00000000000000000 ) ) ;
#445 = ORIENTED_EDGE ( 'NONE', *, *, #481, .T. ) ;
#446 = CARTESIAN_POINT ( 'NONE',  ( -24.45831992944761879, -6.525606072300262461, -38.99999999999995026 ) ) ;
#447 = EDGE_CURVE ( 'NONE', #1086, #747, #1674, .T. ) ;
#448 = DIRECTION ( 'NONE',  ( 0.000000000000000000, -1.000000000000000000, 0.000000000000000000 ) ) ;
#449 = CARTESIAN_POINT ( 'NONE',  ( -136.3014027943036979, -22.85637092912639190, -38.99999999999995737 ) ) ;
#450 = DIRECTION ( 'NONE',  ( 0.000000000000000000, -0.000000000000000000, 1.000000000000000000 ) ) ;
#451 = DIRECTION ( 'NONE',  ( 1.000000000000000000, 0.000000000000000000, 0.000000000000000000 ) ) ;
#452 = LINE ( 'NONE', #1601, #8 ) ;
#453 = ORIENTED_EDGE ( 'NONE', *, *, #437, .F. ) ;
#454 = DIRECTION ( 'NONE',  ( -0.000000000000000000, 0.000000000000000000, -1.000000000000000000 ) ) ;
#455 = DIRECTION ( 'NONE',  ( -0.000000000000000000, 1.000000000000000000, -0.000000000000000000 ) ) ;
#456 = EDGE_CURVE ( 'NONE', #219, #1147, #1243, .T. ) ;
#457 = DIRECTION ( 'NONE',  ( 0.000000000000000000, 1.000000000000000000, 0.000000000000000000 ) ) ;
#458 = EDGE_CURVE ( 'NONE', #118, #838, #211, .T. ) ;
#459 = AXIS2_PLACEMENT_3D ( 'NONE', #1142, #967, #1693 ) ;
#460 = CARTESIAN_POINT ( 'NONE',  ( -25.00000000000000000, 2.143629070873611209, -33.99999999999995737 ) ) ;
#461 = ORIENTED_EDGE ( 'NONE', *, *, #1801, .F. ) ;
#462 = AXIS2_PLACEMENT_3D ( 'NONE', #655, #209, #1385 ) ;
#463 = AXIS2_PLACEMENT_3D ( 'NONE', #807, #628, #1355 ) ;
#464 = VECTOR ( 'NONE', #161, 1000.000000000000227 ) ;
#465 = CYLINDRICAL_SURFACE ( 'NONE', #1665, 5.000000000000000888 ) ;
#466 = VECTOR ( 'NONE', #1294, 1000.000000000000000 ) ;
#467 = VECTOR ( 'NONE', #1100, 1000.000000000000000 ) ;
#468 = ORIENTED_EDGE ( 'NONE', *, *, #912, .F. ) ;
#469 = CARTESIAN_POINT ( 'NONE',  ( -94.30280558860737017, -18.85637092912639545, -6.499999999999979572 ) ) ;
#470 = DIRECTION ( 'NONE',  ( 0.000000000000000000, -1.000000000000000000, 0.000000000000000000 ) ) ;
#471 = CARTESIAN_POINT ( 'NONE',  ( -94.31876481190991512, -7.598487996331242833, -33.99999999999995737 ) ) ;
#472 = SURFACE_STYLE_FILL_AREA ( #183 ) ;
#473 = ADVANCED_FACE ( 'NONE', ( #1236 ), #676, .T. ) ;
#474 = ORIENTED_EDGE ( 'NONE', *, *, #1067, .T. ) ;
#475 = CARTESIAN_POINT ( 'NONE',  ( -94.30280558860737017, -22.85637092912639545, -9.049999999999972289 ) ) ;
#476 = ORIENTED_EDGE ( 'NONE', *, *, #570, .T. ) ;
#477 = CARTESIAN_POINT ( 'NONE',  ( -24.65450079516072890, -3.105120484684712245, -38.40925808284204379 ) ) ;
#478 = CARTESIAN_POINT ( 'NONE',  ( -97.66941042923652105, -19.24296693483343290, -33.99999999999995737 ) ) ;
#479 = CARTESIAN_POINT ( 'NONE',  ( -28.29999999999999716, -22.85637092912639545, -28.99999999999996092 ) ) ;
#480 = DIRECTION ( 'NONE',  ( 0.000000000000000000, 1.000000000000000000, 2.081668171172168513E-16 ) ) ;
#481 = EDGE_CURVE ( 'NONE', #1496, #1797, #788, .T. ) ;
#482 = ORIENTED_EDGE ( 'NONE', *, *, #1801, .T. ) ;
#483 = VERTEX_POINT ( 'NONE', #649 ) ;
#484 = CARTESIAN_POINT ( 'NONE',  ( -24.45831992944765432, -6.525606072300277560, 10.00000000000000000 ) ) ;
#485 = DIRECTION ( 'NONE',  ( 0.000000000000000000, 1.000000000000000000, 2.952720810173288619E-16 ) ) ;
#486 = LINE ( 'NONE', #193, #140 ) ;
#487 = ORIENTED_EDGE ( 'NONE', *, *, #994, .T. ) ;
#488 = VECTOR ( 'NONE', #1733, 1000.000000000000000 ) ;
#489 = ORIENTED_EDGE ( 'NONE', *, *, #31, .F. ) ;
#490 = DIRECTION ( 'NONE',  ( 0.000000000000000000, 0.000000000000000000, 1.000000000000000000 ) ) ;
#491 = VECTOR ( 'NONE', #191, 1000.000000000000000 ) ;
#492 = VECTOR ( 'NONE', #1396, 1000.000000000000000 ) ;
#493 = EDGE_CURVE ( 'NONE', #1389, #838, #1227, .T. ) ;
#494 = DIRECTION ( 'NONE',  ( -1.000000000000000000, 1.517934304930440276E-16, 0.000000000000000000 ) ) ;
#495 = DIRECTION ( 'NONE',  ( 0.000000000000000000, -2.081668171172168513E-16, 1.000000000000000000 ) ) ;
#496 = VERTEX_POINT ( 'NONE', #1406 ) ;
#497 = ORIENTED_EDGE ( 'NONE', *, *, #805, .F. ) ;
#498 =( LENGTH_UNIT ( ) NAMED_UNIT ( * ) SI_UNIT ( .MILLI., .METRE. ) );
#499 = VERTEX_POINT ( 'NONE', #1829 ) ;
#500 = CARTESIAN_POINT ( 'NONE',  ( -28.29999999999999716, 2.276999682760482901E-13, -28.99999999999995737 ) ) ;
#501 = CARTESIAN_POINT ( 'NONE',  ( -7.080151285098031200E-15, 1.040834085586084257E-15, -38.99999999999997868 ) ) ;
#502 = EDGE_CURVE ( 'NONE', #1372, #1469, #416, .T. ) ;
#503 = CARTESIAN_POINT ( 'NONE',  ( -97.66941042923652105, -21.24296693483343645, -38.99999999999995026 ) ) ;
#504 = EDGE_LOOP ( 'NONE', ( #1258, #1852, #505, #1532 ) ) ;
#505 = ORIENTED_EDGE ( 'NONE', *, *, #1647, .T. ) ;
#506 = ORIENTED_EDGE ( 'NONE', *, *, #1501, .T. ) ;
#507 = CARTESIAN_POINT ( 'NONE',  ( -2.519534638856021094E-42, -22.85637092912639545, 5.000000000000000000 ) ) ;
#508 = CARTESIAN_POINT ( 'NONE',  ( -128.9910702685402271, 10.69768811881768933, -38.99999999999995026 ) ) ;
#509 = ADVANCED_FACE ( 'NONE', ( #1287 ), #1000, .T. ) ;
#510 = CARTESIAN_POINT ( 'NONE',  ( -128.9910702685402271, -5.855277381249322843, -38.99999999999995026 ) ) ;
#511 = EDGE_CURVE ( 'NONE', #425, #1764, #833, .T. ) ;
#512 = EDGE_LOOP ( 'NONE', ( #1380, #566 ) ) ;
#513 = ORIENTED_EDGE ( 'NONE', *, *, #719, .F. ) ;
#514 = AXIS2_PLACEMENT_3D ( 'NONE', #914, #603, #441 ) ;
#515 = ORIENTED_EDGE ( 'NONE', *, *, #1615, .T. ) ;
#516 = CARTESIAN_POINT ( 'NONE',  ( 0.000000000000000000, 0.000000000000000000, -28.99999999999995737 ) ) ;
#517 = VECTOR ( 'NONE', #490, 1000.000000000000000 ) ;
#518 = CARTESIAN_POINT ( 'NONE',  ( -101.3014027943036979, -5.041318945574907673, -33.99999999999995737 ) ) ;
#519 = VECTOR ( 'NONE', #1037, 1000.000000000000000 ) ;
#520 = VECTOR ( 'NONE', #696, 1000.000000000000000 ) ;
#521 = CARTESIAN_POINT ( 'NONE',  ( -38.29999999999999716, -18.85637092912639545, -6.499999999999979572 ) ) ;
#522 = ORIENTED_EDGE ( 'NONE', *, *, #1579, .F. ) ;
#523 = VERTEX_POINT ( 'NONE', #874 ) ;
#524 = EDGE_CURVE ( 'NONE', #625, #1255, #354, .T. ) ;
#525 = CARTESIAN_POINT ( 'NONE',  ( -94.30280558860737017, -18.85637092912639545, -19.94999999999998508 ) ) ;
#526 = ORIENTED_EDGE ( 'NONE', *, *, #1645, .T. ) ;
#527 = CARTESIAN_POINT ( 'NONE',  ( -88.37329491444904761, 7.143629070873608100, -33.99999999999995737 ) ) ;
#528 = B_SPLINE_CURVE_WITH_KNOTS ( 'NONE', 3,
 ( #484, #921, #634, #816, #1832, #1845, #1290, #98, #398, #543, #672, #389, #701, #1672, #1120, #1252, #1411, #1680, #128, #119 ),
 .UNSPECIFIED., .F., .F.,
 ( 4, 2, 2, 2, 2, 2, 2, 2, 2, 4 ),
 ( -4.823493076862813870E-05, 0.0002775067462690837560, 0.0006032484233067956711, 0.001254731777382222212, 0.002557698485533074426, 0.003860665193683925772, 0.005163631901834776251, 0.006466598609985627598, 0.007769565318136478077, 0.01037549873443818077 ),
 .UNSPECIFIED. ) ;
#529 = DIRECTION ( 'NONE',  ( 0.000000000000000000, -1.000000000000000000, 0.000000000000000000 ) ) ;
#530 = CARTESIAN_POINT ( 'NONE',  ( -2.519534638856021094E-42, -22.85637092912639545, 5.000000000000000000 ) ) ;
#531 = CARTESIAN_POINT ( 'NONE',  ( -38.29999999999999716, -18.85637092912639545, -9.049999999999977618 ) ) ;
#532 = APPLICATION_CONTEXT ( 'automotive_design' ) ;
#533 = ORIENTED_EDGE ( 'NONE', *, *, #502, .F. ) ;
#534 = ORIENTED_EDGE ( 'NONE', *, *, #1151, .F. ) ;
#535 = EDGE_CURVE ( 'NONE', #399, #358, #1668, .T. ) ;
#536 = ORIENTED_EDGE ( 'NONE', *, *, #1101, .T. ) ;
#537 = DIRECTION ( 'NONE',  ( 0.000000000000000000, 2.081668171172168513E-16, -1.000000000000000000 ) ) ;
#538 = PLANE ( 'NONE',  #288 ) ;
#539 = DIRECTION ( 'NONE',  ( 0.000000000000000000, 0.000000000000000000, -1.000000000000000000 ) ) ;
#540 = ORIENTED_EDGE ( 'NONE', *, *, #1349, .T. ) ;
#541 = FACE_OUTER_BOUND ( 'NONE', #700, .T. ) ;
#542 = ORIENTED_EDGE ( 'NONE', *, *, #1002, .T. ) ;
#543 = CARTESIAN_POINT ( 'NONE',  ( -24.62915316114300524, -3.522123076611810344, 9.549884625504754254 ) ) ;
#544 = CIRCLE ( 'NONE', #1366, 25.00000000000000000 ) ;
#545 = ORIENTED_EDGE ( 'NONE', *, *, #1212, .T. ) ;
#546 = CARTESIAN_POINT ( 'NONE',  ( -24.93237091226201230, 1.170972413263948519, -35.45470903387823824 ) ) ;
#547 = ADVANCED_FACE ( 'NONE', ( #1150 ), #1837, .T. ) ;
#548 = VECTOR ( 'NONE', #349, 999.9999999999998863 ) ;
#549 = LINE ( 'NONE', #414, #47 ) ;
#550 =( BOUNDED_CURVE ( )  B_SPLINE_CURVE ( 3, ( #876, #742, #155, #1048 ),
 .UNSPECIFIED., .F., .T. ) 
 B_SPLINE_CURVE_WITH_KNOTS ( ( 4, 4 ),
 ( 1.570796326794896780, 3.141592653589793116 ),
 .UNSPECIFIED. ) 
 CURVE ( )  GEOMETRIC_REPRESENTATION_ITEM ( )  RATIONAL_B_SPLINE_CURVE ( ( 1.000000000000000000, 0.8047378541243650485, 0.8047378541243650485, 1.000000000000000000 ) ) 
 REPRESENTATION_ITEM ( '' )  );
#551 = AXIS2_PLACEMENT_3D ( 'NONE', #250, #111, #419 ) ;
#552 = CIRCLE ( 'NONE', #1511, 2.000000000000001776 ) ;
#553 = DIRECTION ( 'NONE',  ( -1.000000000000000000, 0.000000000000000000, 0.000000000000000000 ) ) ;
#554 = AXIS2_PLACEMENT_3D ( 'NONE', #1624, #338, #169 ) ;
#555 = SHAPE_DEFINITION_REPRESENTATION ( #56, #1826 ) ;
#556 = EDGE_LOOP ( 'NONE', ( #933, #840, #41, #1442 ) ) ;
#557 = ORIENTED_EDGE ( 'NONE', *, *, #1329, .F. ) ;
#558 = CARTESIAN_POINT ( 'NONE',  ( -118.9910702685402413, -5.855277381249322843, -38.99999999999995026 ) ) ;
#559 = CARTESIAN_POINT ( 'NONE',  ( -25.00000000000000000, 2.143629070873610321, -33.99999999999995737 ) ) ;
#560 = LINE ( 'NONE', #1596, #466 ) ;
#561 = EDGE_CURVE ( 'NONE', #1255, #1763, #1717, .T. ) ;
#562 = CARTESIAN_POINT ( 'NONE',  ( -101.3014027943036979, -5.041318945574913002, 16.00000000000006395 ) ) ;
#563 = ORIENTED_EDGE ( 'NONE', *, *, #92, .T. ) ;
#564 = ORIENTED_EDGE ( 'NONE', *, *, #965, .F. ) ;
#565 = CARTESIAN_POINT ( 'NONE',  ( -128.9910702685402271, 5.125790984000642148, -38.99999999999995026 ) ) ;
#566 = ORIENTED_EDGE ( 'NONE', *, *, #1588, .T. ) ;
#567 = DIRECTION ( 'NONE',  ( 0.2350888553462437414, 0.9719738834413160777, 2.023327096370394585E-16 ) ) ;
#568 = LINE ( 'NONE', #1444, #200 ) ;
#569 = DIRECTION ( 'NONE',  ( -0.000000000000000000, -1.000000000000000000, -4.311120367036595063E-16 ) ) ;
#570 = EDGE_CURVE ( 'NONE', #1003, #275, #132, .T. ) ;
#571 = CARTESIAN_POINT ( 'NONE',  ( -136.3014027943036979, 12.14362907087359922, -33.99999999999995737 ) ) ;
#572 = ADVANCED_FACE ( 'NONE', ( #393 ), #687, .T. ) ;
#573 = DIRECTION ( 'NONE',  ( 0.1781635630118640345, -0.9840008865925464754, -2.048363326024898552E-16 ) ) ;
#574 = CARTESIAN_POINT ( 'NONE',  ( -128.9910702685402271, -5.855277381249333502, 5.000000000000000000 ) ) ;
#575 = ORIENTED_EDGE ( 'NONE', *, *, #1847, .F. ) ;
#576 = DIRECTION ( 'NONE',  ( -0.7682294201412779300, -0.6401746308855077450, 0.000000000000000000 ) ) ;
#577 = PRODUCT ( '3. Body Front', '3. Body Front', '', ( #688 ) ) ;
#578 = DIRECTION ( 'NONE',  ( 0.000000000000000000, -2.081668171172168513E-16, 1.000000000000000000 ) ) ;
#579 = CARTESIAN_POINT ( 'NONE',  ( -136.3014027943036979, 24.14362907087360810, -38.99999999999994316 ) ) ;
#580 = VECTOR ( 'NONE', #746, 1000.000000000000000 ) ;
#581 = CIRCLE ( 'NONE', #1757, 2.549999999999992273 ) ;
#582 = AXIS2_PLACEMENT_3D ( 'NONE', #1859, #882, #1455 ) ;
#583 = VERTEX_POINT ( 'NONE', #711 ) ;
#584 = VECTOR ( 'NONE', #1344, 1000.000000000000000 ) ;
#585 = VECTOR ( 'NONE', #1509, 1000.000000000000114 ) ;
#586 = ADVANCED_FACE ( 'NONE', ( #1262 ), #728, .F. ) ;
#587 = DIRECTION ( 'NONE',  ( 0.000000000000000000, 0.000000000000000000, -1.000000000000000000 ) ) ;
#588 = CARTESIAN_POINT ( 'NONE',  ( -95.66941042923652105, -21.78437031282000902, -38.99999999999995737 ) ) ;
#589 = EDGE_LOOP ( 'NONE', ( #1786, #107, #534, #316, #1586, #1397, #188, #1420 ) ) ;
#590 = CARTESIAN_POINT ( 'NONE',  ( -98.13958813992901753, -21.18691470171607705, 5.000000000000000000 ) ) ;
#591 = DIRECTION ( 'NONE',  ( -1.000000000000000000, 8.045935274772025515E-15, 0.000000000000000000 ) ) ;
#592 = ORIENTED_EDGE ( 'NONE', *, *, #1706, .T. ) ;
#593 = CARTESIAN_POINT ( 'NONE',  ( 0.000000000000000000, -22.85637092912638835, -33.99999999999995737 ) ) ;
#594 = CARTESIAN_POINT ( 'NONE',  ( -25.00000000000000000, -22.85637092912639190, -28.99999999999995737 ) ) ;
#595 = ORIENTED_EDGE ( 'NONE', *, *, #1625, .T. ) ;
#596 = DIRECTION ( 'NONE',  ( 0.000000000000000000, 2.081668171172168513E-16, -1.000000000000000000 ) ) ;
#597 = EDGE_CURVE ( 'NONE', #1144, #1417, #1726, .T. ) ;
#598 = ORIENTED_EDGE ( 'NONE', *, *, #1117, .T. ) ;
#599 = CARTESIAN_POINT ( 'NONE',  ( -24.70485100629538877, -2.292331051247309848, -38.07362117126292134 ) ) ;
#600 = ADVANCED_FACE ( 'NONE', ( #866 ), #1439, .T. ) ;
#601 = CARTESIAN_POINT ( 'NONE',  ( -95.66941042923652105, -11.26092954669849888, 10.00000000000000000 ) ) ;
#602 = ORIENTED_EDGE ( 'NONE', *, *, #1513, .F. ) ;
#603 = DIRECTION ( 'NONE',  ( 1.000000000000000000, 9.464598684254557452E-16, 1.970215383393069699E-31 ) ) ;
#604 = DIRECTION ( 'NONE',  ( -0.000000000000000000, -2.081668171172168513E-16, 1.000000000000000000 ) ) ;
#605 = VERTEX_POINT ( 'NONE', #403 ) ;
#606 = LINE ( 'NONE', #1616, #339 ) ;
#607 = CARTESIAN_POINT ( 'NONE',  ( -128.9910702685402271, -13.72494505118254438, -38.99999999999995026 ) ) ;
#608 = ORIENTED_EDGE ( 'NONE', *, *, #775, .T. ) ;
#609 = DIRECTION ( 'NONE',  ( -2.213953844647384018E-35, -2.081668171172168267E-16, 1.000000000000000000 ) ) ;
#610 = DIRECTION ( 'NONE',  ( 0.9902680687415698069, 0.1391731009600692959, 2.897122145519070365E-17 ) ) ;
#611 = ADVANCED_FACE ( 'NONE', ( #981 ), #430, .T. ) ;
#612 = TOROIDAL_SURFACE ( 'NONE', #1662, 16.33974596215561803, 10.00000000000000000 ) ;
#613 = DIRECTION ( 'NONE',  ( 0.000000000000000000, -1.000000000000000000, -2.081668171172168513E-16 ) ) ;
#614 = DIRECTION ( 'NONE',  ( -1.000000000000000000, 0.000000000000000000, 0.000000000000000000 ) ) ;
#615 = AXIS2_PLACEMENT_3D ( 'NONE', #686, #420, #1137 ) ;
#616 = ORIENTED_EDGE ( 'NONE', *, *, #535, .T. ) ;
#617 = AXIS2_PLACEMENT_3D ( 'NONE', #864, #421, #151 ) ;
#618 = AXIS2_PLACEMENT_3D ( 'NONE', #1785, #495, #1254 ) ;
#619 = EDGE_LOOP ( 'NONE', ( #955, #170, #1171, #445, #926, #1115, #379, #1740 ) ) ;
#620 = PLANE ( 'NONE',  #974 ) ;
#621 = CARTESIAN_POINT ( 'NONE',  ( -38.29999999999999716, -18.85637092912639545, -3.949999999999981526 ) ) ;
#622 = DIRECTION ( 'NONE',  ( 0.9659258262890680902, -0.2588190451025212391, 0.000000000000000000 ) ) ;
#623 = ADVANCED_FACE ( 'NONE', ( #4 ), #1122, .F. ) ;
#624 = DIRECTION ( 'NONE',  ( -0.000000000000000000, 0.000000000000000000, 1.000000000000000000 ) ) ;
#625 = VERTEX_POINT ( 'NONE', #202 ) ;
#626 =( BOUNDED_CURVE ( )  B_SPLINE_CURVE ( 3, ( #913, #1062, #635, #601 ),
 .UNSPECIFIED., .F., .F. ) 
 B_SPLINE_CURVE_WITH_KNOTS ( ( 4, 4 ),
 ( 3.141592653589793116, 4.712388980384690562 ),
 .UNSPECIFIED. ) 
 CURVE ( )  GEOMETRIC_REPRESENTATION_ITEM ( )  RATIONAL_B_SPLINE_CURVE ( ( 1.000000000000000000, 0.8047378541243648264, 0.8047378541243648264, 1.000000000000000000 ) ) 
 REPRESENTATION_ITEM ( '' )  );
#627 = EDGE_LOOP ( 'NONE', ( #1497, #352, #960, #1223 ) ) ;
#628 = DIRECTION ( 'NONE',  ( 0.000000000000000000, 0.000000000000000000, 1.000000000000000000 ) ) ;
#629 = DIRECTION ( 'NONE',  ( 0.000000000000000000, 0.000000000000000000, -1.000000000000000000 ) ) ;
#630 = CARTESIAN_POINT ( 'NONE',  ( -38.29999999999999716, -18.85637092912639545, -6.499999999999979572 ) ) ;
#631 = ORIENTED_EDGE ( 'NONE', *, *, #1466, .T. ) ;
#632 = EDGE_CURVE ( 'NONE', #825, #1228, #308, .T. ) ;
#633 = ORIENTED_EDGE ( 'NONE', *, *, #294, .F. ) ;
#634 = CARTESIAN_POINT ( 'NONE',  ( -24.47006740836804539, -6.306040815436045222, 9.998199978187280124 ) ) ;
#635 = CARTESIAN_POINT ( 'NONE',  ( -95.66941042923652105, -7.996987773270459954, 10.00000000000000178 ) ) ;
#636 = DIRECTION ( 'NONE',  ( 0.2350888553462437136, 0.9719738834413160777, -0.000000000000000000 ) ) ;
#637 = CARTESIAN_POINT ( 'NONE',  ( -131.3014027943036979, 18.14347393290256960, -33.99999999999995026 ) ) ;
#638 = EDGE_LOOP ( 'NONE', ( #540, #1391 ) ) ;
#639 = EDGE_LOOP ( 'NONE', ( #1552, #1066, #474, #154 ) ) ;
#640 = VECTOR ( 'NONE', #485, 1000.000000000000000 ) ;
#641 = APPLICATION_PROTOCOL_DEFINITION ( 'draft international standard', 'automotive_design', 1998, #1020 ) ;
#642 = ADVANCED_FACE ( 'NONE', ( #334 ), #1203, .F. ) ;
#643 = CIRCLE ( 'NONE', #1808, 2.549999999999993161 ) ;
#644 = EDGE_LOOP ( 'NONE', ( #961, #79, #1447, #299 ) ) ;
#645 = CARTESIAN_POINT ( 'NONE',  ( -136.3014027943036979, 12.14362907087360099, 5.000000000000000000 ) ) ;
#646 = CIRCLE ( 'NONE', #1507, 2.549999999999998490 ) ;
#647 = DIRECTION ( 'NONE',  ( 1.000000000000000000, 0.000000000000000000, 0.000000000000000000 ) ) ;
#648 = CARTESIAN_POINT ( 'NONE',  ( -131.3014027943036979, 18.14347393290255894, 5.000000000000000000 ) ) ;
#649 = CARTESIAN_POINT ( 'NONE',  ( -28.30000000000001847, -22.85637092912639545, 0.000000000000000000 ) ) ;
#650 = ORIENTED_EDGE ( 'NONE', *, *, #1516, .T. ) ;
#651 = EDGE_LOOP ( 'NONE', ( #533, #1490, #1844, #682 ) ) ;
#652 = VERTEX_POINT ( 'NONE', #1322 ) ;
#653 = CARTESIAN_POINT ( 'NONE',  ( -28.29999999999999716, 2.276999682760482901E-13, -141.9689081477454522 ) ) ;
#654 = EDGE_CURVE ( 'NONE', #1502, #1245, #765, .T. ) ;
#655 = CARTESIAN_POINT ( 'NONE',  ( 0.000000000000000000, 0.000000000000000000, 5.000000000000000000 ) ) ;
#656 = EDGE_CURVE ( 'NONE', #1102, #1827, #670, .T. ) ;
#657 = LINE ( 'NONE', #75, #1311 ) ;
#658 = CYLINDRICAL_SURFACE ( 'NONE', #1611, 2.549999999999991385 ) ;
#659 = ORIENTED_EDGE ( 'NONE', *, *, #1718, .F. ) ;
#660 = ORIENTED_EDGE ( 'NONE', *, *, #1395, .F. ) ;
#661 = EDGE_LOOP ( 'NONE', ( #1222, #1307, #1575, #515 ) ) ;
#662 = DIRECTION ( 'NONE',  ( 1.000000000000000000, 0.000000000000000000, -2.082397436793539850E-16 ) ) ;
#663 = FACE_OUTER_BOUND ( 'NONE', #1723, .T. ) ;
#664 = DIRECTION ( 'NONE',  ( -2.082397436793539850E-16, -0.000000000000000000, -1.000000000000000000 ) ) ;
#665 = EDGE_CURVE ( 'NONE', #1719, #1102, #735, .T. ) ;
#666 = DIRECTION ( 'NONE',  ( 0.000000000000000000, 0.000000000000000000, -1.000000000000000000 ) ) ;
#667 = ORIENTED_EDGE ( 'NONE', *, *, #570, .F. ) ;
#668 = ORIENTED_EDGE ( 'NONE', *, *, #1691, .T. ) ;
#669 = DIRECTION ( 'NONE',  ( 0.000000000000000000, 0.000000000000000000, 1.000000000000000000 ) ) ;
#670 = CIRCLE ( 'NONE', #1398, 2.549999999999992273 ) ;
#671 = ORIENTED_EDGE ( 'NONE', *, *, #116, .T. ) ;
#672 = CARTESIAN_POINT ( 'NONE',  ( -24.65449573687515894, -3.105203101552302059, 9.409288306025104021 ) ) ;
#673 = CIRCLE ( 'NONE', #463, 9.999999999999994671 ) ;
#674 = CARTESIAN_POINT ( 'NONE',  ( -128.9910702685402271, -5.855277381249333502, 10.00000000000000000 ) ) ;
#675 = CIRCLE ( 'NONE', #1198, 2.549999999999993161 ) ;
#676 = CYLINDRICAL_SURFACE ( 'NONE', #618, 2.000000000000001776 ) ;
#677 = EDGE_CURVE ( 'NONE', #1260, #268, #1612, .T. ) ;
#678 = ORIENTED_EDGE ( 'NONE', *, *, #1760, .F. ) ;
#679 = VERTEX_POINT ( 'NONE', #593 ) ;
#680 = ADVANCED_FACE ( 'NONE', ( #1767 ), #1170, .F. ) ;
#681 = LINE ( 'NONE', #1265, #48 ) ;
#682 = ORIENTED_EDGE ( 'NONE', *, *, #1376, .F. ) ;
#683 = DIRECTION ( 'NONE',  ( 1.000000000000000000, 8.673617379884040402E-16, 0.000000000000000000 ) ) ;
#684 = CARTESIAN_POINT ( 'NONE',  ( -121.3419588220026810, -15.57501621566248673, -33.99999999999995737 ) ) ;
#685 = ORIENTED_EDGE ( 'NONE', *, *, #1151, .T. ) ;
#686 = CARTESIAN_POINT ( 'NONE',  ( -94.30280558860737017, -22.85637092912639545, -6.499999999999979572 ) ) ;
#687 = CYLINDRICAL_SURFACE ( 'NONE', #431, 30.00000000000000000 ) ;
#688 = PRODUCT_CONTEXT ( 'NONE', #532, 'mechanical' ) ;
#689 = EDGE_LOOP ( 'NONE', ( #1213, #1609, #115, #247 ) ) ;
#690 = ADVANCED_FACE ( 'NONE', ( #318 ), #1185, .F. ) ;
#691 = CARTESIAN_POINT ( 'NONE',  ( -38.30000000000000426, -22.85637092912639545, -22.49999999999997868 ) ) ;
#692 = ORIENTED_EDGE ( 'NONE', *, *, #654, .F. ) ;
#693 = DIRECTION ( 'NONE',  ( 0.000000000000000000, 1.000000000000000000, 2.312964634635742464E-16 ) ) ;
#694 = ORIENTED_EDGE ( 'NONE', *, *, #677, .F. ) ;
#695 = CARTESIAN_POINT ( 'NONE',  ( -38.30000000000000426, -18.85637092912639545, -22.49999999999997868 ) ) ;
#696 = DIRECTION ( 'NONE',  ( -0.9902680687415698069, -0.1391731009600692959, 0.000000000000000000 ) ) ;
#697 = CARTESIAN_POINT ( 'NONE',  ( -95.66941042923652105, -11.26092954669849178, -38.99999999999995026 ) ) ;
#698 = ORIENTED_EDGE ( 'NONE', *, *, #6, .F. ) ;
#699 = CARTESIAN_POINT ( 'NONE',  ( -95.66941042923652105, -21.78437031282001612, 10.00000000000000000 ) ) ;
#700 = EDGE_LOOP ( 'NONE', ( #1024, #1666, #377, #1524 ) ) ;
#701 = CARTESIAN_POINT ( 'NONE',  ( -24.72957012672679156, -1.900999014432233514, 8.880821447561645599 ) ) ;
#702 = ADVANCED_FACE ( 'NONE', ( #1590 ), #1749, .T. ) ;
#703 = VECTOR ( 'NONE', #273, 999.9999999999998863 ) ;
#704 = EDGE_LOOP ( 'NONE', ( #806, #1088, #1617, #141 ) ) ;
#705 = CARTESIAN_POINT ( 'NONE',  ( -24.45831992944761879, -6.525606072300262461, -38.99999999999995026 ) ) ;
#706 = AXIS2_PLACEMENT_3D ( 'NONE', #192, #49, #622 ) ;
#707 = ADVANCED_FACE ( 'NONE', ( #897 ), #1735, .T. ) ;
#708 = DIRECTION ( 'NONE',  ( 0.4412983814944363425, 0.8973604284179188539, 0.000000000000000000 ) ) ;
#709 = CIRCLE ( 'NONE', #1840, 9.999999999999994671 ) ;
#710 = VECTOR ( 'NONE', #1814, 1000.000000000000000 ) ;
#711 = CARTESIAN_POINT ( 'NONE',  ( -25.00000000000000000, 2.143629070873610321, -33.99999999999995737 ) ) ;
#712 = AXIS2_PLACEMENT_3D ( 'NONE', #1310, #1141, #1848 ) ;
#713 = AXIS2_PLACEMENT_3D ( 'NONE', #1064, #1761, #277 ) ;
#714 = LINE ( 'NONE', #750, #44 ) ;
#715 = ORIENTED_EDGE ( 'NONE', *, *, #92, .F. ) ;
#716 = CARTESIAN_POINT ( 'NONE',  ( -24.45831992944765432, -6.525606072300277560, 10.00000000000000000 ) ) ;
#717 = EDGE_LOOP ( 'NONE', ( #803, #395, #278, #1247 ) ) ;
#718 = CARTESIAN_POINT ( 'NONE',  ( -94.30280558860737017, -18.85637092912639545, -25.04999999999997229 ) ) ;
#719 = EDGE_CURVE ( 'NONE', #61, #1777, #1177, .T. ) ;
#720 = DIRECTION ( 'NONE',  ( 8.045935274772025515E-15, 1.000000000000000000, 0.000000000000000000 ) ) ;
#721 = DIRECTION ( 'NONE',  ( 0.000000000000000000, 0.000000000000000000, 1.000000000000000000 ) ) ;
#722 = EDGE_CURVE ( 'NONE', #238, #894, #1629, .T. ) ;
#723 = LINE ( 'NONE', #460, #1428 ) ;
#724 = CARTESIAN_POINT ( 'NONE',  ( -28.30000000000000071, -22.85637092912639545, -33.99999999999995737 ) ) ;
#725 = ORIENTED_EDGE ( 'NONE', *, *, #1790, .T. ) ;
#726 = CARTESIAN_POINT ( 'NONE',  ( -128.9910702685402271, 10.69768811881768755, -33.99999999999995737 ) ) ;
#727 = DIRECTION ( 'NONE',  ( 0.8973604284179189650, -0.4412983814944361760, 0.000000000000000000 ) ) ;
#728 = PLANE ( 'NONE',  #459 ) ;
#729 = EDGE_CURVE ( 'NONE', #1417, #1260, #1598, .T. ) ;
#730 = CARTESIAN_POINT ( 'NONE',  ( -94.31876481190988670, -22.26132608465055540, -33.99999999999995737 ) ) ;
#731 = FACE_OUTER_BOUND ( 'NONE', #218, .T. ) ;
#732 = EDGE_LOOP ( 'NONE', ( #1631, #1281, #1360, #1831, #1156 ) ) ;
#733 = CARTESIAN_POINT ( 'NONE',  ( -24.62915846730722080, -3.522035193497828676, -38.54985684154578252 ) ) ;
#734 = DIRECTION ( 'NONE',  ( 0.8973604284179190760, -0.4412983814944361760, -1.868661056017427569E-16 ) ) ;
#735 = LINE ( 'NONE', #172, #1040 ) ;
#736 = VECTOR ( 'NONE', #1800, 1000.000000000000000 ) ;
#737 = VECTOR ( 'NONE', #1505, 1000.000000000000000 ) ;
#738 = DIRECTION ( 'NONE',  ( 0.000000000000000000, -1.000000000000000000, 0.000000000000000000 ) ) ;
#739 = FACE_OUTER_BOUND ( 'NONE', #1564, .T. ) ;
#740 = ADVANCED_FACE ( 'NONE', ( #1330 ), #1485, .F. ) ;
#741 = CIRCLE ( 'NONE', #1168, 30.00000000000000000 ) ;
#742 = CARTESIAN_POINT ( 'NONE',  ( -128.9910702685402271, 8.389732757428673082, 10.00000000000000355 ) ) ;
#743 = ADVANCED_FACE ( 'NONE', ( #906 ), #1479, .F. ) ;
#744 = DIRECTION ( 'NONE',  ( 0.000000000000000000, 0.000000000000000000, 1.000000000000000000 ) ) ;
#745 = ORIENTED_EDGE ( 'NONE', *, *, #1316, .F. ) ;
#746 = DIRECTION ( 'NONE',  ( -0.000000000000000000, -1.000000000000000000, -0.000000000000000000 ) ) ;
#747 = VERTEX_POINT ( 'NONE', #479 ) ;
#748 = DIRECTION ( 'NONE',  ( -0.7682294201412779300, -0.6401746308855077450, -1.332631153106252732E-16 ) ) ;
#749 = CARTESIAN_POINT ( 'NONE',  ( 0.000000000000000000, 0.000000000000000000, 10.00000000000000000 ) ) ;
#750 = CARTESIAN_POINT ( 'NONE',  ( -128.9910702685402271, -13.72494505118255503, 5.000000000000000000 ) ) ;
#751 = LINE ( 'NONE', #892, #402 ) ;
#752 = FACE_OUTER_BOUND ( 'NONE', #1571, .T. ) ;
#753 = ADVANCED_FACE ( 'NONE', ( #64 ), #958, .F. ) ;
#754 = EDGE_LOOP ( 'NONE', ( #962, #1334, #417, #259 ) ) ;
#755 = CARTESIAN_POINT ( 'NONE',  ( -136.3014027943036979, 24.14362907087359744, 10.00000000000000000 ) ) ;
#756 = DIRECTION ( 'NONE',  ( 0.4407378716755633863, 0.8976358551611530734, -0.000000000000000000 ) ) ;
#757 = DIRECTION ( 'NONE',  ( -0.000000000000000000, -0.000000000000000000, 1.000000000000000000 ) ) ;
#758 = CYLINDRICAL_SURFACE ( 'NONE', #1280, 2.000000000000001776 ) ;
#759 = ORIENTED_EDGE ( 'NONE', *, *, #144, .F. ) ;
#760 = CARTESIAN_POINT ( 'NONE',  ( -136.3014027943036979, 12.14362907087360099, 5.000000000000000000 ) ) ;
#761 = ORIENTED_EDGE ( 'NONE', *, *, #859, .F. ) ;
#762 = CARTESIAN_POINT ( 'NONE',  ( 7.558603916568049261E-42, -22.85637092912638835, -28.99999999999996092 ) ) ;
#763 = EDGE_CURVE ( 'NONE', #1777, #1496, #1773, .T. ) ;
#764 = CARTESIAN_POINT ( 'NONE',  ( -38.29999999999999716, -22.85637092912639545, -9.049999999999977618 ) ) ;
#765 = LINE ( 'NONE', #1019, #1367 ) ;
#766 = EDGE_CURVE ( 'NONE', #784, #219, #949, .T. ) ;
#767 = AXIS2_PLACEMENT_3D ( 'NONE', #15, #1063, #159 ) ;
#768 = CYLINDRICAL_SURFACE ( 'NONE', #939, 2.549999999999998490 ) ;
#769 = VECTOR ( 'NONE', #1705, 1000.000000000000000 ) ;
#770 = VECTOR ( 'NONE', #451, 1000.000000000000000 ) ;
#771 = ORIENTED_EDGE ( 'NONE', *, *, #880, .T. ) ;
#772 = LINE ( 'NONE', #444, #584 ) ;
#773 = ORIENTED_EDGE ( 'NONE', *, *, #524, .T. ) ;
#774 = CARTESIAN_POINT ( 'NONE',  ( -128.9910702685402271, 8.554266658353665065, 5.000000000000000000 ) ) ;
#775 = EDGE_CURVE ( 'NONE', #1228, #1361, #1217, .T. ) ;
#776 = DIRECTION ( 'NONE',  ( -0.000000000000000000, -1.000000000000000000, -0.000000000000000000 ) ) ;
#777 = PLANE ( 'NONE',  #868 ) ;
#778 = VERTEX_POINT ( 'NONE', #1520 ) ;
#779 = ORIENTED_EDGE ( 'NONE', *, *, #82, .F. ) ;
#780 = CARTESIAN_POINT ( 'NONE',  ( -38.30000000000000426, -18.85637092912639545, -19.94999999999997797 ) ) ;
#781 = CARTESIAN_POINT ( 'NONE',  ( -131.3014027943036979, 18.14347393290256960, -33.99999999999995026 ) ) ;
#782 = DIRECTION ( 'NONE',  ( -0.000000000000000000, -2.081668171172168513E-16, 1.000000000000000000 ) ) ;
#783 = EDGE_CURVE ( 'NONE', #1797, #847, #1083, .T. ) ;
#784 = VERTEX_POINT ( 'NONE', #648 ) ;
#785 = ORIENTED_EDGE ( 'NONE', *, *, #980, .T. ) ;
#786 = LINE ( 'NONE', #516, #737 ) ;
#787 = CARTESIAN_POINT ( 'NONE',  ( -28.30000000000000071, -22.85637092912639545, -141.9689081477454522 ) ) ;
#788 = LINE ( 'NONE', #77, #1784 ) ;
#789 = EDGE_LOOP ( 'NONE', ( #1402, #1641 ) ) ;
#790 = VECTOR ( 'NONE', #569, 1000.000000000000000 ) ;
#791 = EDGE_CURVE ( 'NONE', #1379, #1372, #1644, .T. ) ;
#792 = ORIENTED_EDGE ( 'NONE', *, *, #1362, .T. ) ;
#793 = AXIS2_PLACEMENT_3D ( 'NONE', #302, #756, #1338 ) ;
#794 = AXIS2_PLACEMENT_3D ( 'NONE', #527, #537, #693 ) ;
#795 = ADVANCED_FACE ( 'NONE', ( #235 ), #215, .F. ) ;
#796 = EDGE_LOOP ( 'NONE', ( #68, #1523, #1363, #1388 ) ) ;
#797 = LINE ( 'NONE', #653, #1433 ) ;
#798 = VECTOR ( 'NONE', #455, 1000.000000000000000 ) ;
#799 = AXIS2_PLACEMENT_3D ( 'NONE', #749, #624, #1350 ) ;
#800 = DIRECTION ( 'NONE',  ( 1.000000000000000000, 1.763635533909753814E-15, 0.000000000000000000 ) ) ;
#801 = PLANE ( 'NONE',  #368 ) ;
#802 = CARTESIAN_POINT ( 'NONE',  ( -94.30280558860737017, -18.85637092912639545, -6.499999999999979572 ) ) ;
#803 = ORIENTED_EDGE ( 'NONE', *, *, #1790, .F. ) ;
#804 = ORIENTED_EDGE ( 'NONE', *, *, #855, .T. ) ;
#805 = EDGE_CURVE ( 'NONE', #1300, #784, #359, .T. ) ;
#806 = ORIENTED_EDGE ( 'NONE', *, *, #665, .F. ) ;
#807 = CARTESIAN_POINT ( 'NONE',  ( -118.9910702685402413, -5.855277381249335278, 10.00000000000000000 ) ) ;
#808 = EDGE_CURVE ( 'NONE', #1237, #1804, #1779, .T. ) ;
#809 = DIRECTION ( 'NONE',  ( 0.000000000000000000, 1.000000000000000000, 2.312964634635742957E-16 ) ) ;
#810 = CARTESIAN_POINT ( 'NONE',  ( -29.62153041393013453, 7.937065152986533256, -33.99999999999995737 ) ) ;
#811 = DIRECTION ( 'NONE',  ( 0.000000000000000000, -0.000000000000000000, -1.000000000000000000 ) ) ;
#812 = VERTEX_POINT ( 'NONE', #781 ) ;
#813 = EDGE_LOOP ( 'NONE', ( #266, #476, #1060, #631 ) ) ;
#814 =( NAMED_UNIT ( * ) PLANE_ANGLE_UNIT ( ) SI_UNIT ( $, .RADIAN. ) );
#815 = ORIENTED_EDGE ( 'NONE', *, *, #175, .T. ) ;
#816 = CARTESIAN_POINT ( 'NONE',  ( -24.48194552743741070, -6.086665087820204434, 9.991005204108301285 ) ) ;
#817 = CARTESIAN_POINT ( 'NONE',  ( -38.29999999999999716, -22.85637092912639545, -6.499999999999979572 ) ) ;
#818 = CARTESIAN_POINT ( 'NONE',  ( -128.9910702685402271, 10.69768811881767867, 5.000000000000000000 ) ) ;
#819 = ADVANCED_FACE ( 'NONE', ( #1210 ), #1493, .F. ) ;
#820 = CARTESIAN_POINT ( 'NONE',  ( 7.558603916568049261E-42, -22.85637092912638835, -28.99999999999996092 ) ) ;
#821 = EDGE_CURVE ( 'NONE', #292, #1077, #91, .T. ) ;
#822 = ORIENTED_EDGE ( 'NONE', *, *, #832, .F. ) ;
#823 = VERTEX_POINT ( 'NONE', #243 ) ;
#824 = AXIS2_PLACEMENT_3D ( 'NONE', #1028, #1471, #1743 ) ;
#825 = VERTEX_POINT ( 'NONE', #1357 ) ;
#826 = CARTESIAN_POINT ( 'NONE',  ( -136.3014027943036979, 24.14362907087360810, -38.99999999999994316 ) ) ;
#827 = AXIS2_PLACEMENT_3D ( 'NONE', #18, #596, #1746 ) ;
#828 = VECTOR ( 'NONE', #1851, 1000.000000000000000 ) ;
#829 = LINE ( 'NONE', #988, #7 ) ;
#830 = AXIS2_PLACEMENT_3D ( 'NONE', #1519, #391, #1291 ) ;
#831 = VECTOR ( 'NONE', #1533, 1000.000000000000000 ) ;
#832 = EDGE_CURVE ( 'NONE', #1560, #896, #1337, .T. ) ;
#833 = LINE ( 'NONE', #1159, #315 ) ;
#834 = ADVANCED_FACE ( 'NONE', ( #928 ), #1377, .F. ) ;
#835 = DIRECTION ( 'NONE',  ( 0.000000000000000000, 0.000000000000000000, 1.000000000000000000 ) ) ;
#836 = ORIENTED_EDGE ( 'NONE', *, *, #632, .T. ) ;
#837 = DIRECTION ( 'NONE',  ( -1.000000000000000000, -8.673617379884035472E-17, 0.000000000000000000 ) ) ;
#838 = VERTEX_POINT ( 'NONE', #518 ) ;
#839 = DIRECTION ( 'NONE',  ( 0.000000000000000000, -1.000000000000000000, 0.000000000000000000 ) ) ;
#840 = ORIENTED_EDGE ( 'NONE', *, *, #152, .T. ) ;
#841 = CARTESIAN_POINT ( 'NONE',  ( 0.000000000000000000, 0.000000000000000000, 5.000000000000000000 ) ) ;
#842 = LINE ( 'NONE', #1018, #769 ) ;
#843 = CARTESIAN_POINT ( 'NONE',  ( -38.30000000000000426, -18.85637092912639545, -22.49999999999997868 ) ) ;
#844 = EDGE_LOOP ( 'NONE', ( #412, #1239, #992, #86, #785 ) ) ;
#845 = ADVANCED_FACE ( 'NONE', ( #1781 ), #1233, .T. ) ;
#846 = FACE_OUTER_BOUND ( 'NONE', #1006, .T. ) ;
#847 = VERTEX_POINT ( 'NONE', #1091 ) ;
#848 = CARTESIAN_POINT ( 'NONE',  ( -94.30280558860737017, -18.85637092912639545, -6.499999999999979572 ) ) ;
#849 = ADVANCED_FACE ( 'NONE', ( #225 ), #801, .F. ) ;
#850 = ORIENTED_EDGE ( 'NONE', *, *, #597, .T. ) ;
#851 = LINE ( 'NONE', #1253, #1663 ) ;
#852 = DIRECTION ( 'NONE',  ( -0.000000000000000000, 2.081668171172168513E-16, -1.000000000000000000 ) ) ;
#853 = DIRECTION ( 'NONE',  ( 0.000000000000000000, 0.000000000000000000, 1.000000000000000000 ) ) ;
#854 = VERTEX_POINT ( 'NONE', #718 ) ;
#855 = EDGE_CURVE ( 'NONE', #523, #1556, #829, .T. ) ;
#856 = CARTESIAN_POINT ( 'NONE',  ( -101.3014027943036979, -22.85637092912639545, 5.000000000000000000 ) ) ;
#857 = ORIENTED_EDGE ( 'NONE', *, *, #203, .T. ) ;
#858 = DIRECTION ( 'NONE',  ( 0.9719738834413159667, -0.2350888553462436859, 0.000000000000000000 ) ) ;
#859 = EDGE_CURVE ( 'NONE', #1774, #78, #143, .T. ) ;
#860 = CIRCLE ( 'NONE', #1246, 2.000000000000001776 ) ;
#861 = ORIENTED_EDGE ( 'NONE', *, *, #1453, .F. ) ;
#862 = DIRECTION ( 'NONE',  ( -0.000000000000000000, -1.000000000000000000, -0.000000000000000000 ) ) ;
#863 = VECTOR ( 'NONE', #1452, 1000.000000000000227 ) ;
#864 = CARTESIAN_POINT ( 'NONE',  ( -88.37329491444904761, 7.143629070873608988, -38.99999999999995026 ) ) ;
#865 = AXIS2_PLACEMENT_3D ( 'NONE', #1741, #576, #1627 ) ;
#866 = FACE_OUTER_BOUND ( 'NONE', #1684, .T. ) ;
#867 = AXIS2_PLACEMENT_3D ( 'NONE', #1856, #429, #1451 ) ;
#868 = AXIS2_PLACEMENT_3D ( 'NONE', #856, #1314, #450 ) ;
#869 = DIRECTION ( 'NONE',  ( -0.000000000000000000, -2.081668171172168513E-16, 1.000000000000000000 ) ) ;
#870 = DIRECTION ( 'NONE',  ( -0.000000000000000000, -0.000000000000000000, -1.000000000000000000 ) ) ;
#871 = CARTESIAN_POINT ( 'NONE',  ( -128.9910702685402271, 10.69768811881768933, -36.92893218813447476 ) ) ;
#872 = EDGE_CURVE ( 'NONE', #1207, #1679, #122, .T. ) ;
#873 = CARTESIAN_POINT ( 'NONE',  ( -94.30280558860737017, -22.85637092912639545, -19.94999999999998508 ) ) ;
#874 = CARTESIAN_POINT ( 'NONE',  ( -131.3014027943036979, -22.85637092912639545, 5.000000000000000000 ) ) ;
#875 = CARTESIAN_POINT ( 'NONE',  ( -94.30280558860737017, -18.85637092912639545, -9.049999999999970512 ) ) ;
#876 = CARTESIAN_POINT ( 'NONE',  ( -128.9910702685402271, 5.125790984000633266, 10.00000000000000000 ) ) ;
#877 = ORIENTED_EDGE ( 'NONE', *, *, #1058, .F. ) ;
#878 = DIRECTION ( 'NONE',  ( 0.000000000000000000, 1.000000000000000000, 0.000000000000000000 ) ) ;
#879 = FACE_OUTER_BOUND ( 'NONE', #336, .T. ) ;
#880 = EDGE_CURVE ( 'NONE', #496, #1354, #1715, .T. ) ;
#881 = DIRECTION ( 'NONE',  ( 0.9659258262890680902, -0.2588190451025212391, -6.616351445076586961E-17 ) ) ;
#882 = DIRECTION ( 'NONE',  ( -1.000000000000000000, 1.102333632346384942E-43, 0.000000000000000000 ) ) ;
#883 = DIRECTION ( 'NONE',  ( 0.000000000000000000, 1.000000000000000000, -0.000000000000000000 ) ) ;
#884 = ORIENTED_EDGE ( 'NONE', *, *, #309, .F. ) ;
#885 = CARTESIAN_POINT ( 'NONE',  ( -24.46991976111408817, -6.308171904671313612, -38.99999999999995026 ) ) ;
#886 = CARTESIAN_POINT ( 'NONE',  ( -128.9910702685402271, 10.69768811881768755, -33.99999999999995737 ) ) ;
#887 = VECTOR ( 'NONE', #1450, 1000.000000000000000 ) ;
#888 = CARTESIAN_POINT ( 'NONE',  ( -88.37329491444893392, -22.85637092912639190, -38.99999999999995737 ) ) ;
#889 = ORIENTED_EDGE ( 'NONE', *, *, #1453, .T. ) ;
#890 = PRODUCT_DEFINITION_FORMATION_WITH_SPECIFIED_SOURCE ( 'ANY', '', #577, .NOT_KNOWN. ) ;
#891 = AXIS2_PLACEMENT_3D ( 'NONE', #1196, #1768, #480 ) ;
#892 = CARTESIAN_POINT ( 'NONE',  ( -131.3014027943036979, -22.85637092912640256, 10.00000000000000000 ) ) ;
#893 = DIRECTION ( 'NONE',  ( -0.000000000000000000, -1.000000000000000000, -4.311120367036595063E-16 ) ) ;
#894 = VERTEX_POINT ( 'NONE', #705 ) ;
#895 = CARTESIAN_POINT ( 'NONE',  ( -25.00000000000000000, -22.85637092912639901, 10.00000000000000000 ) ) ;
#896 = VERTEX_POINT ( 'NONE', #1557 ) ;
#897 = FACE_OUTER_BOUND ( 'NONE', #52, .T. ) ;
#898 = CARTESIAN_POINT ( 'NONE',  ( 0.000000000000000000, 0.000000000000000000, 10.00000000000000000 ) ) ;
#899 = SURFACE_STYLE_USAGE ( .BOTH. , #1621 ) ;
#900 = EDGE_CURVE ( 'NONE', #1154, #1830, #1724, .T. ) ;
#901 = DIRECTION ( 'NONE',  ( -0.000000000000000000, -1.000000000000000000, -0.000000000000000000 ) ) ;
#902 = DIRECTION ( 'NONE',  ( -1.000000000000000000, 0.000000000000000000, 0.000000000000000000 ) ) ;
#903 = ADVANCED_FACE ( 'NONE', ( #1855 ), #281, .F. ) ;
#904 = ORIENTED_EDGE ( 'NONE', *, *, #656, .T. ) ;
#905 = FACE_OUTER_BOUND ( 'NONE', #427, .T. ) ;
#906 = FACE_OUTER_BOUND ( 'NONE', #375, .T. ) ;
#907 = CARTESIAN_POINT ( 'NONE',  ( -88.37329491444904761, 7.143629070873608988, -38.99999999999995026 ) ) ;
#908 = ORIENTED_EDGE ( 'NONE', *, *, #1161, .T. ) ;
#909 = EDGE_CURVE ( 'NONE', #1827, #1102, #1218, .T. ) ;
#910 = ORIENTED_EDGE ( 'NONE', *, *, #10, .F. ) ;
#911 = CARTESIAN_POINT ( 'NONE',  ( 1.737610095762773168E-42, 1.030120828964846378E-15, -33.99999999999995737 ) ) ;
#912 = EDGE_CURVE ( 'NONE', #121, #1003, #860, .T. ) ;
#913 = CARTESIAN_POINT ( 'NONE',  ( -95.66941042923652105, -5.689032411881453477, 5.000000000000000000 ) ) ;
#914 = CARTESIAN_POINT ( 'NONE',  ( -94.31876481190988670, -22.26132608465055540, -38.99999999999995737 ) ) ;
#915 = AXIS2_PLACEMENT_3D ( 'NONE', #1506, #664, #1791 ) ;
#916 = FACE_BOUND ( 'NONE', #1095, .T. ) ;
#917 = VECTOR ( 'NONE', #1701, 1000.000000000000000 ) ;
#918 = CIRCLE ( 'NONE', #712, 9.999999999999994671 ) ;
#919 = ORIENTED_EDGE ( 'NONE', *, *, #253, .F. ) ;
#920 = ORIENTED_EDGE ( 'NONE', *, *, #1329, .T. ) ;
#921 = CARTESIAN_POINT ( 'NONE',  ( -24.46410435281968532, -6.417179388307840959, 9.999999999999998224 ) ) ;
#922 = CARTESIAN_POINT ( 'NONE',  ( -136.3014027943036979, 12.14362907087359922, -33.99999999999995737 ) ) ;
#923 = ADVANCED_FACE ( 'NONE', ( #1818 ), #1435, .F. ) ;
#924 = DIRECTION ( 'NONE',  ( -0.000000000000000000, -1.000000000000000000, -0.000000000000000000 ) ) ;
#925 = EDGE_LOOP ( 'NONE', ( #51, #667, #468, #659 ) ) ;
#926 = ORIENTED_EDGE ( 'NONE', *, *, #1127, .T. ) ;
#927 = CARTESIAN_POINT ( 'NONE',  ( -25.00000000000000000, 2.143629070873603215, 5.000000000000000000 ) ) ;
#928 = FACE_OUTER_BOUND ( 'NONE', #1130, .T. ) ;
#929 = EDGE_CURVE ( 'NONE', #1764, #1382, #851, .T. ) ;
#930 = DIRECTION ( 'NONE',  ( -1.000000000000000000, 0.000000000000000000, 0.000000000000000000 ) ) ;
#931 = ORIENTED_EDGE ( 'NONE', *, *, #1539, .T. ) ;
#932 = VERTEX_POINT ( 'NONE', #100 ) ;
#933 = ORIENTED_EDGE ( 'NONE', *, *, #1588, .F. ) ;
#934 = ORIENTED_EDGE ( 'NONE', *, *, #821, .F. ) ;
#935 = LINE ( 'NONE', #645, #287 ) ;
#936 = DIRECTION ( 'NONE',  ( -0.8973604284179189650, 0.4412983814944361205, 0.000000000000000000 ) ) ;
#937 = DIRECTION ( 'NONE',  ( -1.000000000000000000, 8.045935274772025515E-15, -0.000000000000000000 ) ) ;
#938 = ORIENTED_EDGE ( 'NONE', *, *, #456, .F. ) ;
#939 = AXIS2_PLACEMENT_3D ( 'NONE', #630, #328, #1054 ) ;
#940 = VERTEX_POINT ( 'NONE', #1128 ) ;
#941 = EDGE_CURVE ( 'NONE', #993, #94, #1157, .T. ) ;
#942 = VECTOR ( 'NONE', #112, 1000.000000000000000 ) ;
#943 = VECTOR ( 'NONE', #1555, 1000.000000000000114 ) ;
#944 = EDGE_LOOP ( 'NONE', ( #1359, #595, #461, #773 ) ) ;
#945 = CARTESIAN_POINT ( 'NONE',  ( -38.29999999999999716, -18.85637092912639545, -3.949999999999981526 ) ) ;
#946 = VECTOR ( 'NONE', #1271, 1000.000000000000000 ) ;
#947 = VECTOR ( 'NONE', #236, 1000.000000000000000 ) ;
#948 = CARTESIAN_POINT ( 'NONE',  ( -94.31876481190990091, -9.446600721250188570, 8.169872981077809015 ) ) ;
#949 = LINE ( 'NONE', #370, #1306 ) ;
#950 = LINE ( 'NONE', #1387, #467 ) ;
#951 = ORIENTED_EDGE ( 'NONE', *, *, #31, .T. ) ;
#952 = ORIENTED_EDGE ( 'NONE', *, *, #808, .F. ) ;
#953 = ADVANCED_FACE ( 'NONE', ( #1282 ), #428, .T. ) ;
#954 = DIRECTION ( 'NONE',  ( 0.9902680687415698069, 0.1391731009600692959, 0.000000000000000000 ) ) ;
#955 = ORIENTED_EDGE ( 'NONE', *, *, #493, .T. ) ;
#956 = LINE ( 'NONE', #986, #943 ) ;
#957 = CARTESIAN_POINT ( 'NONE',  ( -94.31876481190990091, -7.598487996331249938, 5.000000000000000000 ) ) ;
#958 = PLANE ( 'NONE',  #1727 ) ;
#959 = CARTESIAN_POINT ( 'NONE',  ( -29.62153041393013453, 7.937065152986533256, -33.99999999999995737 ) ) ;
#960 = ORIENTED_EDGE ( 'NONE', *, *, #362, .T. ) ;
#961 = ORIENTED_EDGE ( 'NONE', *, *, #1225, .T. ) ;
#962 = ORIENTED_EDGE ( 'NONE', *, *, #1339, .F. ) ;
#963 = DIRECTION ( 'NONE',  ( -0.000000000000000000, 1.000000000000000000, 0.000000000000000000 ) ) ;
#964 = CARTESIAN_POINT ( 'NONE',  ( 0.000000000000000000, 0.000000000000000000, 5.000000000000000000 ) ) ;
#965 = EDGE_CURVE ( 'NONE', #329, #1685, #262, .T. ) ;
#966 = LINE ( 'NONE', #1521, #1667 ) ;
#967 = DIRECTION ( 'NONE',  ( -0.000000000000000000, 1.000000000000000000, 0.000000000000000000 ) ) ;
#968 = ORIENTED_EDGE ( 'NONE', *, *, #1566, .T. ) ;
#969 = ORIENTED_EDGE ( 'NONE', *, *, #991, .F. ) ;
#970 = CARTESIAN_POINT ( 'NONE',  ( 0.4256134843036900595, -3.028397299652838548, 0.000000000000000000 ) ) ;
#971 = VECTOR ( 'NONE', #383, 1000.000000000000227 ) ;
#972 = ORIENTED_EDGE ( 'NONE', *, *, #1026, .F. ) ;
#973 = CARTESIAN_POINT ( 'NONE',  ( -38.30000000000000426, -18.85637092912639545, -25.04999999999997939 ) ) ;
#974 = AXIS2_PLACEMENT_3D ( 'NONE', #1061, #1443, #150 ) ;
#975 = UNCERTAINTY_MEASURE_WITH_UNIT (LENGTH_MEASURE( 1.000000000000000082E-05 ), #498, 'distance_accuracy_value', 'NONE');
#976 = VERTEX_POINT ( 'NONE', #1007 ) ;
#977 = LINE ( 'NONE', #1846, #1572 ) ;
#978 = AXIS2_PLACEMENT_3D ( 'NONE', #1742, #734, #708 ) ;
#979 = AXIS2_PLACEMENT_3D ( 'NONE', #57, #738, #16 ) ;
#980 = EDGE_CURVE ( 'NONE', #1273, #1277, #1581, .T. ) ;
#981 = FACE_OUTER_BOUND ( 'NONE', #1352, .T. ) ;
#982 = FACE_OUTER_BOUND ( 'NONE', #1369, .T. ) ;
#983 = ORIENTED_EDGE ( 'NONE', *, *, #362, .F. ) ;
#984 = DIRECTION ( 'NONE',  ( 0.6401746308855075229, -0.7682294201412779300, 0.000000000000000000 ) ) ;
#985 = ORIENTED_EDGE ( 'NONE', *, *, #390, .T. ) ;
#986 = CARTESIAN_POINT ( 'NONE',  ( -29.62153041393013453, 7.937065152986533256, -33.99999999999995737 ) ) ;
#987 = ORIENTED_EDGE ( 'NONE', *, *, #365, .F. ) ;
#988 = CARTESIAN_POINT ( 'NONE',  ( -101.3014027943036979, -22.85637092912639545, 5.000000000000000000 ) ) ;
#989 = LINE ( 'NONE', #1009, #946 ) ;
#990 = DIRECTION ( 'NONE',  ( 0.000000000000000000, -1.000000000000000000, 0.000000000000000000 ) ) ;
#991 = EDGE_CURVE ( 'NONE', #1440, #483, #977, .T. ) ;
#992 = ORIENTED_EDGE ( 'NONE', *, *, #880, .F. ) ;
#993 = VERTEX_POINT ( 'NONE', #841 ) ;
#994 = EDGE_CURVE ( 'NONE', #583, #894, #1655, .T. ) ;
#995 = PLANE ( 'NONE',  #168 ) ;
#996 = ORIENTED_EDGE ( 'NONE', *, *, #1336, .F. ) ;
#997 = DIRECTION ( 'NONE',  ( 0.000000000000000000, 0.000000000000000000, 1.000000000000000000 ) ) ;
#998 = CARTESIAN_POINT ( 'NONE',  ( -24.96912735314134579, 1.702129651686673073, -34.76469942554385995 ) ) ;
#999 = DIRECTION ( 'NONE',  ( 0.000000000000000000, 0.000000000000000000, 1.000000000000000000 ) ) ;
#1000 = PLANE ( 'NONE',  #1140 ) ;
#1001 = CARTESIAN_POINT ( 'NONE',  ( 1.737610095762773168E-42, 1.030120828964846378E-15, -33.99999999999995737 ) ) ;
#1002 = EDGE_CURVE ( 'NONE', #932, #679, #1005, .T. ) ;
#1003 = VERTEX_POINT ( 'NONE', #590 ) ;
#1004 = CARTESIAN_POINT ( 'NONE',  ( -128.9910702685402271, 10.69768811881767867, 5.000000000000000000 ) ) ;
#1005 = CIRCLE ( 'NONE', #101, 10.00000000000000178 ) ;
#1006 = EDGE_LOOP ( 'NONE', ( #134, #1413, #952, #1174 ) ) ;
#1007 = CARTESIAN_POINT ( 'NONE',  ( -28.29999999999999716, 2.276999682760482901E-13, -28.99999999999995737 ) ) ;
#1008 = VECTOR ( 'NONE', #1660, 1000.000000000000000 ) ;
#1009 = CARTESIAN_POINT ( 'NONE',  ( -94.31876481190988670, -22.26132608465055540, -38.99999999999995737 ) ) ;
#1010 = AXIS2_PLACEMENT_3D ( 'NONE', #1286, #448, #1725 ) ;
#1011 = CARTESIAN_POINT ( 'NONE',  ( -23.79472559045123603, -6.432343969993929100, -28.99999999999995381 ) ) ;
#1012 = CARTESIAN_POINT ( 'NONE',  ( 0.000000000000000000, 0.000000000000000000, 0.000000000000000000 ) ) ;
#1013 = DIRECTION ( 'NONE',  ( 0.000000000000000000, 0.000000000000000000, -1.000000000000000000 ) ) ;
#1014 = ADVANCED_FACE ( 'NONE', ( #1182 ), #2, .F. ) ;
#1015 = ORIENTED_EDGE ( 'NONE', *, *, #1056, .T. ) ;
#1016 = CARTESIAN_POINT ( 'NONE',  ( -24.77791099801780206, -1.147193872518759816, -37.44666381464137572 ) ) ;
#1017 = EDGE_CURVE ( 'NONE', #854, #127, #1320, .T. ) ;
#1018 = CARTESIAN_POINT ( 'NONE',  ( -128.9910702685402271, -5.855277381249322843, -38.99999999999995026 ) ) ;
#1019 = CARTESIAN_POINT ( 'NONE',  ( -101.3014027943036979, 27.14362907087360810, -33.99999999999995026 ) ) ;
#1020 = APPLICATION_CONTEXT ( 'automotive_design' ) ;
#1021 = PLANE ( 'NONE',  #582 ) ;
#1022 = LINE ( 'NONE', #1004, #1166 ) ;
#1023 = LINE ( 'NONE', #187, #1488 ) ;
#1024 = ORIENTED_EDGE ( 'NONE', *, *, #1257, .T. ) ;
#1025 = CARTESIAN_POINT ( 'NONE',  ( -24.55452332920912539, -4.787526561080105658, -38.85795643397051435 ) ) ;
#1026 = EDGE_CURVE ( 'NONE', #268, #1144, #1165, .T. ) ;
#1027 = LINE ( 'NONE', #1149, #1249 ) ;
#1028 = CARTESIAN_POINT ( 'NONE',  ( 0.000000000000000000, 0.000000000000000000, 0.000000000000000000 ) ) ;
#1029 = EDGE_CURVE ( 'NONE', #896, #425, #22, .T. ) ;
#1030 = LINE ( 'NONE', #888, #1284 ) ;
#1031 = CARTESIAN_POINT ( 'NONE',  ( -128.9910702685402271, -5.855277381249333502, 10.00000000000000000 ) ) ;
#1032 = DIRECTION ( 'NONE',  ( 8.673617379884035472E-16, 0.000000000000000000, 1.000000000000000000 ) ) ;
#1033 = CARTESIAN_POINT ( 'NONE',  ( -136.3014027943036979, 12.14362907087360099, -33.99999999999995737 ) ) ;
#1034 = ORIENTED_EDGE ( 'NONE', *, *, #1494, .F. ) ;
#1035 = CARTESIAN_POINT ( 'NONE',  ( -98.13958813992901753, -21.18691470171606994, -38.99999999999995026 ) ) ;
#1036 = VECTOR ( 'NONE', #422, 1000.000000000000000 ) ;
#1037 = DIRECTION ( 'NONE',  ( 0.000000000000000000, 0.000000000000000000, -1.000000000000000000 ) ) ;
#1038 = ORIENTED_EDGE ( 'NONE', *, *, #909, .F. ) ;
#1039 = CARTESIAN_POINT ( 'NONE',  ( -94.30280558860737017, -22.85637092912639545, -6.499999999999979572 ) ) ;
#1040 = VECTOR ( 'NONE', #776, 1000.000000000000000 ) ;
#1041 = ADVANCED_FACE ( 'NONE', ( #307 ), #1606, .F. ) ;
#1042 = VECTOR ( 'NONE', #609, 1000.000000000000000 ) ;
#1043 = FACE_OUTER_BOUND ( 'NONE', #844, .T. ) ;
#1044 = LINE ( 'NONE', #571, #464 ) ;
#1045 = VECTOR ( 'NONE', #407, 1000.000000000000000 ) ;
#1046 = AXIS2_PLACEMENT_3D ( 'NONE', #898, #1751, #1620 ) ;
#1047 = EDGE_CURVE ( 'NONE', #1417, #652, #1756, .T. ) ;
#1048 = CARTESIAN_POINT ( 'NONE',  ( -128.9910702685402271, 10.69768811881767867, 5.000000000000000000 ) ) ;
#1049 = FACE_OUTER_BOUND ( 'NONE', #732, .T. ) ;
#1050 = ORIENTED_EDGE ( 'NONE', *, *, #766, .F. ) ;
#1051 = CARTESIAN_POINT ( 'NONE',  ( -24.57923719890461101, -4.362157465161350167, -38.77375189931741062 ) ) ;
#1052 = LINE ( 'NONE', #1478, #1841 ) ;
#1053 = DIRECTION ( 'NONE',  ( 0.000000000000000000, 0.000000000000000000, 1.000000000000000000 ) ) ;
#1054 = DIRECTION ( 'NONE',  ( 0.000000000000000000, 0.000000000000000000, -1.000000000000000000 ) ) ;
#1055 = FACE_OUTER_BOUND ( 'NONE', #925, .T. ) ;
#1056 = EDGE_CURVE ( 'NONE', #499, #1343, #1153, .T. ) ;
#1057 = ORIENTED_EDGE ( 'NONE', *, *, #1475, .T. ) ;
#1058 = EDGE_CURVE ( 'NONE', #1277, #1319, #1340, .T. ) ;
#1059 = CYLINDRICAL_SURFACE ( 'NONE', #554, 2.550000000000000266 ) ;
#1060 = ORIENTED_EDGE ( 'NONE', *, *, #1362, .F. ) ;
#1061 = CARTESIAN_POINT ( 'NONE',  ( -136.3014027943036979, -22.85637092912640256, -83.49747468305827169 ) ) ;
#1062 = CARTESIAN_POINT ( 'NONE',  ( -95.66941042923652105, -5.689032411881449036, 7.928932188134525383 ) ) ;
#1063 = DIRECTION ( 'NONE',  ( -0.000000000000000000, -1.000000000000000000, -0.000000000000000000 ) ) ;
#1064 = CARTESIAN_POINT ( 'NONE',  ( -94.30280558860737017, -22.85637092912639545, -22.49999999999997868 ) ) ;
#1065 = ORIENTED_EDGE ( 'NONE', *, *, #1597, .F. ) ;
#1066 = ORIENTED_EDGE ( 'NONE', *, *, #1810, .T. ) ;
#1067 = EDGE_CURVE ( 'NONE', #194, #292, #1765, .T. ) ;
#1068 = ORIENTED_EDGE ( 'NONE', *, *, #524, .F. ) ;
#1069 = LINE ( 'NONE', #199, #102 ) ;
#1070 = CARTESIAN_POINT ( 'NONE',  ( -2.519534638856021094E-42, -22.85637092912639545, 0.000000000000000000 ) ) ;
#1071 = CARTESIAN_POINT ( 'NONE',  ( -131.3014027943036979, -22.85637092912640256, 5.000000000000000000 ) ) ;
#1072 = VECTOR ( 'NONE', #1748, 1000.000000000000000 ) ;
#1073 = CARTESIAN_POINT ( 'NONE',  ( -131.3014027943036979, 18.14347393290255894, 10.00000000000000000 ) ) ;
#1074 = AXIS2_PLACEMENT_3D ( 'NONE', #895, #1470, #180 ) ;
#1075 = COLOUR_RGB ( '',0.7921568627450980005, 0.8196078431372548767, 0.9333333333333333481 ) ;
#1076 = CIRCLE ( 'NONE', #1842, 2.550000000000000266 ) ;
#1077 = VERTEX_POINT ( 'NONE', #755 ) ;
#1078 = CARTESIAN_POINT ( 'NONE',  ( -94.30280558860737017, -18.85637092912639545, -22.49999999999997868 ) ) ;
#1079 = ORIENTED_EDGE ( 'NONE', *, *, #1566, .F. ) ;
#1080 = LINE ( 'NONE', #1089, #1543 ) ;
#1081 = ADVANCED_FACE ( 'NONE', ( #905 ), #1477, .F. ) ;
#1082 = LINE ( 'NONE', #1461, #519 ) ;
#1083 = LINE ( 'NONE', #1499, #640 ) ;
#1084 = DIRECTION ( 'NONE',  ( 0.000000000000000000, -2.081668171172168513E-16, 1.000000000000000000 ) ) ;
#1085 = ORIENTED_EDGE ( 'NONE', *, *, #1516, .F. ) ;
#1086 = VERTEX_POINT ( 'NONE', #762 ) ;
#1087 =( NAMED_UNIT ( * ) PLANE_ANGLE_UNIT ( ) SI_UNIT ( $, .RADIAN. ) );
#1088 = ORIENTED_EDGE ( 'NONE', *, *, #1349, .F. ) ;
#1089 = CARTESIAN_POINT ( 'NONE',  ( -131.3014027943036979, 18.14347393290256960, -38.99999999999994316 ) ) ;
#1090 = CARTESIAN_POINT ( 'NONE',  ( -38.29999999999999716, -18.85637092912639545, -6.499999999999979572 ) ) ;
#1091 = CARTESIAN_POINT ( 'NONE',  ( -136.3014027943036979, 24.14362907087360810, -33.99999999999995026 ) ) ;
#1092 = ADVANCED_FACE ( 'NONE', ( #42 ), #620, .T. ) ;
#1093 = CARTESIAN_POINT ( 'NONE',  ( -23.09043850171168799, -46.95336909255092905, -38.99999999999997158 ) ) ;
#1094 = EDGE_LOOP ( 'NONE', ( #536, #951, #522, #815 ) ) ;
#1095 = EDGE_LOOP ( 'NONE', ( #1747, #759 ) ) ;
#1096 =( NAMED_UNIT ( * ) SI_UNIT ( $, .STERADIAN. ) SOLID_ANGLE_UNIT ( ) );
#1097 = ORIENTED_EDGE ( 'NONE', *, *, #1047, .F. ) ;
#1098 = CARTESIAN_POINT ( 'NONE',  ( -131.3014027943036979, 18.14347393290256960, -33.99999999999995026 ) ) ;
#1099 = CARTESIAN_POINT ( 'NONE',  ( -128.9910702685402271, -13.72494505118255503, 10.00000000000000000 ) ) ;
#1100 = DIRECTION ( 'NONE',  ( -0.8976358551611531844, 0.4407378716755633863, -0.000000000000000000 ) ) ;
#1101 = EDGE_CURVE ( 'NONE', #12, #311, #1301, .T. ) ;
#1102 = VERTEX_POINT ( 'NONE', #1346 ) ;
#1103 = AXIS2_PLACEMENT_3D ( 'NONE', #1313, #748, #181 ) ;
#1104 = ORIENTED_EDGE ( 'NONE', *, *, #941, .F. ) ;
#1105 = CIRCLE ( 'NONE', #1220, 10.00000000000000000 ) ;
#1106 = AXIS2_PLACEMENT_3D ( 'NONE', #298, #1456, #1032 ) ;
#1107 = STYLED_ITEM ( 'NONE', ( #1473 ), #108 ) ;
#1108 =( NAMED_UNIT ( * ) SI_UNIT ( $, .STERADIAN. ) SOLID_ANGLE_UNIT ( ) );
#1109 = EDGE_LOOP ( 'NONE', ( #792, #908, #836, #608, #366, #1769 ) ) ;
#1110 = FACE_OUTER_BOUND ( 'NONE', #1119, .T. ) ;
#1111 = AXIS2_PLACEMENT_3D ( 'NONE', #469, #1766, #208 ) ;
#1112 = AXIS2_PLACEMENT_3D ( 'NONE', #843, #124, #853 ) ;
#1113 = CARTESIAN_POINT ( 'NONE',  ( 0.000000000000000000, 1.040834085586084257E-15, -38.99999999999995737 ) ) ;
#1114 = DIRECTION ( 'NONE',  ( 0.000000000000000000, 0.000000000000000000, -1.000000000000000000 ) ) ;
#1115 = ORIENTED_EDGE ( 'NONE', *, *, #331, .F. ) ;
#1116 = EDGE_LOOP ( 'NONE', ( #857, #353, #694, #685 ) ) ;
#1117 = EDGE_CURVE ( 'NONE', #358, #1327, #1643, .T. ) ;
#1118 = CARTESIAN_POINT ( 'NONE',  ( -38.30000000000000426, -22.85637092912639545, -25.04999999999997939 ) ) ;
#1119 = EDGE_LOOP ( 'NONE', ( #1481, #1164, #1065, #1465 ) ) ;
#1120 = CARTESIAN_POINT ( 'NONE',  ( -24.80152280385623342, -0.7848911861509552113, 8.205399806978181942 ) ) ;
#1121 = DIRECTION ( 'NONE',  ( -0.9719738834413159667, 0.2350888553462437136, 0.000000000000000000 ) ) ;
#1122 = CYLINDRICAL_SURFACE ( 'NONE', #1276, 2.549999999999991385 ) ;
#1123 = EDGE_LOOP ( 'NONE', ( #557, #598, #1124, #237 ) ) ;
#1124 = ORIENTED_EDGE ( 'NONE', *, *, #144, .T. ) ;
#1125 = EDGE_LOOP ( 'NONE', ( #983, #261, #1476, #633 ) ) ;
#1126 = CYLINDRICAL_SURFACE ( 'NONE', #137, 10.00000000000000178 ) ;
#1127 = EDGE_CURVE ( 'NONE', #1797, #1147, #1492, .T. ) ;
#1128 = CARTESIAN_POINT ( 'NONE',  ( -121.3419588220026810, -15.57501621566249561, 5.000000000000000000 ) ) ;
#1129 = DIRECTION ( 'NONE',  ( -1.000000000000000000, 0.000000000000000000, 0.000000000000000000 ) ) ;
#1130 = EDGE_LOOP ( 'NONE', ( #482, #671, #1231, #725, #1145, #1215, #985 ) ) ;
#1131 = CARTESIAN_POINT ( 'NONE',  ( -131.3014027943036979, -22.85637092912640256, 10.00000000000000000 ) ) ;
#1132 = VECTOR ( 'NONE', #283, 1000.000000000000000 ) ;
#1133 = VERTEX_POINT ( 'NONE', #774 ) ;
#1134 = DIRECTION ( 'NONE',  ( 0.000000000000000000, 0.000000000000000000, -1.000000000000000000 ) ) ;
#1135 = VECTOR ( 'NONE', #1375, 1000.000000000000000 ) ;
#1136 = UNCERTAINTY_MEASURE_WITH_UNIT (LENGTH_MEASURE( 1.000000000000000082E-05 ), #267, 'distance_accuracy_value', 'NONE');
#1137 = DIRECTION ( 'NONE',  ( 0.000000000000000000, 0.000000000000000000, 1.000000000000000000 ) ) ;
#1138 = EDGE_CURVE ( 'NONE', #78, #605, #673, .T. ) ;
#1139 = AXIS2_PLACEMENT_3D ( 'NONE', #123, #14, #999 ) ;
#1140 = AXIS2_PLACEMENT_3D ( 'NONE', #1416, #990, #113 ) ;
#1141 = DIRECTION ( 'NONE',  ( 0.000000000000000000, 0.000000000000000000, -1.000000000000000000 ) ) ;
#1142 = CARTESIAN_POINT ( 'NONE',  ( -38.30000000000000426, -18.85637092912639545, -22.49999999999997868 ) ) ;
#1143 = PLANE ( 'NONE',  #372 ) ;
#1144 = VERTEX_POINT ( 'NONE', #207 ) ;
#1145 = ORIENTED_EDGE ( 'NONE', *, *, #1339, .T. ) ;
#1146 = CARTESIAN_POINT ( 'NONE',  ( -131.3014027943036979, 9.688636497095240330, 5.000000000000000000 ) ) ;
#1147 = VERTEX_POINT ( 'NONE', #1652 ) ;
#1148 = CARTESIAN_POINT ( 'NONE',  ( -94.31876481190990091, 0.000000000000000000, 10.00000000000000000 ) ) ;
#1149 = CARTESIAN_POINT ( 'NONE',  ( -94.31876481190990091, -22.26132608465055540, 10.00000000000000000 ) ) ;
#1150 = FACE_OUTER_BOUND ( 'NONE', #1109, .T. ) ;
#1151 = EDGE_CURVE ( 'NONE', #1260, #847, #1069, .T. ) ;
#1152 = ORIENTED_EDGE ( 'NONE', *, *, #1056, .F. ) ;
#1153 =( BOUNDED_CURVE ( )  B_SPLINE_CURVE ( 3, ( #726, #871, #1202, #317 ),
 .UNSPECIFIED., .F., .T. ) 
 B_SPLINE_CURVE_WITH_KNOTS ( ( 4, 4 ),
 ( 3.141592653589793560, 4.712388980384689674 ),
 .UNSPECIFIED. ) 
 CURVE ( )  GEOMETRIC_REPRESENTATION_ITEM ( )  RATIONAL_B_SPLINE_CURVE ( ( 1.000000000000000000, 0.8047378541243650485, 0.8047378541243650485, 1.000000000000000000 ) ) 
 REPRESENTATION_ITEM ( '' )  );
#1154 = VERTEX_POINT ( 'NONE', #927 ) ;
#1155 = CARTESIAN_POINT ( 'NONE',  ( -29.62153041393013453, 7.937065152986522598, 16.00000000000006395 ) ) ;
#1156 = ORIENTED_EDGE ( 'NONE', *, *, #1446, .T. ) ;
#1157 = LINE ( 'NONE', #964, #1163 ) ;
#1158 = CARTESIAN_POINT ( 'NONE',  ( 0.4256134843036900595, -3.028397299652838548, 10.00000000000000000 ) ) ;
#1159 = CARTESIAN_POINT ( 'NONE',  ( -128.9910702685402271, -13.72494505118254615, -33.99999999999995737 ) ) ;
#1160 = ORIENTED_EDGE ( 'NONE', *, *, #597, .F. ) ;
#1161 = EDGE_CURVE ( 'NONE', #275, #825, #1309, .T. ) ;
#1162 = DIRECTION ( 'NONE',  ( -0.8976358551611531844, 0.4407378716755633863, -0.000000000000000000 ) ) ;
#1163 = VECTOR ( 'NONE', #1270, 1000.000000000000000 ) ;
#1164 = ORIENTED_EDGE ( 'NONE', *, *, #458, .F. ) ;
#1165 = LINE ( 'NONE', #1335, #1072 ) ;
#1166 = VECTOR ( 'NONE', #1448, 1000.000000000000000 ) ;
#1167 = CYLINDRICAL_SURFACE ( 'NONE', #978, 5.000000000000000888 ) ;
#1168 = AXIS2_PLACEMENT_3D ( 'NONE', #242, #224, #800 ) ;
#1169 = AXIS2_PLACEMENT_3D ( 'NONE', #1614, #869, #27 ) ;
#1170 = CYLINDRICAL_SURFACE ( 'NONE', #767, 2.549999999999993161 ) ;
#1171 = ORIENTED_EDGE ( 'NONE', *, *, #763, .T. ) ;
#1172 = CARTESIAN_POINT ( 'NONE',  ( -121.3419588220026810, -15.57501621566248495, -38.99999999999995026 ) ) ;
#1173 = EDGE_CURVE ( 'NONE', #976, #1440, #797, .T. ) ;
#1174 = ORIENTED_EDGE ( 'NONE', *, *, #323, .T. ) ;
#1175 = CARTESIAN_POINT ( 'NONE',  ( -94.30280558860737017, -18.85637092912639545, -25.04999999999997229 ) ) ;
#1176 = FACE_OUTER_BOUND ( 'NONE', #270, .T. ) ;
#1177 = LINE ( 'NONE', #886, #1541 ) ;
#1178 = PLANE ( 'NONE',  #799 ) ;
#1179 = LINE ( 'NONE', #1745, #770 ) ;
#1180 = DIRECTION ( 'NONE',  ( -1.000000000000000000, 0.000000000000000000, 0.000000000000000000 ) ) ;
#1181 = ORIENTED_EDGE ( 'NONE', *, *, #1677, .F. ) ;
#1182 = FACE_OUTER_BOUND ( 'NONE', #1540, .T. ) ;
#1183 = ADVANCED_FACE ( 'NONE', ( #1110 ), #1232, .T. ) ;
#1184 = CARTESIAN_POINT ( 'NONE',  ( 9.296214012330823704E-42, -22.85637092912638835, -33.99999999999995737 ) ) ;
#1185 = PLANE ( 'NONE',  #514 ) ;
#1186 = CARTESIAN_POINT ( 'NONE',  ( 0.000000000000000000, 0.000000000000000000, -141.9689081477454522 ) ) ;
#1187 = ORIENTED_EDGE ( 'NONE', *, *, #912, .T. ) ;
#1188 = ORIENTED_EDGE ( 'NONE', *, *, #722, .F. ) ;
#1189 = CARTESIAN_POINT ( 'NONE',  ( -136.3014027943036979, -22.85637092912640256, -83.49747468305827169 ) ) ;
#1190 = VECTOR ( 'NONE', #757, 1000.000000000000000 ) ;
#1191 = EDGE_CURVE ( 'NONE', #268, #812, #1080, .T. ) ;
#1192 = CARTESIAN_POINT ( 'NONE',  ( 0.000000000000000000, 6.036837696399279222E-15, -28.99999999999995737 ) ) ;
#1193 = AXIS2_PLACEMENT_3D ( 'NONE', #146, #1129, #721 ) ;
#1194 = VECTOR ( 'NONE', #858, 1000.000000000000227 ) ;
#1195 = EDGE_CURVE ( 'NONE', #61, #1764, #1105, .T. ) ;
#1196 = CARTESIAN_POINT ( 'NONE',  ( 1.737610095762773168E-42, 7.066958525364125008E-15, -33.99999999999995737 ) ) ;
#1197 = FILL_AREA_STYLE_COLOUR ( '', #1075 ) ;
#1198 = AXIS2_PLACEMENT_3D ( 'NONE', #1078, #257, #265 ) ;
#1199 = VECTOR ( 'NONE', #1084, 1000.000000000000000 ) ;
#1200 = ORIENTED_EDGE ( 'NONE', *, *, #965, .T. ) ;
#1201 = ORIENTED_EDGE ( 'NONE', *, *, #1670, .F. ) ;
#1202 = CARTESIAN_POINT ( 'NONE',  ( -128.9910702685402271, 8.389732757428680188, -38.99999999999993605 ) ) ;
#1203 = PLANE ( 'NONE',  #1103 ) ;
#1204 = CARTESIAN_POINT ( 'NONE',  ( -97.66941042923652105, -21.24296693483343645, -33.99999999999995737 ) ) ;
#1205 = EDGE_CURVE ( 'NONE', #1389, #1133, #935, .T. ) ;
#1206 = ORIENTED_EDGE ( 'NONE', *, *, #1376, .T. ) ;
#1207 = VERTEX_POINT ( 'NONE', #507 ) ;
#1208 = DIRECTION ( 'NONE',  ( 3.307000897039149847E-43, -1.000000000000000000, -1.517934304930456054E-16 ) ) ;
#1209 = CARTESIAN_POINT ( 'NONE',  ( -29.62153041393013453, 7.937065152986522598, 16.00000000000006395 ) ) ;
#1210 = FACE_OUTER_BOUND ( 'NONE', #1649, .T. ) ;
#1211 = CARTESIAN_POINT ( 'NONE',  ( -131.3014027943036979, 18.14347393290256960, -38.99999999999994316 ) ) ;
#1212 = EDGE_CURVE ( 'NONE', #1695, #1289, #1789, .T. ) ;
#1213 = ORIENTED_EDGE ( 'NONE', *, *, #1242, .F. ) ;
#1214 = EDGE_CURVE ( 'NONE', #1561, #127, #643, .T. ) ;
#1215 = ORIENTED_EDGE ( 'NONE', *, *, #1483, .T. ) ;
#1216 = DIRECTION ( 'NONE',  ( 0.000000000000000000, 1.000000000000000000, 0.000000000000000000 ) ) ;
#1217 = LINE ( 'NONE', #1653, #223 ) ;
#1218 = CIRCLE ( 'NONE', #615, 2.549999999999992273 ) ;
#1219 = DIRECTION ( 'NONE',  ( 0.000000000000000000, -1.000000000000000000, -3.384839102322322352E-16 ) ) ;
#1220 = AXIS2_PLACEMENT_3D ( 'NONE', #1240, #62, #341 ) ;
#1221 = ORIENTED_EDGE ( 'NONE', *, *, #1738, .F. ) ;
#1222 = ORIENTED_EDGE ( 'NONE', *, *, #1750, .F. ) ;
#1223 = ORIENTED_EDGE ( 'NONE', *, *, #447, .F. ) ;
#1224 = CARTESIAN_POINT ( 'NONE',  ( -88.37329491444893392, -22.85637092912639190, -38.99999999999995737 ) ) ;
#1225 = EDGE_CURVE ( 'NONE', #823, #1086, #786, .T. ) ;
#1226 = DIRECTION ( 'NONE',  ( -1.517934304930440276E-16, -1.000000000000000000, 0.000000000000000000 ) ) ;
#1227 = LINE ( 'NONE', #562, #1602 ) ;
#1228 = VERTEX_POINT ( 'NONE', #1798 ) ;
#1229 = ORIENTED_EDGE ( 'NONE', *, *, #404, .F. ) ;
#1230 = CARTESIAN_POINT ( 'NONE',  ( -128.9910702685402271, 10.69768811881767867, 10.00000000000000000 ) ) ;
#1231 = ORIENTED_EDGE ( 'NONE', *, *, #832, .T. ) ;
#1232 = PLANE ( 'NONE',  #1460 ) ;
#1233 = PLANE ( 'NONE',  #1754 ) ;
#1234 = EDGE_CURVE ( 'NONE', #1245, #679, #1364, .T. ) ;
#1235 = CARTESIAN_POINT ( 'NONE',  ( -131.3014027943036979, 9.688636497095240330, -33.99999999999995026 ) ) ;
#1236 = FACE_OUTER_BOUND ( 'NONE', #1422, .T. ) ;
#1237 = VERTEX_POINT ( 'NONE', #1224 ) ;
#1238 = ORIENTED_EDGE ( 'NONE', *, *, #1395, .T. ) ;
#1239 = ORIENTED_EDGE ( 'NONE', *, *, #1622, .T. ) ;
#1240 = CARTESIAN_POINT ( 'NONE',  ( -118.9910702685402413, -5.855277381249323732, -33.99999999999995737 ) ) ;
#1241 = DIRECTION ( 'NONE',  ( 2.082397436793539850E-16, 0.000000000000000000, 1.000000000000000000 ) ) ;
#1242 = EDGE_CURVE ( 'NONE', #823, #976, #1482, .T. ) ;
#1243 = LINE ( 'NONE', #384, #373 ) ;
#1244 = EDGE_CURVE ( 'NONE', #1496, #778, #81, .T. ) ;
#1245 = VERTEX_POINT ( 'NONE', #911 ) ;
#1246 = AXIS2_PLACEMENT_3D ( 'NONE', #1293, #251, #271 ) ;
#1247 = ORIENTED_EDGE ( 'NONE', *, *, #929, .T. ) ;
#1248 = CIRCLE ( 'NONE', #1106, 10.00000000000000000 ) ;
#1249 = VECTOR ( 'NONE', #1716, 1000.000000000000000 ) ;
#1250 = LINE ( 'NONE', #525, #133 ) ;
#1251 = ORIENTED_EDGE ( 'NONE', *, *, #376, .T. ) ;
#1252 = CARTESIAN_POINT ( 'NONE',  ( -24.84739498111508027, -0.08979293223538377389, 7.673386429145738319 ) ) ;
#1253 = CARTESIAN_POINT ( 'NONE',  ( -121.3419588220026810, -15.57501621566248495, -38.99999999999995026 ) ) ;
#1254 = DIRECTION ( 'NONE',  ( 0.000000000000000000, -1.000000000000000000, 0.000000000000000000 ) ) ;
#1255 = VERTEX_POINT ( 'NONE', #1772 ) ;
#1256 = EDGE_LOOP ( 'NONE', ( #5, #205, #1410, #258 ) ) ;
#1257 = EDGE_CURVE ( 'NONE', #1319, #1154, #528, .T. ) ;
#1258 = ORIENTED_EDGE ( 'NONE', *, *, #632, .F. ) ;
#1259 = LINE ( 'NONE', #973, #164 ) ;
#1260 = VERTEX_POINT ( 'NONE', #826 ) ;
#1261 = CARTESIAN_POINT ( 'NONE',  ( 0.000000000000000000, -22.85637092912639545, 10.00000000000000000 ) ) ;
#1262 = FACE_OUTER_BOUND ( 'NONE', #364, .T. ) ;
#1263 = ORIENTED_EDGE ( 'NONE', *, *, #331, .T. ) ;
#1264 = ADVANCED_FACE ( 'NONE', ( #1278 ), #1825, .F. ) ;
#1265 = CARTESIAN_POINT ( 'NONE',  ( -131.3014027943036979, 18.14347393290255894, 10.00000000000000000 ) ) ;
#1266 = ORIENTED_EDGE ( 'NONE', *, *, #152, .F. ) ;
#1267 = CARTESIAN_POINT ( 'NONE',  ( -118.9910702685402413, -5.855277381249322843, -38.99999999999995026 ) ) ;
#1268 = FACE_OUTER_BOUND ( 'NONE', #1703, .T. ) ;
#1269 = ORIENTED_EDGE ( 'NONE', *, *, #493, .F. ) ;
#1270 = DIRECTION ( 'NONE',  ( -0.000000000000000000, -0.000000000000000000, -1.000000000000000000 ) ) ;
#1271 = DIRECTION ( 'NONE',  ( -9.464598684254557452E-16, 1.000000000000000000, 4.732299342127278726E-16 ) ) ;
#1272 = CARTESIAN_POINT ( 'NONE',  ( -95.66941042923653526, -5.689032411881440154, -36.92893218813448186 ) ) ;
#1273 = VERTEX_POINT ( 'NONE', #142 ) ;
#1274 = AXIS2_PLACEMENT_3D ( 'NONE', #1656, #811, #930 ) ;
#1275 = LINE ( 'NONE', #1843, #710 ) ;
#1276 = AXIS2_PLACEMENT_3D ( 'NONE', #1683, #1538, #25 ) ;
#1277 = VERTEX_POINT ( 'NONE', #1403 ) ;
#1278 = FACE_OUTER_BOUND ( 'NONE', #638, .T. ) ;
#1279 = VECTOR ( 'NONE', #1498, 1000.000000000000000 ) ;
#1280 = AXIS2_PLACEMENT_3D ( 'NONE', #35, #1762, #614 ) ;
#1281 = ORIENTED_EDGE ( 'NONE', *, *, #805, .T. ) ;
#1282 = FACE_OUTER_BOUND ( 'NONE', #789, .T. ) ;
#1283 = AXIS2_PLACEMENT_3D ( 'NONE', #3, #578, #1734 ) ;
#1284 = VECTOR ( 'NONE', #782, 1000.000000000000000 ) ;
#1285 = EDGE_CURVE ( 'NONE', #399, #156, #1259, .T. ) ;
#1286 = CARTESIAN_POINT ( 'NONE',  ( -94.30280558860737017, -18.85637092912639545, -22.49999999999997868 ) ) ;
#1287 = FACE_OUTER_BOUND ( 'NONE', #512, .T. ) ;
#1288 = CARTESIAN_POINT ( 'NONE',  ( -128.9910702685402271, 10.69768811881767867, 5.000000000000000000 ) ) ;
#1289 = VERTEX_POINT ( 'NONE', #1526 ) ;
#1290 = CARTESIAN_POINT ( 'NONE',  ( -24.51798078255966473, -5.433636832754006107, 9.942819986712532199 ) ) ;
#1291 = DIRECTION ( 'NONE',  ( 1.000000000000000000, 0.000000000000000000, -0.000000000000000000 ) ) ;
#1292 = ORIENTED_EDGE ( 'NONE', *, *, #872, .F. ) ;
#1293 = CARTESIAN_POINT ( 'NONE',  ( -97.66941042923652105, -19.24296693483344356, 5.000000000000000000 ) ) ;
#1294 = DIRECTION ( 'NONE',  ( 1.102333632346384942E-43, 1.000000000000000000, 0.000000000000000000 ) ) ;
#1295 = EDGE_CURVE ( 'NONE', #1273, #1556, #1535, .T. ) ;
#1296 = CARTESIAN_POINT ( 'NONE',  ( -88.37329491444904761, 7.143629070873600995, 10.00000000000000000 ) ) ;
#1297 = CARTESIAN_POINT ( 'NONE',  ( -94.31876481190990091, -12.64762585892433577, -38.99999999999995737 ) ) ;
#1298 = FACE_OUTER_BOUND ( 'NONE', #1675, .T. ) ;
#1299 = CARTESIAN_POINT ( 'NONE',  ( -88.37329491444893392, -22.85637092912639190, -33.99999999999995737 ) ) ;
#1300 = VERTEX_POINT ( 'NONE', #1146 ) ;
#1301 = LINE ( 'NONE', #439, #887 ) ;
#1302 = CYLINDRICAL_SURFACE ( 'NONE', #1283, 2.000000000000001776 ) ;
#1303 = DIRECTION ( 'NONE',  ( -0.1391731009600692126, 0.9902680687415698069, 0.000000000000000000 ) ) ;
#1304 = DIRECTION ( 'NONE',  ( -0.000000000000000000, -1.000000000000000000, -0.000000000000000000 ) ) ;
#1305 = CARTESIAN_POINT ( 'NONE',  ( -95.66941042923652105, -21.78437031282000902, -38.99999999999995737 ) ) ;
#1306 = VECTOR ( 'NONE', #1636, 1000.000000000000227 ) ;
#1307 = ORIENTED_EDGE ( 'NONE', *, *, #1295, .F. ) ;
#1308 = CARTESIAN_POINT ( 'NONE',  ( -8.660254037844383745, -22.85637092912639190, -28.99999999999995737 ) ) ;
#1309 = CIRCLE ( 'NONE', #1574, 2.000000000000001776 ) ;
#1310 = CARTESIAN_POINT ( 'NONE',  ( -118.9910702685402413, -5.855277381249335278, 5.000000000000000000 ) ) ;
#1311 = VECTOR ( 'NONE', #245, 1000.000000000000114 ) ;
#1312 = CIRCLE ( 'NONE', #979, 2.549999999999998490 ) ;
#1313 = CARTESIAN_POINT ( 'NONE',  ( -136.3014027943036979, 24.14362907087360810, -38.99999999999994316 ) ) ;
#1314 = DIRECTION ( 'NONE',  ( 0.000000000000000000, 1.000000000000000000, 0.000000000000000000 ) ) ;
#1315 = ORIENTED_EDGE ( 'NONE', *, *, #1017, .T. ) ;
#1316 = EDGE_CURVE ( 'NONE', #1775, #12, #1368, .T. ) ;
#1317 = CARTESIAN_POINT ( 'NONE',  ( -128.9910702685402271, 10.69768811881767867, 5.000000000000000000 ) ) ;
#1318 = LINE ( 'NONE', #607, #1610 ) ;
#1319 = VERTEX_POINT ( 'NONE', #716 ) ;
#1320 = LINE ( 'NONE', #1175, #580 ) ;
#1321 = LINE ( 'NONE', #23, #798 ) ;
#1322 = CARTESIAN_POINT ( 'NONE',  ( -136.3014027943036979, -22.85637092912640256, 10.00000000000000000 ) ) ;
#1323 = CYLINDRICAL_SURFACE ( 'NONE', #1371, 30.00000000000000000 ) ;
#1324 = CARTESIAN_POINT ( 'NONE',  ( -94.31876481190992934, -9.446600721250177912, -37.16987298107776638 ) ) ;
#1325 = CARTESIAN_POINT ( 'NONE',  ( 1.737610095762773168E-42, 1.030120828964846378E-15, -33.99999999999995737 ) ) ;
#1326 = ADVANCED_FACE ( 'NONE', ( #260 ), #1126, .T. ) ;
#1327 = VERTEX_POINT ( 'NONE', #1392 ) ;
#1328 = CARTESIAN_POINT ( 'NONE',  ( -24.48192637160293827, -6.086201922002466347, -38.99276385260332489 ) ) ;
#1329 = EDGE_CURVE ( 'NONE', #358, #399, #1400, .T. ) ;
#1330 = FACE_OUTER_BOUND ( 'NONE', #627, .T. ) ;
#1331 = FACE_OUTER_BOUND ( 'NONE', #1256, .T. ) ;
#1332 = CARTESIAN_POINT ( 'NONE',  ( -97.66941042923652105, -19.24296693483343290, -38.99999999999995737 ) ) ;
#1333 = DIRECTION ( 'NONE',  ( 0.000000000000000000, 0.000000000000000000, 1.000000000000000000 ) ) ;
#1334 = ORIENTED_EDGE ( 'NONE', *, *, #929, .F. ) ;
#1335 = CARTESIAN_POINT ( 'NONE',  ( -131.3014027943036979, 18.14347393290256960, -38.99999999999994316 ) ) ;
#1336 = EDGE_CURVE ( 'NONE', #329, #1695, #1607, .T. ) ;
#1337 = CIRCLE ( 'NONE', #915, 2.000000000000001776 ) ;
#1338 = DIRECTION ( 'NONE',  ( -0.8976358551611530734, 0.4407378716755633863, 0.000000000000000000 ) ) ;
#1339 = EDGE_CURVE ( 'NONE', #1382, #388, #709, .T. ) ;
#1340 = CIRCLE ( 'NONE', #1074, 16.33974596215561448 ) ;
#1341 = DIRECTION ( 'NONE',  ( -0.000000000000000000, -0.000000000000000000, 1.000000000000000000 ) ) ;
#1342 = CIRCLE ( 'NONE', #1139, 2.550000000000000266 ) ;
#1343 = VERTEX_POINT ( 'NONE', #565 ) ;
#1344 = DIRECTION ( 'NONE',  ( 1.000000000000000000, 0.000000000000000000, 0.000000000000000000 ) ) ;
#1345 = ORIENTED_EDGE ( 'NONE', *, *, #872, .T. ) ;
#1346 = CARTESIAN_POINT ( 'NONE',  ( -94.30280558860737017, -22.85637092912639545, -3.949999999999987299 ) ) ;
#1347 = CARTESIAN_POINT ( 'NONE',  ( -131.3014027943036979, -22.85637092912639190, -38.99999999999995737 ) ) ;
#1348 = CARTESIAN_POINT ( 'NONE',  ( -95.66941042923652105, -21.78437031282001612, 10.00000000000000000 ) ) ;
#1349 = EDGE_CURVE ( 'NONE', #355, #1719, #581, .T. ) ;
#1350 = DIRECTION ( 'NONE',  ( 1.000000000000000000, 0.000000000000000000, 0.000000000000000000 ) ) ;
#1351 = EDGE_CURVE ( 'NONE', #1502, #118, #956, .T. ) ;
#1352 = EDGE_LOOP ( 'NONE', ( #489, #1755, #487, #1188 ) ) ;
#1353 = PLANE ( 'NONE',  #1783 ) ;
#1354 = VERTEX_POINT ( 'NONE', #240 ) ;
#1355 = DIRECTION ( 'NONE',  ( 1.000000000000000000, 0.000000000000000000, 0.000000000000000000 ) ) ;
#1356 = DIRECTION ( 'NONE',  ( -0.000000000000000000, -2.081668171172168513E-16, 1.000000000000000000 ) ) ;
#1357 = CARTESIAN_POINT ( 'NONE',  ( -95.66941042923652105, -19.24296693483344356, 10.00000000000000000 ) ) ;
#1358 = DIRECTION ( 'NONE',  ( -0.000000000000000000, -0.000000000000000000, -1.000000000000000000 ) ) ;
#1359 = ORIENTED_EDGE ( 'NONE', *, *, #561, .T. ) ;
#1360 = ORIENTED_EDGE ( 'NONE', *, *, #178, .F. ) ;
#1361 = VERTEX_POINT ( 'NONE', #269 ) ;
#1362 = EDGE_CURVE ( 'NONE', #605, #275, #1421, .T. ) ;
#1363 = ORIENTED_EDGE ( 'NONE', *, *, #1625, .F. ) ;
#1364 = LINE ( 'NONE', #333, #1782 ) ;
#1365 = CARTESIAN_POINT ( 'NONE',  ( -131.3014027943036979, 18.14347393290255894, 10.00000000000000000 ) ) ;
#1366 = AXIS2_PLACEMENT_3D ( 'NONE', #85, #345, #65 ) ;
#1367 = VECTOR ( 'NONE', #881, 1000.000000000000114 ) ;
#1368 = CIRCLE ( 'NONE', #794, 30.00000000000000355 ) ;
#1369 = EDGE_LOOP ( 'NONE', ( #497, #1263, #938, #1050 ) ) ;
#1370 = AXIS2_PLACEMENT_3D ( 'NONE', #478, #326, #1216 ) ;
#1371 = AXIS2_PLACEMENT_3D ( 'NONE', #907, #160, #1472 ) ;
#1372 = VERTEX_POINT ( 'NONE', #443 ) ;
#1373 = ADVANCED_FACE ( 'NONE', ( #1298 ), #465, .T. ) ;
#1374 = ORIENTED_EDGE ( 'NONE', *, *, #1501, .F. ) ;
#1375 = DIRECTION ( 'NONE',  ( -0.000000000000000000, -1.000000000000000000, -0.000000000000000000 ) ) ;
#1376 = EDGE_CURVE ( 'NONE', #1469, #1133, #1022, .T. ) ;
#1377 = PLANE ( 'NONE',  #195 ) ;
#1378 = LINE ( 'NONE', #361, #1758 ) ;
#1379 = VERTEX_POINT ( 'NONE', #1753 ) ;
#1380 = ORIENTED_EDGE ( 'NONE', *, *, #1850, .T. ) ;
#1381 = DIRECTION ( 'NONE',  ( -0.000000000000000000, -1.000000000000000000, -0.000000000000000000 ) ) ;
#1382 = VERTEX_POINT ( 'NONE', #1172 ) ;
#1383 = DIRECTION ( 'NONE',  ( 0.000000000000000000, 0.000000000000000000, -1.000000000000000000 ) ) ;
#1384 = ADVANCED_FACE ( 'NONE', ( #731 ), #176, .F. ) ;
#1385 = DIRECTION ( 'NONE',  ( -1.000000000000000000, 0.000000000000000000, -0.000000000000000000 ) ) ;
#1386 = EDGE_CURVE ( 'NONE', #1133, #1300, #37, .T. ) ;
#1387 = CARTESIAN_POINT ( 'NONE',  ( -136.3014027943036979, 12.14362907087360099, 5.000000000000000000 ) ) ;
#1388 = ORIENTED_EDGE ( 'NONE', *, *, #1691, .F. ) ;
#1389 = VERTEX_POINT ( 'NONE', #1592 ) ;
#1390 = CARTESIAN_POINT ( 'NONE',  ( -98.14764959141044187, -4.470299228882071318, -33.99999999999995737 ) ) ;
#1391 = ORIENTED_EDGE ( 'NONE', *, *, #1654, .T. ) ;
#1392 = CARTESIAN_POINT ( 'NONE',  ( -38.30000000000000426, -22.85637092912639545, -19.94999999999997797 ) ) ;
#1393 = ADVANCED_FACE ( 'NONE', ( #1467 ), #322, .F. ) ;
#1394 = DIRECTION ( 'NONE',  ( 0.000000000000000000, 1.000000000000000000, -0.000000000000000000 ) ) ;
#1395 = EDGE_CURVE ( 'NONE', #1567, #1830, #1730, .T. ) ;
#1396 = DIRECTION ( 'NONE',  ( -1.000000000000000000, -2.451905973112094506E-16, 0.000000000000000000 ) ) ;
#1397 = ORIENTED_EDGE ( 'NONE', *, *, #33, .F. ) ;
#1398 = AXIS2_PLACEMENT_3D ( 'NONE', #1039, #470, #1053 ) ;
#1399 = ORIENTED_EDGE ( 'NONE', *, *, #1760, .T. ) ;
#1400 = CIRCLE ( 'NONE', #551, 2.550000000000000266 ) ;
#1401 = CIRCLE ( 'NONE', #1169, 2.000000000000001776 ) ;
#1402 = ORIENTED_EDGE ( 'NONE', *, *, #1336, .T. ) ;
#1403 = CARTESIAN_POINT ( 'NONE',  ( -8.660254037844387298, -22.85637092912639901, 10.00000000000000000 ) ) ;
#1404 = CARTESIAN_POINT ( 'NONE',  ( -0.7796609252450744654, 5.547575741214703982, 5.000000000000000000 ) ) ;
#1405 = DIRECTION ( 'NONE',  ( -0.9840008865925464754, -0.1781635630118640345, 0.000000000000000000 ) ) ;
#1406 = CARTESIAN_POINT ( 'NONE',  ( -94.31876481190990091, -22.26132608465055540, 10.00000000000000000 ) ) ;
#1407 = ADVANCED_FACE ( 'NONE', ( #305 ), #313, .F. ) ;
#1408 = ORIENTED_EDGE ( 'NONE', *, *, #186, .T. ) ;
#1409 = DIRECTION ( 'NONE',  ( -0.000000000000000000, -0.000000000000000000, -1.000000000000000000 ) ) ;
#1410 = ORIENTED_EDGE ( 'NONE', *, *, #994, .F. ) ;
#1411 = CARTESIAN_POINT ( 'NONE',  ( -24.86971593381960588, 0.2438374761014211467, 7.381201971504911086 ) ) ;
#1412 = PRODUCT_DEFINITION_CONTEXT ( 'detailed design', #1020, 'design' ) ;
#1413 = ORIENTED_EDGE ( 'NONE', *, *, #175, .F. ) ;
#1414 = DIRECTION ( 'NONE',  ( -0.000000000000000000, -1.000000000000000000, -0.000000000000000000 ) ) ;
#1415 = LINE ( 'NONE', #1158, #520 ) ;
#1416 = CARTESIAN_POINT ( 'NONE',  ( -94.30280558860737017, -18.85637092912639545, -22.49999999999997868 ) ) ;
#1417 = VERTEX_POINT ( 'NONE', #28 ) ;
#1418 = EDGE_CURVE ( 'NONE', #1207, #1277, #1248, .T. ) ;
#1419 = DIRECTION ( 'NONE',  ( 0.000000000000000000, -1.000000000000000000, 0.000000000000000000 ) ) ;
#1420 = ORIENTED_EDGE ( 'NONE', *, *, #456, .T. ) ;
#1421 = LINE ( 'NONE', #279, #1194 ) ;
#1422 = EDGE_LOOP ( 'NONE', ( #822, #1251, #698, #1434 ) ) ;
#1423 = DIRECTION ( 'NONE',  ( 1.000000000000000000, 0.000000000000000000, 0.000000000000000000 ) ) ;
#1424 = FACE_OUTER_BOUND ( 'NONE', #689, .T. ) ;
#1425 = CARTESIAN_POINT ( 'NONE',  ( -95.66941042923652105, -21.78437031282000902, -33.99999999999995737 ) ) ;
#1426 = ORIENTED_EDGE ( 'NONE', *, *, #1537, .T. ) ;
#1427 = DIRECTION ( 'NONE',  ( 0.9719738834413159667, -0.2350888553462436859, 0.000000000000000000 ) ) ;
#1428 = VECTOR ( 'NONE', #1464, 1000.000000000000000 ) ;
#1429 = VECTOR ( 'NONE', #1548, 1000.000000000000000 ) ;
#1430 = ORIENTED_EDGE ( 'NONE', *, *, #294, .T. ) ;
#1431 = DIRECTION ( 'NONE',  ( 0.000000000000000000, 0.000000000000000000, 1.000000000000000000 ) ) ;
#1432 = ADVANCED_FACE ( 'NONE', ( #1737 ), #1474, .F. ) ;
#1433 = VECTOR ( 'NONE', #1633, 1000.000000000000000 ) ;
#1434 = ORIENTED_EDGE ( 'NONE', *, *, #1029, .F. ) ;
#1435 = CYLINDRICAL_SURFACE ( 'NONE', #1635, 2.550000000000000266 ) ;
#1436 = AXIS2_PLACEMENT_3D ( 'NONE', #817, #529, #1681 ) ;
#1437 = AXIS2_PLACEMENT_3D ( 'NONE', #970, #954, #117 ) ;
#1438 = FACE_OUTER_BOUND ( 'NONE', #1458, .T. ) ;
#1439 = PLANE ( 'NONE',  #1193 ) ;
#1440 = VERTEX_POINT ( 'NONE', #166 ) ;
#1441 = LINE ( 'NONE', #724, #1729 ) ;
#1442 = ORIENTED_EDGE ( 'NONE', *, *, #1017, .F. ) ;
#1443 = DIRECTION ( 'NONE',  ( -1.000000000000000000, 0.000000000000000000, 0.000000000000000000 ) ) ;
#1444 = CARTESIAN_POINT ( 'NONE',  ( -128.9910702685402271, 10.69768811881768755, -33.99999999999995737 ) ) ;
#1445 = CARTESIAN_POINT ( 'NONE',  ( -95.66941042923652105, -5.689032411881445483, -33.99999999999995737 ) ) ;
#1446 = EDGE_CURVE ( 'NONE', #194, #523, #751, .T. ) ;
#1447 = ORIENTED_EDGE ( 'NONE', *, *, #1234, .F. ) ;
#1448 = DIRECTION ( 'NONE',  ( 0.000000000000000000, -1.000000000000000000, 0.000000000000000000 ) ) ;
#1449 = ORIENTED_EDGE ( 'NONE', *, *, #900, .F. ) ;
#1450 = DIRECTION ( 'NONE',  ( -9.464598684254557452E-16, 1.000000000000000000, 4.732299342127278726E-16 ) ) ;
#1451 = DIRECTION ( 'NONE',  ( -1.000000000000000000, 0.000000000000000000, 0.000000000000000000 ) ) ;
#1452 = DIRECTION ( 'NONE',  ( 0.6401746308855075229, -0.7682294201412779300, 0.000000000000000000 ) ) ;
#1453 = EDGE_CURVE ( 'NONE', #1775, #778, #1441, .T. ) ;
#1454 = FACE_OUTER_BOUND ( 'NONE', #1542, .T. ) ;
#1455 = DIRECTION ( 'NONE',  ( -1.102333632346384942E-43, -1.000000000000000000, 0.000000000000000000 ) ) ;
#1456 = DIRECTION ( 'NONE',  ( -0.000000000000000000, -1.000000000000000000, -0.000000000000000000 ) ) ;
#1457 = AXIS2_PLACEMENT_3D ( 'NONE', #1690, #400, #1835 ) ;
#1458 = EDGE_LOOP ( 'NONE', ( #1626, #397, #1057, #1408, #206 ) ) ;
#1459 = DIRECTION ( 'NONE',  ( -0.000000000000000000, -1.000000000000000000, -0.000000000000000000 ) ) ;
#1460 = AXIS2_PLACEMENT_3D ( 'NONE', #214, #53, #662 ) ;
#1461 = CARTESIAN_POINT ( 'NONE',  ( -95.66941042923652105, -19.24296693483344356, 10.00000000000000000 ) ) ;
#1462 = VECTOR ( 'NONE', #984, 1000.000000000000227 ) ;
#1463 = DIRECTION ( 'NONE',  ( 0.000000000000000000, 1.000000000000000000, 2.952720810173288619E-16 ) ) ;
#1464 = DIRECTION ( 'NONE',  ( 0.9902680687415698069, 0.1391731009600692959, -0.000000000000000000 ) ) ;
#1465 = ORIENTED_EDGE ( 'NONE', *, *, #1706, .F. ) ;
#1466 = EDGE_CURVE ( 'NONE', #605, #940, #606, .T. ) ;
#1467 = FACE_OUTER_BOUND ( 'NONE', #944, .T. ) ;
#1468 = EDGE_CURVE ( 'NONE', #1361, #1469, #550, .T. ) ;
#1469 = VERTEX_POINT ( 'NONE', #1317 ) ;
#1470 = DIRECTION ( 'NONE',  ( -0.000000000000000000, 0.000000000000000000, 1.000000000000000000 ) ) ;
#1471 = DIRECTION ( 'NONE',  ( 0.000000000000000000, 0.000000000000000000, -1.000000000000000000 ) ) ;
#1472 = DIRECTION ( 'NONE',  ( 0.000000000000000000, -1.000000000000000000, -2.312964634635742957E-16 ) ) ;
#1473 = PRESENTATION_STYLE_ASSIGNMENT (( #899 ) ) ;
#1474 = PLANE ( 'NONE',  #432 ) ;
#1475 = EDGE_CURVE ( 'NONE', #894, #932, #1637, .T. ) ;
#1476 = ORIENTED_EDGE ( 'NONE', *, *, #991, .T. ) ;
#1477 = PLANE ( 'NONE',  #254 ) ;
#1478 = CARTESIAN_POINT ( 'NONE',  ( -95.66941042923652105, -21.78437031282001612, 5.000000000000000000 ) ) ;
#1479 = PLANE ( 'NONE',  #706 ) ;
#1480 = PLANE ( 'NONE',  #1046 ) ;
#1481 = ORIENTED_EDGE ( 'NONE', *, *, #58, .F. ) ;
#1482 = LINE ( 'NONE', #500, #1510 ) ;
#1483 = EDGE_CURVE ( 'NONE', #388, #1343, #452, .T. ) ;
#1484 = VECTOR ( 'NONE', #610, 1000.000000000000000 ) ;
#1485 = PLANE ( 'NONE',  #70 ) ;
#1486 = AXIS2_PLACEMENT_3D ( 'NONE', #436, #901, #1013 ) ;
#1487 = ADVANCED_FACE ( 'NONE', ( #1268 ), #538, .F. ) ;
#1488 = VECTOR ( 'NONE', #39, 1000.000000000000000 ) ;
#1489 = CARTESIAN_POINT ( 'NONE',  ( 0.000000000000000000, 0.000000000000000000, 5.000000000000000000 ) ) ;
#1490 = ORIENTED_EDGE ( 'NONE', *, *, #1494, .T. ) ;
#1491 = EDGE_LOOP ( 'NONE', ( #1038, #1669 ) ) ;
#1492 = LINE ( 'NONE', #1518, #517 ) ;
#1493 = PLANE ( 'NONE',  #462 ) ;
#1494 = EDGE_CURVE ( 'NONE', #1372, #1389, #657, .T. ) ;
#1495 = CARTESIAN_POINT ( 'NONE',  ( -29.62153041393013453, 7.937065152986524375, 5.000000000000000888 ) ) ;
#1496 = VERTEX_POINT ( 'NONE', #1235 ) ;
#1497 = ORIENTED_EDGE ( 'NONE', *, *, #1225, .F. ) ;
#1498 = DIRECTION ( 'NONE',  ( -0.000000000000000000, -1.000000000000000000, -0.000000000000000000 ) ) ;
#1499 = CARTESIAN_POINT ( 'NONE',  ( -136.3014027943036979, -22.85637092912639190, -33.99999999999995737 ) ) ;
#1500 = LINE ( 'NONE', #93, #947 ) ;
#1501 = EDGE_CURVE ( 'NONE', #394, #1372, #966, .T. ) ;
#1502 = VERTEX_POINT ( 'NONE', #810 ) ;
#1503 = ORIENTED_EDGE ( 'NONE', *, *, #1647, .F. ) ;
#1504 = ORIENTED_EDGE ( 'NONE', *, *, #20, .F. ) ;
#1505 = DIRECTION ( 'NONE',  ( 3.307000897039149847E-43, -1.000000000000000000, -1.517934304930456054E-16 ) ) ;
#1506 = CARTESIAN_POINT ( 'NONE',  ( -97.66941042923652105, -19.24296693483343290, -38.99999999999995737 ) ) ;
#1507 = AXIS2_PLACEMENT_3D ( 'NONE', #521, #1793, #1114 ) ;
#1508 = VECTOR ( 'NONE', #72, 1000.000000000000227 ) ;
#1509 = DIRECTION ( 'NONE',  ( 0.8973604284179189650, -0.4412983814944361205, -1.868661056017427322E-16 ) ) ;
#1510 = VECTOR ( 'NONE', #222, 1000.000000000000000 ) ;
#1511 = AXIS2_PLACEMENT_3D ( 'NONE', #1332, #88, #109 ) ;
#1512 = ORIENTED_EDGE ( 'NONE', *, *, #791, .F. ) ;
#1513 = EDGE_CURVE ( 'NONE', #940, #1774, #918, .T. ) ;
#1514 = AXIS2_PLACEMENT_3D ( 'NONE', #1090, #71, #99 ) ;
#1515 = VECTOR ( 'NONE', #937, 1000.000000000000000 ) ;
#1516 = EDGE_CURVE ( 'NONE', #118, #1255, #282, .T. ) ;
#1517 = ORIENTED_EDGE ( 'NONE', *, *, #1351, .T. ) ;
#1518 = CARTESIAN_POINT ( 'NONE',  ( -136.3014027943036979, 12.14362907087360099, -83.49747468305827169 ) ) ;
#1519 = CARTESIAN_POINT ( 'NONE',  ( 0.000000000000000000, 0.000000000000000000, 5.000000000000000000 ) ) ;
#1520 = CARTESIAN_POINT ( 'NONE',  ( -131.3014027943036979, -22.85637092912639190, -33.99999999999995737 ) ) ;
#1521 = CARTESIAN_POINT ( 'NONE',  ( -2.331725705691625183, 12.87816724645545641, 5.000000000000000000 ) ) ;
#1522 = LINE ( 'NONE', #351, #1515 ) ;
#1523 = ORIENTED_EDGE ( 'NONE', *, *, #116, .F. ) ;
#1524 = ORIENTED_EDGE ( 'NONE', *, *, #1622, .F. ) ;
#1525 = ORIENTED_EDGE ( 'NONE', *, *, #1750, .T. ) ;
#1526 = CARTESIAN_POINT ( 'NONE',  ( -38.29999999999999716, -22.85637092912639545, -3.949999999999981526 ) ) ;
#1527 = ADVANCED_FACE ( 'NONE', ( #1438 ), #1582, .T. ) ;
#1528 = CARTESIAN_POINT ( 'NONE',  ( -25.00000000000000000, -22.85637092912639901, 5.000000000000000000 ) ) ;
#1529 = CARTESIAN_POINT ( 'NONE',  ( -88.37329491444904761, 7.143629070873608988, -38.99999999999995026 ) ) ;
#1530 = CARTESIAN_POINT ( 'NONE',  ( -98.13958813992901753, -21.18691470171606994, -33.99999999999995737 ) ) ;
#1531 = ORIENTED_EDGE ( 'NONE', *, *, #1446, .F. ) ;
#1532 = ORIENTED_EDGE ( 'NONE', *, *, #1677, .T. ) ;
#1533 = DIRECTION ( 'NONE',  ( -0.000000000000000000, -2.081668171172168513E-16, 1.000000000000000000 ) ) ;
#1534 = ORIENTED_EDGE ( 'NONE', *, *, #1386, .T. ) ;
#1535 = LINE ( 'NONE', #1565, #917 ) ;
#1536 = CARTESIAN_POINT ( 'NONE',  ( -38.29999999999999716, -18.85637092912639545, -9.049999999999977618 ) ) ;
#1537 = EDGE_CURVE ( 'NONE', #388, #61, #842, .T. ) ;
#1538 = DIRECTION ( 'NONE',  ( -0.000000000000000000, -1.000000000000000000, -0.000000000000000000 ) ) ;
#1539 = EDGE_CURVE ( 'NONE', #156, #1327, #1342, .T. ) ;
#1540 = EDGE_LOOP ( 'NONE', ( #438, #453, #125, #1657 ) ) ;
#1541 = VECTOR ( 'NONE', #1619, 1000.000000000000000 ) ;
#1542 = EDGE_LOOP ( 'NONE', ( #346, #542, #1651, #60, #1430, #36, #1292, #110, #1812, #340, #24, #1531, #280, #1097, #1160, #526, #861, #174 ) ) ;
#1543 = VECTOR ( 'NONE', #367, 1000.000000000000000 ) ;
#1544 = CIRCLE ( 'NONE', #1577, 25.00000000000000000 ) ;
#1545 = VECTOR ( 'NONE', #103, 1000.000000000000114 ) ;
#1546 = ORIENTED_EDGE ( 'NONE', *, *, #1234, .T. ) ;
#1547 = DIRECTION ( 'NONE',  ( -0.000000000000000000, -1.000000000000000000, -0.000000000000000000 ) ) ;
#1548 = DIRECTION ( 'NONE',  ( -0.000000000000000000, -0.000000000000000000, 1.000000000000000000 ) ) ;
#1549 = CARTESIAN_POINT ( 'NONE',  ( 0.000000000000000000, 0.000000000000000000, 10.00000000000000000 ) ) ;
#1550 = ADVANCED_FACE ( 'NONE', ( #1424 ), #1569, .F. ) ;
#1551 = DIRECTION ( 'NONE',  ( 1.000000000000000000, 0.000000000000000000, 0.000000000000000000 ) ) ;
#1552 = ORIENTED_EDGE ( 'NONE', *, *, #33, .T. ) ;
#1553 = CYLINDRICAL_SURFACE ( 'NONE', #1437, 10.00000000000000000 ) ;
#1554 = ORIENTED_EDGE ( 'NONE', *, *, #859, .T. ) ;
#1555 = DIRECTION ( 'NONE',  ( -0.9840008865925464754, -0.1781635630118640623, 0.000000000000000000 ) ) ;
#1556 = VERTEX_POINT ( 'NONE', #1589 ) ;
#1557 = CARTESIAN_POINT ( 'NONE',  ( -98.13958813992901753, -21.18691470171606639, -38.99999999999995737 ) ) ;
#1558 = CYLINDRICAL_SURFACE ( 'NONE', #867, 9.999999999999994671 ) ;
#1559 = CARTESIAN_POINT ( 'NONE',  ( -95.66941042923653526, -7.996987773270450184, -38.99999999999996447 ) ) ;
#1560 = VERTEX_POINT ( 'NONE', #131 ) ;
#1561 = VERTEX_POINT ( 'NONE', #873 ) ;
#1562 = ADVANCED_FACE ( 'NONE', ( #1176 ), #1167, .T. ) ;
#1563 = CARTESIAN_POINT ( 'NONE',  ( -94.31876481190988670, -22.26132608465055540, -38.99999999999995737 ) ) ;
#1564 = EDGE_LOOP ( 'NONE', ( #968, #1104, #80, #1345 ) ) ;
#1565 = CARTESIAN_POINT ( 'NONE',  ( -88.37329491444894813, -22.85637092912639545, 10.00000000000000000 ) ) ;
#1566 = EDGE_CURVE ( 'NONE', #1679, #94, #560, .T. ) ;
#1567 = VERTEX_POINT ( 'NONE', #272 ) ;
#1568 = CARTESIAN_POINT ( 'NONE',  ( -24.80152570280033331, -0.7848469204139880695, -37.20536862365580077 ) ) ;
#1569 = PLANE ( 'NONE',  #1638 ) ;
#1570 = CARTESIAN_POINT ( 'NONE',  ( -98.13958813992901753, -21.18691470171607705, 10.00000000000000000 ) ) ;
#1571 = EDGE_LOOP ( 'NONE', ( #87, #1671, #97, #931 ) ) ;
#1572 = VECTOR ( 'NONE', #293, 1000.000000000000000 ) ;
#1573 = ADVANCED_FACE ( 'NONE', ( #879 ), #1558, .T. ) ;
#1574 = AXIS2_PLACEMENT_3D ( 'NONE', #90, #356, #1778 ) ;
#1575 = ORIENTED_EDGE ( 'NONE', *, *, #1776, .T. ) ;
#1576 = CARTESIAN_POINT ( 'NONE',  ( -94.31876481190990091, 0.000000000000000000, 5.000000000000000000 ) ) ;
#1577 = AXIS2_PLACEMENT_3D ( 'NONE', #1528, #357, #647 ) ;
#1578 = CLOSED_SHELL ( 'NONE', ( #473, #424, #680, #923, #217, #303, #819, #743, #46, #321, #707, #1550, #753, #1728, #953, #1833, #586, #1407, #509, #623, #1264, #740, #1432, #1384, #702, #1092, #1792, #1041, #231, #1858, #642, #1487, #845, #1014, #600, #572, #244, #401, #190, #1770, #1081, #795, #162, #547, #1573, #1373, #105, #210, #690, #1527, #291, #611, #1183, #849, #1393, #903, #834, #1326, #1562, #1634 ) ) ;
#1579 = EDGE_CURVE ( 'NONE', #1804, #238, #989, .T. ) ;
#1580 = ORIENTED_EDGE ( 'NONE', *, *, #941, .T. ) ;
#1581 = LINE ( 'NONE', #1261, #284 ) ;
#1582 = PLANE ( 'NONE',  #617 ) ;
#1583 = DIRECTION ( 'NONE',  ( 0.9902680687415698069, 0.1391731009600692959, 2.897122145519070365E-17 ) ) ;
#1584 = ORIENTED_EDGE ( 'NONE', *, *, #1214, .F. ) ;
#1585 = DIRECTION ( 'NONE',  ( 0.8973604284179190760, -0.4412983814944361760, 0.000000000000000000 ) ) ;
#1586 = ORIENTED_EDGE ( 'NONE', *, *, #1047, .T. ) ;
#1587 = DIRECTION ( 'NONE',  ( 1.000000000000000000, 0.000000000000000000, -0.000000000000000000 ) ) ;
#1588 = EDGE_CURVE ( 'NONE', #1642, #854, #1811, .T. ) ;
#1589 = CARTESIAN_POINT ( 'NONE',  ( -88.37329491444894813, -22.85637092912639545, 5.000000000000000000 ) ) ;
#1590 = FACE_OUTER_BOUND ( 'NONE', #619, .T. ) ;
#1591 = CARTESIAN_POINT ( 'NONE',  ( -94.31876481190988670, -16.34385130876220060, -38.99999999999995737 ) ) ;
#1592 = CARTESIAN_POINT ( 'NONE',  ( -101.3014027943036979, -5.041318945574907673, 5.000000000000000000 ) ) ;
#1593 = CARTESIAN_POINT ( 'NONE',  ( -95.66941042923652105, -19.24296693483343290, -38.99999999999995737 ) ) ;
#1594 = ORIENTED_EDGE ( 'NONE', *, *, #1822, .T. ) ;
#1595 = DIRECTION ( 'NONE',  ( -1.000000000000000000, 0.000000000000000000, 0.000000000000000000 ) ) ;
#1596 = CARTESIAN_POINT ( 'NONE',  ( -2.519534638856021094E-42, -22.85637092912639545, 0.000000000000000000 ) ) ;
#1597 = EDGE_CURVE ( 'NONE', #499, #118, #568, .T. ) ;
#1598 = LINE ( 'NONE', #449, #1694 ) ;
#1599 = FACE_OUTER_BOUND ( 'NONE', #1736, .T. ) ;
#1600 = ORIENTED_EDGE ( 'NONE', *, *, #719, .T. ) ;
#1601 = CARTESIAN_POINT ( 'NONE',  ( -128.9910702685402271, 10.69768811881768933, -38.99999999999995026 ) ) ;
#1602 = VECTOR ( 'NONE', #255, 1000.000000000000000 ) ;
#1603 = LINE ( 'NONE', #588, #314 ) ;
#1604 = AXIS2_PLACEMENT_3D ( 'NONE', #1099, #636, #1673 ) ;
#1605 = EDGE_LOOP ( 'NONE', ( #149, #410, #21, #877 ) ) ;
#1606 = PLANE ( 'NONE',  #865 ) ;
#1607 = CIRCLE ( 'NONE', #371, 2.549999999999998490 ) ;
#1608 = CARTESIAN_POINT ( 'NONE',  ( -94.30280558860737017, -18.85637092912639545, -3.949999999999987299 ) ) ;
#1609 = ORIENTED_EDGE ( 'NONE', *, *, #276, .T. ) ;
#1610 = VECTOR ( 'NONE', #330, 999.9999999999998863 ) ;
#1611 = AXIS2_PLACEMENT_3D ( 'NONE', #802, #216, #666 ) ;
#1612 = LINE ( 'NONE', #579, #863 ) ;
#1613 = DIRECTION ( 'NONE',  ( -0.9659258262890680902, 0.2588190451025212391, 0.000000000000000000 ) ) ;
#1614 = CARTESIAN_POINT ( 'NONE',  ( -97.66941042923652105, -19.24296693483343290, -33.99999999999995737 ) ) ;
#1615 = EDGE_CURVE ( 'NONE', #496, #1567, #1027, .T. ) ;
#1616 = CARTESIAN_POINT ( 'NONE',  ( -121.3419588220026810, -15.57501621566249561, 10.00000000000000000 ) ) ;
#1617 = ORIENTED_EDGE ( 'NONE', *, *, #20, .T. ) ;
#1618 = CARTESIAN_POINT ( 'NONE',  ( -24.51798725461089035, -5.433521389124055467, -38.94280729721259604 ) ) ;
#1619 = DIRECTION ( 'NONE',  ( -0.000000000000000000, 1.000000000000000000, -0.000000000000000000 ) ) ;
#1620 = DIRECTION ( 'NONE',  ( -1.000000000000000000, 0.000000000000000000, -0.000000000000000000 ) ) ;
#1621 = SURFACE_SIDE_STYLE ('',( #472 ) ) ;
#1622 = EDGE_CURVE ( 'NONE', #1319, #1354, #1415, .T. ) ;
#1623 = ORIENTED_EDGE ( 'NONE', *, *, #654, .T. ) ;
#1624 = CARTESIAN_POINT ( 'NONE',  ( -38.30000000000000426, -18.85637092912639545, -22.49999999999997868 ) ) ;
#1625 = EDGE_CURVE ( 'NONE', #1763, #1815, #549, .T. ) ;
#1626 = ORIENTED_EDGE ( 'NONE', *, *, #1579, .T. ) ;
#1627 = DIRECTION ( 'NONE',  ( 0.6401746308855076339, -0.7682294201412778190, 0.000000000000000000 ) ) ;
#1628 = DIRECTION ( 'NONE',  ( -3.475220191525546336E-43, -2.060241657929692756E-16, 1.000000000000000000 ) ) ;
#1629 = LINE ( 'NONE', #32, #1484 ) ;
#1630 = LINE ( 'NONE', #1186, #1190 ) ;
#1631 = ORIENTED_EDGE ( 'NONE', *, *, #126, .T. ) ;
#1632 = ORIENTED_EDGE ( 'NONE', *, *, #264, .F. ) ;
#1633 = DIRECTION ( 'NONE',  ( -0.000000000000000000, -0.000000000000000000, 1.000000000000000000 ) ) ;
#1634 = ADVANCED_FACE ( 'NONE', ( #301 ), #1302, .T. ) ;
#1635 = AXIS2_PLACEMENT_3D ( 'NONE', #695, #1414, #539 ) ;
#1636 = DIRECTION ( 'NONE',  ( -0.6401746308855075229, 0.7682294201412779300, 0.000000000000000000 ) ) ;
#1637 = CIRCLE ( 'NONE', #827, 16.33974596215561803 ) ;
#1638 = AXIS2_PLACEMENT_3D ( 'NONE', #145, #720, #591 ) ;
#1639 = VECTOR ( 'NONE', #1219, 1000.000000000000000 ) ;
#1640 = CARTESIAN_POINT ( 'NONE',  ( -38.30000000000000426, -18.85637092912639545, -25.04999999999997939 ) ) ;
#1641 = ORIENTED_EDGE ( 'NONE', *, *, #365, .T. ) ;
#1642 = VERTEX_POINT ( 'NONE', #440 ) ;
#1643 = LINE ( 'NONE', #780, #1279 ) ;
#1644 = LINE ( 'NONE', #818, #548 ) ;
#1645 = EDGE_CURVE ( 'NONE', #1144, #778, #158, .T. ) ;
#1646 = LINE ( 'NONE', #503, #1199 ) ;
#1647 = EDGE_CURVE ( 'NONE', #121, #1379, #1052, .T. ) ;
#1648 = ORIENTED_EDGE ( 'NONE', *, *, #1654, .F. ) ;
#1649 = EDGE_LOOP ( 'NONE', ( #715, #1534, #1714, #804, #1525, #1238, #1449, #1221, #1594, #1834, #506, #1512, #1503, #1187, #779, #230 ) ) ;
#1650 = APPLICATION_PROTOCOL_DEFINITION ( 'draft international standard', 'automotive_design', 1998, #532 ) ;
#1651 = ORIENTED_EDGE ( 'NONE', *, *, #1708, .T. ) ;
#1652 = CARTESIAN_POINT ( 'NONE',  ( -136.3014027943036979, 12.14362907087360099, 5.000000000000000000 ) ) ;
#1653 = CARTESIAN_POINT ( 'NONE',  ( -131.1975621760124397, 6.210885976728100388, 10.00000000000000000 ) ) ;
#1654 = EDGE_CURVE ( 'NONE', #1719, #355, #1731, .T. ) ;
#1655 = B_SPLINE_CURVE_WITH_KNOTS ( 'NONE', 3,
 ( #559, #998, #546, #1704, #413, #1568, #1016, #157, #599, #477, #733, #1051, #1025, #1618, #171, #1328, #885, #446 ),
 .UNSPECIFIED., .F., .F.,
 ( 4, 2, 2, 2, 2, 2, 2, 2, 4 ),
 ( 0.000000000000000000, 0.002612912903023432726, 0.003919369354535148439, 0.005225825806046865453, 0.006532282257558581599, 0.007838738709070296878, 0.009145195160582014759, 0.009798423386337873700, 0.01045165161209373264 ),
 .UNSPECIFIED. ) ;
#1656 = CARTESIAN_POINT ( 'NONE',  ( -25.00000000000000000, -22.85637092912639901, 0.000000000000000000 ) ) ;
#1657 = ORIENTED_EDGE ( 'NONE', *, *, #783, .F. ) ;
#1658 = ORIENTED_EDGE ( 'NONE', *, *, #1026, .T. ) ;
#1659 = EDGE_LOOP ( 'NONE', ( #678, #1632 ) ) ;
#1660 = DIRECTION ( 'NONE',  ( 0.000000000000000000, -1.000000000000000000, -3.384839102322322352E-16 ) ) ;
#1661 = DIRECTION ( 'NONE',  ( -1.000000000000000000, 0.000000000000000000, 0.000000000000000000 ) ) ;
#1662 = AXIS2_PLACEMENT_3D ( 'NONE', #594, #604, #613 ) ;
#1663 = VECTOR ( 'NONE', #130, 1000.000000000000000 ) ;
#1664 = FACE_OUTER_BOUND ( 'NONE', #1605, .T. ) ;
#1665 = AXIS2_PLACEMENT_3D ( 'NONE', #426, #1585, #9 ) ;
#1666 = ORIENTED_EDGE ( 'NONE', *, *, #900, .T. ) ;
#1667 = VECTOR ( 'NONE', #1405, 1000.000000000000114 ) ;
#1668 = CIRCLE ( 'NONE', #1112, 2.550000000000000266 ) ;
#1669 = ORIENTED_EDGE ( 'NONE', *, *, #656, .F. ) ;
#1670 = EDGE_CURVE ( 'NONE', #394, #1502, #45, .T. ) ;
#1671 = ORIENTED_EDGE ( 'NONE', *, *, #535, .F. ) ;
#1672 = CARTESIAN_POINT ( 'NONE',  ( -24.77790775189823691, -1.147243903287071376, 8.446695882539938083 ) ) ;
#1673 = DIRECTION ( 'NONE',  ( -0.9719738834413159667, 0.2350888553462436859, 0.000000000000000000 ) ) ;
#1674 = LINE ( 'NONE', #820, #492 ) ;
#1675 = EDGE_LOOP ( 'NONE', ( #89, #408, #212, #1700, #1181 ) ) ;
#1676 = ORIENTED_EDGE ( 'NONE', *, *, #390, .F. ) ;
#1677 = EDGE_CURVE ( 'NONE', #1379, #1228, #626, .T. ) ;
#1678 = DIRECTION ( 'NONE',  ( -1.000000000000000000, 0.000000000000000000, 0.000000000000000000 ) ) ;
#1679 = VERTEX_POINT ( 'NONE', #1070 ) ;
#1680 = CARTESIAN_POINT ( 'NONE',  ( -24.93237000125920133, 1.170959259201117986, 6.454726202350198783 ) ) ;
#1681 = DIRECTION ( 'NONE',  ( 0.000000000000000000, 0.000000000000000000, -1.000000000000000000 ) ) ;
#1682 = CARTESIAN_POINT ( 'NONE',  ( -128.9910702685402271, -13.72494505118254438, -38.99999999999995026 ) ) ;
#1683 = CARTESIAN_POINT ( 'NONE',  ( -94.30280558860737017, -18.85637092912639545, -6.499999999999979572 ) ) ;
#1684 = EDGE_LOOP ( 'NONE', ( #771, #1803, #660, #1854 ) ) ;
#1685 = VERTEX_POINT ( 'NONE', #764 ) ;
#1686 = CARTESIAN_POINT ( 'NONE',  ( -94.30280558860737017, -22.85637092912639545, -25.04999999999997229 ) ) ;
#1687 = ORIENTED_EDGE ( 'NONE', *, *, #437, .T. ) ;
#1688 = CARTESIAN_POINT ( 'NONE',  ( -94.30280558860737017, -18.85637092912639545, -6.499999999999979572 ) ) ;
#1689 = ORIENTED_EDGE ( 'NONE', *, *, #1483, .F. ) ;
#1690 = CARTESIAN_POINT ( 'NONE',  ( -38.29999999999999716, -18.85637092912639545, -6.499999999999979572 ) ) ;
#1691 = EDGE_CURVE ( 'NONE', #221, #1763, #104, .T. ) ;
#1692 = DIRECTION ( 'NONE',  ( -1.000000000000000000, 0.000000000000000000, -0.000000000000000000 ) ) ;
#1693 = DIRECTION ( 'NONE',  ( 0.000000000000000000, 0.000000000000000000, 1.000000000000000000 ) ) ;
#1694 = VECTOR ( 'NONE', #1463, 1000.000000000000000 ) ;
#1695 = VERTEX_POINT ( 'NONE', #621 ) ;
#1696 = VECTOR ( 'NONE', #1304, 1000.000000000000000 ) ;
#1697 = AXIS2_PLACEMENT_3D ( 'NONE', #1796, #835, #1551 ) ;
#1698 = TOROIDAL_SURFACE ( 'NONE', #1274, 16.33974596215561448, 10.00000000000000000 ) ;
#1699 = LINE ( 'NONE', #409, #1462 ) ;
#1700 = ORIENTED_EDGE ( 'NONE', *, *, #775, .F. ) ;
#1701 = DIRECTION ( 'NONE',  ( -0.000000000000000000, -0.000000000000000000, -1.000000000000000000 ) ) ;
#1702 = CARTESIAN_POINT ( 'NONE',  ( -128.9910702685402271, 8.554266658353661512, -33.99999999999995737 ) ) ;
#1703 = EDGE_LOOP ( 'NONE', ( #1687, #239, #29, #972, #1824 ) ) ;
#1704 = CARTESIAN_POINT ( 'NONE',  ( -24.86971781239802581, 0.2438654375407899311, -36.38117604122386695 ) ) ;
#1705 = DIRECTION ( 'NONE',  ( 0.000000000000000000, -2.081668171172168513E-16, 1.000000000000000000 ) ) ;
#1706 = EDGE_CURVE ( 'NONE', #1777, #499, #1321, .T. ) ;
#1707 = CARTESIAN_POINT ( 'NONE',  ( -131.3014027943036979, -22.85637092912639190, -38.99999999999995737 ) ) ;
#1708 = EDGE_CURVE ( 'NONE', #679, #1086, #1780, .T. ) ;
#1709 = ORIENTED_EDGE ( 'NONE', *, *, #729, .T. ) ;
#1710 = FACE_OUTER_BOUND ( 'NONE', #504, .T. ) ;
#1711 = ORIENTED_EDGE ( 'NONE', *, *, #1597, .T. ) ;
#1712 = DIRECTION ( 'NONE',  ( 0.000000000000000000, -2.081668171172168513E-16, 1.000000000000000000 ) ) ;
#1713 =( BOUNDED_CURVE ( )  B_SPLINE_CURVE ( 3, ( #320, #1324, #1297, #1591 ),
 .UNSPECIFIED., .F., .F. ) 
 B_SPLINE_CURVE_WITH_KNOTS ( ( 4, 4 ),
 ( 0.5235987755982994818, 1.570796326794897002 ),
 .UNSPECIFIED. ) 
 CURVE ( )  GEOMETRIC_REPRESENTATION_ITEM ( )  RATIONAL_B_SPLINE_CURVE ( ( 1.000000000000000000, 0.9106836025229592124, 0.9106836025229592124, 1.000000000000000000 ) ) 
 REPRESENTATION_ITEM ( '' )  );
#1714 = ORIENTED_EDGE ( 'NONE', *, *, #126, .F. ) ;
#1715 = LINE ( 'NONE', #1148, #163 ) ;
#1716 = DIRECTION ( 'NONE',  ( -0.000000000000000000, -0.000000000000000000, -1.000000000000000000 ) ) ;
#1717 = LINE ( 'NONE', #1425, #790 ) ;
#1718 = EDGE_CURVE ( 'NONE', #825, #121, #1082, .T. ) ;
#1719 = VERTEX_POINT ( 'NONE', #1608 ) ;
#1720 = EDGE_CURVE ( 'NONE', #1354, #1830, #184, .T. ) ;
#1721 = ORIENTED_EDGE ( 'NONE', *, *, #342, .F. ) ;
#1722 = DIRECTION ( 'NONE',  ( -3.475220191525546734E-43, 0.000000000000000000, 1.000000000000000000 ) ) ;
#1723 = EDGE_LOOP ( 'NONE', ( #297, #996, #1200, #1399 ) ) ;
#1724 = LINE ( 'NONE', #1404, #942 ) ;
#1725 = DIRECTION ( 'NONE',  ( 0.000000000000000000, 0.000000000000000000, -1.000000000000000000 ) ) ;
#1726 = LINE ( 'NONE', #1707, #1132 ) ;
#1727 = AXIS2_PLACEMENT_3D ( 'NONE', #787, #494, #1226 ) ;
#1728 = ADVANCED_FACE ( 'NONE', ( #663 ), #1817, .F. ) ;
#1729 = VECTOR ( 'NONE', #1860, 1000.000000000000000 ) ;
#1730 = LINE ( 'NONE', #1576, #285 ) ;
#1731 = CIRCLE ( 'NONE', #1111, 2.549999999999992273 ) ;
#1732 = ORIENTED_EDGE ( 'NONE', *, *, #458, .T. ) ;
#1733 = DIRECTION ( 'NONE',  ( 0.000000000000000000, 0.000000000000000000, 1.000000000000000000 ) ) ;
#1734 = DIRECTION ( 'NONE',  ( 0.000000000000000000, -1.000000000000000000, 0.000000000000000000 ) ) ;
#1735 = PLANE ( 'NONE',  #824 ) ;
#1736 = EDGE_LOOP ( 'NONE', ( #987, #545, #1838, #564 ) ) ;
#1737 = FACE_OUTER_BOUND ( 'NONE', #644, .T. ) ;
#1738 = EDGE_CURVE ( 'NONE', #1207, #1154, #1544, .T. ) ;
#1739 = CARTESIAN_POINT ( 'NONE',  ( -131.3014027943036979, -22.85637092912640256, 10.00000000000000000 ) ) ;
#1740 = ORIENTED_EDGE ( 'NONE', *, *, #1205, .F. ) ;
#1741 = CARTESIAN_POINT ( 'NONE',  ( -131.3014027943036979, 18.14347393290255894, 10.00000000000000000 ) ) ;
#1742 = CARTESIAN_POINT ( 'NONE',  ( -23.09043850171169154, -46.95336909255093616, -33.99999999999997158 ) ) ;
#1743 = DIRECTION ( 'NONE',  ( -1.000000000000000000, 0.000000000000000000, -0.000000000000000000 ) ) ;
#1744 = FACE_BOUND ( 'NONE', #1491, .T. ) ;
#1745 = CARTESIAN_POINT ( 'NONE',  ( -101.3014027943036979, -22.85637092912639545, 0.000000000000000000 ) ) ;
#1746 = DIRECTION ( 'NONE',  ( 0.000000000000000000, 1.000000000000000000, 0.000000000000000000 ) ) ;
#1747 = ORIENTED_EDGE ( 'NONE', *, *, #1539, .F. ) ;
#1748 = DIRECTION ( 'NONE',  ( 0.000000000000000000, -1.000000000000000000, -3.384839102322322352E-16 ) ) ;
#1749 = PLANE ( 'NONE',  #793 ) ;
#1750 = EDGE_CURVE ( 'NONE', #1556, #1567, #741, .T. ) ;
#1751 = DIRECTION ( 'NONE',  ( 0.000000000000000000, 0.000000000000000000, -1.000000000000000000 ) ) ;
#1752 = LINE ( 'NONE', #875, #138 ) ;
#1753 = CARTESIAN_POINT ( 'NONE',  ( -95.66941042923652105, -5.689032411881453477, 5.000000000000000000 ) ) ;
#1754 = AXIS2_PLACEMENT_3D ( 'NONE', #1113, #84, #1661 ) ;
#1755 = ORIENTED_EDGE ( 'NONE', *, *, #241, .T. ) ;
#1756 = LINE ( 'NONE', #1189, #488 ) ;
#1757 = AXIS2_PLACEMENT_3D ( 'NONE', #1688, #839, #997 ) ;
#1758 = VECTOR ( 'NONE', #1358, 1000.000000000000000 ) ;
#1759 = DIRECTION ( 'NONE',  ( 0.000000000000000000, 2.081668171172168513E-16, -1.000000000000000000 ) ) ;
#1760 = EDGE_CURVE ( 'NONE', #1685, #1289, #343, .T. ) ;
#1761 = DIRECTION ( 'NONE',  ( 0.000000000000000000, -1.000000000000000000, 0.000000000000000000 ) ) ;
#1762 = DIRECTION ( 'NONE',  ( 0.000000000000000000, 0.000000000000000000, -1.000000000000000000 ) ) ;
#1763 = VERTEX_POINT ( 'NONE', #83 ) ;
#1764 = VERTEX_POINT ( 'NONE', #684 ) ;
#1765 = LINE ( 'NONE', #300, #226 ) ;
#1766 = DIRECTION ( 'NONE',  ( 0.000000000000000000, -1.000000000000000000, 0.000000000000000000 ) ) ;
#1767 = FACE_OUTER_BOUND ( 'NONE', #556, .T. ) ;
#1768 = DIRECTION ( 'NONE',  ( 0.000000000000000000, 2.081668171172168513E-16, -1.000000000000000000 ) ) ;
#1769 = ORIENTED_EDGE ( 'NONE', *, *, #1138, .T. ) ;
#1770 = ADVANCED_FACE ( 'NONE', ( #1799 ), #234, .F. ) ;
#1771 = EDGE_LOOP ( 'NONE', ( #884, #1584 ) ) ;
#1772 = CARTESIAN_POINT ( 'NONE',  ( -95.66941042923652105, -5.689032411881445483, -33.99999999999995737 ) ) ;
#1773 = LINE ( 'NONE', #922, #971 ) ;
#1774 = VERTEX_POINT ( 'NONE', #574 ) ;
#1775 = VERTEX_POINT ( 'NONE', #1299 ) ;
#1776 = EDGE_CURVE ( 'NONE', #1273, #496, #434, .T. ) ;
#1777 = VERTEX_POINT ( 'NONE', #1702 ) ;
#1778 = DIRECTION ( 'NONE',  ( 1.000000000000000000, 0.000000000000000000, 0.000000000000000000 ) ) ;
#1779 = CIRCLE ( 'NONE', #40, 30.00000000000000000 ) ;
#1780 = LINE ( 'NONE', #1184, #76 ) ;
#1781 = FACE_OUTER_BOUND ( 'NONE', #347, .T. ) ;
#1782 = VECTOR ( 'NONE', #1208, 1000.000000000000000 ) ;
#1783 = AXIS2_PLACEMENT_3D ( 'NONE', #1739, #902, #744 ) ;
#1784 = VECTOR ( 'NONE', #1802, 1000.000000000000227 ) ;
#1785 = CARTESIAN_POINT ( 'NONE',  ( -97.66941042923652105, -19.24296693483343290, -38.99999999999995026 ) ) ;
#1786 = ORIENTED_EDGE ( 'NONE', *, *, #1127, .F. ) ;
#1787 = ORIENTED_EDGE ( 'NONE', *, *, #1138, .F. ) ;
#1788 = ORIENTED_EDGE ( 'NONE', *, *, #1195, .T. ) ;
#1789 = LINE ( 'NONE', #945, #1135 ) ;
#1790 = EDGE_CURVE ( 'NONE', #896, #1382, #1318, .T. ) ;
#1791 = DIRECTION ( 'NONE',  ( 1.000000000000000000, 1.734723475976805517E-15, 0.000000000000000000 ) ) ;
#1792 = ADVANCED_FACE ( 'NONE', ( #1049 ), #1353, .F. ) ;
#1793 = DIRECTION ( 'NONE',  ( 0.000000000000000000, -1.000000000000000000, 0.000000000000000000 ) ) ;
#1794 = EDGE_LOOP ( 'NONE', ( #592, #1015, #1689, #1426, #1600 ) ) ;
#1795 = ORIENTED_EDGE ( 'NONE', *, *, #241, .F. ) ;
#1796 = CARTESIAN_POINT ( 'NONE',  ( 0.000000000000000000, 0.000000000000000000, 0.000000000000000000 ) ) ;
#1797 = VERTEX_POINT ( 'NONE', #1033 ) ;
#1798 = CARTESIAN_POINT ( 'NONE',  ( -95.66941042923652105, -11.26092954669849888, 10.00000000000000000 ) ) ;
#1799 = FACE_OUTER_BOUND ( 'NONE', #651, .T. ) ;
#1800 = DIRECTION ( 'NONE',  ( 0.000000000000000000, 1.000000000000000000, 0.000000000000000000 ) ) ;
#1801 = EDGE_CURVE ( 'NONE', #625, #1815, #1603, .T. ) ;
#1802 = DIRECTION ( 'NONE',  ( -0.8976358551611530734, 0.4407378716755633308, 9.174699992971839470E-17 ) ) ;
#1803 = ORIENTED_EDGE ( 'NONE', *, *, #1720, .T. ) ;
#1804 = VERTEX_POINT ( 'NONE', #196 ) ;
#1805 = DIRECTION ( 'NONE',  ( -0.8976358551611531844, 0.4407378716755633863, -0.000000000000000000 ) ) ;
#1806 = DIRECTION ( 'NONE',  ( 1.000000000000000000, 0.000000000000000000, -2.082397436793539850E-16 ) ) ;
#1807 = VECTOR ( 'NONE', #392, 1000.000000000000000 ) ;
#1808 = AXIS2_PLACEMENT_3D ( 'NONE', #233, #348, #1383 ) ;
#1809 = CARTESIAN_POINT ( 'NONE',  ( -38.30000000000000426, -18.85637092912639545, -19.94999999999997797 ) ) ;
#1810 = EDGE_CURVE ( 'NONE', #652, #194, #772, .T. ) ;
#1811 = CIRCLE ( 'NONE', #1010, 2.549999999999993161 ) ;
#1812 = ORIENTED_EDGE ( 'NONE', *, *, #980, .F. ) ;
#1813 = EDGE_LOOP ( 'NONE', ( #513, #1788, #363, #66, #668, #1, #1085, #1821, #1623, #1546, #1229, #1795, #418, #745, #889, #385, #324 ) ) ;
#1814 = DIRECTION ( 'NONE',  ( 0.000000000000000000, 1.000000000000000000, 0.000000000000000000 ) ) ;
#1815 = VERTEX_POINT ( 'NONE', #1593 ) ;
#1816 = DIRECTION ( 'NONE',  ( 0.000000000000000000, -1.000000000000000000, 0.000000000000000000 ) ) ;
#1817 = CYLINDRICAL_SURFACE ( 'NONE', #1514, 2.549999999999998490 ) ;
#1818 = FACE_OUTER_BOUND ( 'NONE', #1123, .T. ) ;
#1819 = LINE ( 'NONE', #1093, #585 ) ;
#1820 = ORIENTED_EDGE ( 'NONE', *, *, #1468, .T. ) ;
#1821 = ORIENTED_EDGE ( 'NONE', *, *, #1351, .F. ) ;
#1822 = EDGE_CURVE ( 'NONE', #1207, #993, #1023, .T. ) ;
#1823 = LINE ( 'NONE', #378, #228 ) ;
#1824 = ORIENTED_EDGE ( 'NONE', *, *, #1191, .T. ) ;
#1825 = PLANE ( 'NONE',  #312 ) ;
#1826 = ADVANCED_BREP_SHAPE_REPRESENTATION ( '3. Body Front', ( #108, #1697 ), #405 ) ;
#1827 = VERTEX_POINT ( 'NONE', #475 ) ;
#1828 = DIRECTION ( 'NONE',  ( 1.000000000000000000, 0.000000000000000000, 0.000000000000000000 ) ) ;
#1829 = CARTESIAN_POINT ( 'NONE',  ( -128.9910702685402271, 10.69768811881768755, -33.99999999999995737 ) ) ;
#1830 = VERTEX_POINT ( 'NONE', #177 ) ;
#1831 = ORIENTED_EDGE ( 'NONE', *, *, #1067, .F. ) ;
#1832 = CARTESIAN_POINT ( 'NONE',  ( -24.48791246620961459, -5.977320034856741238, 9.985619667168272429 ) ) ;
#1833 = ADVANCED_FACE ( 'NONE', ( #752 ), #1059, .F. ) ;
#1834 = ORIENTED_EDGE ( 'NONE', *, *, #253, .T. ) ;
#1835 = DIRECTION ( 'NONE',  ( 0.000000000000000000, -0.000000000000000000, -1.000000000000000000 ) ) ;
#1836 = DIRECTION ( 'NONE',  ( 0.8973604284179189650, -0.4412983814944361760, 0.000000000000000000 ) ) ;
#1837 = PLANE ( 'NONE',  #289 ) ;
#1838 = ORIENTED_EDGE ( 'NONE', *, *, #264, .T. ) ;
#1839 = VECTOR ( 'NONE', #457, 1000.000000000000000 ) ;
#1840 = AXIS2_PLACEMENT_3D ( 'NONE', #1267, #380, #683 ) ;
#1841 = VECTOR ( 'NONE', #63, 1000.000000000000000 ) ;
#1842 = AXIS2_PLACEMENT_3D ( 'NONE', #691, #1419, #669 ) ;
#1843 = CARTESIAN_POINT ( 'NONE',  ( -131.3014027943036979, -22.85637092912640256, 5.000000000000000000 ) ) ;
#1844 = ORIENTED_EDGE ( 'NONE', *, *, #1205, .T. ) ;
#1845 = CARTESIAN_POINT ( 'NONE',  ( -24.50589117357867153, -5.650299260006667268, 9.964170493106754734 ) ) ;
#1846 = CARTESIAN_POINT ( 'NONE',  ( -28.30000000000000071, -22.85637092912639545, 0.000000000000000000 ) ) ;
#1847 = EDGE_CURVE ( 'NONE', #1361, #78, #19, .T. ) ;
#1848 = DIRECTION ( 'NONE',  ( -1.000000000000000000, 0.000000000000000000, 0.000000000000000000 ) ) ;
#1849 = DIRECTION ( 'NONE',  ( -0.9719738834413160777, 0.2350888553462437691, 2.024035923508459413E-16 ) ) ;
#1850 = EDGE_CURVE ( 'NONE', #854, #1642, #675, .T. ) ;
#1851 = DIRECTION ( 'NONE',  ( 0.000000000000000000, -1.000000000000000000, 0.000000000000000000 ) ) ;
#1852 = ORIENTED_EDGE ( 'NONE', *, *, #1718, .T. ) ;
#1853 = CARTESIAN_POINT ( 'NONE',  ( -38.29999999999999716, -18.85637092912639545, -6.499999999999979572 ) ) ;
#1854 = ORIENTED_EDGE ( 'NONE', *, *, #1615, .F. ) ;
#1855 = FACE_OUTER_BOUND ( 'NONE', #717, .T. ) ;
#1856 = CARTESIAN_POINT ( 'NONE',  ( -118.9910702685402413, -5.855277381249335278, 10.00000000000000000 ) ) ;
#1857 = DIRECTION ( 'NONE',  ( 0.000000000000000000, 0.000000000000000000, 1.000000000000000000 ) ) ;
#1858 = ADVANCED_FACE ( 'NONE', ( #982 ), #1143, .T. ) ;
#1859 = CARTESIAN_POINT ( 'NONE',  ( -2.519534638856021094E-42, -22.85637092912639545, 5.000000000000000000 ) ) ;
#1860 = DIRECTION ( 'NONE',  ( -1.000000000000000000, 0.000000000000000000, 0.000000000000000000 ) ) ;
#1861 = DIRECTION ( 'NONE',  ( 0.000000000000000000, -0.000000000000000000, -1.000000000000000000 ) ) ;
ENDSEC;
END-ISO-10303-21;
