ISO-10303-21;
HEADER;
FILE_DESCRIPTION (( 'STEP AP214' ),
    '1' );
FILE_NAME ('4. Body Back.STEP',
    '2026-06-02T01:55:06',
    ( '' ),
    ( '' ),
    'SwSTEP 2.0',
    'SolidWorks 2026',
    '' );
FILE_SCHEMA (( 'AUTOMOTIVE_DESIGN' ));
ENDSEC;

DATA;
#1 = PLANE ( 'NONE',  #529 ) ;
#2 = CARTESIAN_POINT ( 'NONE',  ( 38.30000000000000426, 22.49999999999997868, 88.00000000000001421 ) ) ;
#3 = EDGE_CURVE ( 'NONE', #1238, #2328, #1833, .T. ) ;
#4 = ORIENTED_EDGE ( 'NONE', *, *, #1542, .T. ) ;
#5 = CARTESIAN_POINT ( 'NONE',  ( 7.022128163613829521, -8.850856519571424386, 22.79241454461618233 ) ) ;
#6 = DIRECTION ( 'NONE',  ( 0.9987841318987268346, -0.04929764565683238814, 0.000000000000000000 ) ) ;
#7 = EDGE_CURVE ( 'NONE', #1754, #1064, #2263, .T. ) ;
#8 = CARTESIAN_POINT ( 'NONE',  ( 9.444897171846760031, -8.970438723835274075, 18.79308087052295306 ) ) ;
#9 = EDGE_LOOP ( 'NONE', ( #26, #886, #1894, #481, #121 ) ) ;
#10 = LINE ( 'NONE', #877, #1037 ) ;
#11 = FACE_OUTER_BOUND ( 'NONE', #267, .T. ) ;
#12 = ORIENTED_EDGE ( 'NONE', *, *, #2619, .F. ) ;
#13 = CARTESIAN_POINT ( 'NONE',  ( 9.415128783162023396, -8.968969425885628510, 2.000000000000001776 ) ) ;
#14 = CARTESIAN_POINT ( 'NONE',  ( 7.506521512102468208, 37.87476504083183215, 19.04428706750148237 ) ) ;
#15 = LINE ( 'NONE', #1297, #2457 ) ;
#16 = FACE_OUTER_BOUND ( 'NONE', #297, .T. ) ;
#17 = CARTESIAN_POINT ( 'NONE',  ( 9.124411323332417112, -5.450359574085060999, 26.59686423490000351 ) ) ;
#18 = EDGE_CURVE ( 'NONE', #982, #1245, #1787, .T. ) ;
#19 = ORIENTED_EDGE ( 'NONE', *, *, #2418, .F. ) ;
#20 = CARTESIAN_POINT ( 'NONE',  ( 9.659902648588108320, -8.981050890637046535, 19.00970972851450824 ) ) ;
#21 = CARTESIAN_POINT ( 'NONE',  ( 128.9910702685402271, 38.99999999999995737, -80.95677859203634341 ) ) ;
#22 = CARTESIAN_POINT ( 'NONE',  ( 9.481555226439285278, -8.972248079558951872, 18.86163468191042369 ) ) ;
#23 = ORIENTED_EDGE ( 'NONE', *, *, #2231, .T. ) ;
#24 = LINE ( 'NONE', #2774, #1165 ) ;
#25 = LINE ( 'NONE', #1968, #2373 ) ;
#26 = ORIENTED_EDGE ( 'NONE', *, *, #1997, .F. ) ;
#27 = CARTESIAN_POINT ( 'NONE',  ( 20.65698164548375360, -9.523840955411669640, 2.000000000000000000 ) ) ;
#28 = CARTESIAN_POINT ( 'NONE',  ( 7.514337662537125873, 37.87515082771231789, 19.04428699408745373 ) ) ;
#29 = PRODUCT_RELATED_PRODUCT_CATEGORY ( 'part', '', ( #799 ) ) ;
#30 = DIRECTION ( 'NONE',  ( -0.000000000000000000, -0.000000000000000000, -1.000000000000000000 ) ) ;
#31 = DIRECTION ( 'NONE',  ( 0.000000000000000000, -1.000000000000000000, 0.000000000000000000 ) ) ;
#32 = EDGE_LOOP ( 'NONE', ( #495, #915, #1852, #35 ) ) ;
#33 = CARTESIAN_POINT ( 'NONE',  ( 94.30280558860737017, 6.499999999999979572, 28.64362907087304677 ) ) ;
#34 = CARTESIAN_POINT ( 'NONE',  ( 9.482597327261313325, -8.972299515214988475, 18.86318850590524576 ) ) ;
#35 = ORIENTED_EDGE ( 'NONE', *, *, #650, .T. ) ;
#36 = LINE ( 'NONE', #2138, #1085 ) ;
#37 = EDGE_CURVE ( 'NONE', #478, #777, #2476, .T. ) ;
#38 = VECTOR ( 'NONE', #1766, 1000.000000000000000 ) ;
#39 = VERTEX_POINT ( 'NONE', #555 ) ;
#40 = DIRECTION ( 'NONE',  ( -0.000000000000000000, -1.000000000000000000, -0.000000000000000000 ) ) ;
#41 = CARTESIAN_POINT ( 'NONE',  ( 6.425538055867515475, 34.31715014703821964, 26.54307755150734494 ) ) ;
#42 = VECTOR ( 'NONE', #2672, 1000.000000000000227 ) ;
#43 = CARTESIAN_POINT ( 'NONE',  ( 99.62426922727563294, -3.409307851344558937, 19.04428699408775216 ) ) ;
#44 = DIRECTION ( 'NONE',  ( 1.000000000000000000, 0.000000000000000000, -1.831421683582305556E-16 ) ) ;
#45 = ORIENTED_EDGE ( 'NONE', *, *, #574, .T. ) ;
#46 = CARTESIAN_POINT ( 'NONE',  ( 27.74020926601027170, 38.87345248225837935, 13.99999999999999822 ) ) ;
#47 = CARTESIAN_POINT ( 'NONE',  ( 3.751773586392767257, -5.185179256296185812, 23.64414569388116405 ) ) ;
#48 = VERTEX_POINT ( 'NONE', #2684 ) ;
#49 = ADVANCED_FACE ( 'NONE', ( #2045 ), #2020, .F. ) ;
#50 = ORIENTED_EDGE ( 'NONE', *, *, #1295, .T. ) ;
#51 = CARTESIAN_POINT ( 'NONE',  ( 2.407430761710035728E-42, -5.000000000000000000, 0.000000000000000000 ) ) ;
#52 = CARTESIAN_POINT ( 'NONE',  ( 4.762296481439681095, 34.23505607468369050, 26.08471006013713023 ) ) ;
#53 = DIRECTION ( 'NONE',  ( -0.9987841318987268346, -0.04929764565683236038, 0.000000000000000000 ) ) ;
#54 = DIRECTION ( 'NONE',  ( -7.161174186840735016E-31, 1.000000000000000000, -0.000000000000000000 ) ) ;
#55 = EDGE_LOOP ( 'NONE', ( #1274, #866, #1979, #23, #1371, #1188, #2325 ) ) ;
#56 = CARTESIAN_POINT ( 'NONE',  ( 22.82709166908013287, -10.00000000000000000, 0.000000000000000000 ) ) ;
#57 = CARTESIAN_POINT ( 'NONE',  ( 4.125925583539885366, -5.203646700498448574, 24.07796228834011387 ) ) ;
#58 = ORIENTED_EDGE ( 'NONE', *, *, #1173, .F. ) ;
#59 = CARTESIAN_POINT ( 'NONE',  ( 6.944536199185966652, -5.342766043096514927, 26.03753446298507512 ) ) ;
#60 = VERTEX_POINT ( 'NONE', #1581 ) ;
#61 = CARTESIAN_POINT ( 'NONE',  ( 20.65698164548375360, -9.523840955411669640, 14.00000000000000000 ) ) ;
#62 = CARTESIAN_POINT ( 'NONE',  ( 99.13129277070730438, -13.39714917033188257, 2.000000000000000000 ) ) ;
#63 = FACE_OUTER_BOUND ( 'NONE', #32, .T. ) ;
#64 = CARTESIAN_POINT ( 'NONE',  ( 7.711988600181808096, -5.380645696281289858, 26.30972971690865947 ) ) ;
#65 = ORIENTED_EDGE ( 'NONE', *, *, #2333, .T. ) ;
#66 = EDGE_CURVE ( 'NONE', #60, #1406, #2432, .T. ) ;
#67 = DIRECTION ( 'NONE',  ( 0.000000000000000000, -1.000000000000000000, 4.475586568020162935E-14 ) ) ;
#68 = CARTESIAN_POINT ( 'NONE',  ( 3.371137523382924606, -5.166391491105406963, 23.12525133557312174 ) ) ;
#69 = VERTEX_POINT ( 'NONE', #509 ) ;
#70 = ORIENTED_EDGE ( 'NONE', *, *, #954, .F. ) ;
#71 = CARTESIAN_POINT ( 'NONE',  ( 99.62426922727563294, -3.409307851344558937, 19.04428699408775216 ) ) ;
#72 = VECTOR ( 'NONE', #1077, 1000.000000000000000 ) ;
#73 = PLANE ( 'NONE',  #449 ) ;
#74 = VECTOR ( 'NONE', #479, 1000.000000000000000 ) ;
#75 = CARTESIAN_POINT ( 'NONE',  ( 2.519534638856021094E-42, 1.804282641862683498E-72, 0.000000000000000000 ) ) ;
#76 = CARTESIAN_POINT ( 'NONE',  ( 7.141186342866772563, 37.85673295247181613, 18.66325331855938074 ) ) ;
#77 = VECTOR ( 'NONE', #1647, 1000.000000000000000 ) ;
#78 = ORIENTED_EDGE ( 'NONE', *, *, #1374, .F. ) ;
#79 = CARTESIAN_POINT ( 'NONE',  ( 0.7617448817339760314, 34.03759794340058420, 22.59954926256188656 ) ) ;
#80 = EDGE_CURVE ( 'NONE', #1963, #1793, #110, .T. ) ;
#81 = CARTESIAN_POINT ( 'NONE',  ( 6.278604186382059638, -8.814157917344681792, 22.17907144647384499 ) ) ;
#82 = CARTESIAN_POINT ( 'NONE',  ( 9.827458240201140782, -8.989321042233726189, 19.04428699408769177 ) ) ;
#83 = APPLICATION_PROTOCOL_DEFINITION ( 'draft international standard', 'automotive_design', 1998, #1146 ) ;
#84 = EDGE_CURVE ( 'NONE', #232, #1309, #160, .T. ) ;
#85 = CARTESIAN_POINT ( 'NONE',  ( 6.968070200923577318, -5.343927626307033663, 26.04721371527189433 ) ) ;
#86 = CARTESIAN_POINT ( 'NONE',  ( 8.318288518040912294, -8.914831959134634332, 23.41764219513217071 ) ) ;
#87 = CARTESIAN_POINT ( 'NONE',  ( 9.421999628322327069, -8.969308554711604486, 18.71646550622604721 ) ) ;
#88 = ORIENTED_EDGE ( 'NONE', *, *, #2694, .T. ) ;
#89 = LINE ( 'NONE', #930, #2510 ) ;
#90 = DIRECTION ( 'NONE',  ( -0.000000000000000000, 1.000000000000000000, -0.000000000000000000 ) ) ;
#91 = CARTESIAN_POINT ( 'NONE',  ( 2.804988847948774122, 37.64270839924221690, 20.25821178035538850 ) ) ;
#92 = ORIENTED_EDGE ( 'NONE', *, *, #2577, .T. ) ;
#93 = CARTESIAN_POINT ( 'NONE',  ( 3.351316797614304566, -5.165413148543422928, 23.09581012350132667 ) ) ;
#94 = CARTESIAN_POINT ( 'NONE',  ( -0.2244850451364516219, 33.98891994390260862, 19.57967802101202892 ) ) ;
#95 = ADVANCED_FACE ( 'NONE', ( #1382 ), #1424, .T. ) ;
#96 = CARTESIAN_POINT ( 'NONE',  ( 9.537290458490137013, -8.974999040084346902, 18.92818200888851976 ) ) ;
#97 = CARTESIAN_POINT ( 'NONE',  ( 9.720287631418301544, -8.984031351971466961, 19.04428699408769532 ) ) ;
#98 = CARTESIAN_POINT ( 'NONE',  ( 5.521245864905720779, 37.77677648428515056, 23.23133773732989482 ) ) ;
#99 = CARTESIAN_POINT ( 'NONE',  ( 9.704618436478217092, -8.983257957205559308, 19.02607975074710822 ) ) ;
#100 = CARTESIAN_POINT ( 'NONE',  ( 4.912521855869690590, -8.746731292795047352, 19.62603465030437988 ) ) ;
#101 = EDGE_LOOP ( 'NONE', ( #2602, #2310, #1464, #2599 ) ) ;
#102 = DIRECTION ( 'NONE',  ( -0.9987841318987268346, 0.04929764565683240896, 0.000000000000000000 ) ) ;
#103 = EDGE_CURVE ( 'NONE', #1138, #1133, #1830, .T. ) ;
#104 = CARTESIAN_POINT ( 'NONE',  ( 7.169517333312819929, 37.85813130381072966, 18.79728294981774539 ) ) ;
#105 = CARTESIAN_POINT ( 'NONE',  ( 22.82709166908013287, 35.12669178507974266, 0.000000000000000000 ) ) ;
#106 = ORIENTED_EDGE ( 'NONE', *, *, #1717, .T. ) ;
#107 = CARTESIAN_POINT ( 'NONE',  ( 4.294729858229550779, -5.211977807797493867, 24.25369254153816101 ) ) ;
#108 = DIRECTION ( 'NONE',  ( 2.730747998710658141E-15, -4.467556582838013752E-14, -1.000000000000000000 ) ) ;
#109 = CARTESIAN_POINT ( 'NONE',  ( 4.399017070517445838, -5.217123321314534934, 24.35752495142033780 ) ) ;
#110 = LINE ( 'NONE', #1595, #2673 ) ;
#111 = CARTESIAN_POINT ( 'NONE',  ( 6.160122468315568867, 34.30404855058992553, 26.49531750173269984 ) ) ;
#112 = CARTESIAN_POINT ( 'NONE',  ( 9.706609519068953418, -8.983356232379234640, 19.02667886154260302 ) ) ;
#113 = CARTESIAN_POINT ( 'NONE',  ( 2.225002384344275885, -5.109820640527047431, 20.54157097395825815 ) ) ;
#114 = ORIENTED_EDGE ( 'NONE', *, *, #1190, .T. ) ;
#115 = CARTESIAN_POINT ( 'NONE',  ( 4.663068538654908224, 34.23015814243574084, 26.04457679227966693 ) ) ;
#116 = ADVANCED_FACE ( 'NONE', ( #2237 ), #2060, .F. ) ;
#117 = AXIS2_PLACEMENT_3D ( 'NONE', #599, #1918, #827 ) ;
#118 = CARTESIAN_POINT ( 'NONE',  ( -0.02921122757589628138, 33.99855767172958565, 20.63271331084080629 ) ) ;
#119 = AXIS2_PLACEMENT_3D ( 'NONE', #336, #2030, #2057 ) ;
#120 = CARTESIAN_POINT ( 'NONE',  ( 2.407430761710035728E-42, -5.000000000000000000, 0.000000000000000000 ) ) ;
#121 = ORIENTED_EDGE ( 'NONE', *, *, #2520, .F. ) ;
#122 = CARTESIAN_POINT ( 'NONE',  ( 2.710594793196973828, -5.133788610938632146, 21.94738982361389290 ) ) ;
#123 = AXIS2_PLACEMENT_3D ( 'NONE', #1896, #2749, #834 ) ;
#124 = CARTESIAN_POINT ( 'NONE',  ( 0.3715922051574672702, 34.01834092099936413, 21.80543142578262206 ) ) ;
#125 = VECTOR ( 'NONE', #2025, 1000.000000000000000 ) ;
#126 = CARTESIAN_POINT ( 'NONE',  ( 6.452238581833650954, -8.822728104462635557, 22.34483467883375241 ) ) ;
#127 = DIRECTION ( 'NONE',  ( -0.000000000000000000, -0.000000000000000000, -1.000000000000000000 ) ) ;
#128 = CARTESIAN_POINT ( 'NONE',  ( 3.399473641262732659, 34.16779090265435315, 25.38661549784098170 ) ) ;
#129 = CARTESIAN_POINT ( 'NONE',  ( 9.666005655938272767, -8.981352120786963766, 19.01227133044077178 ) ) ;
#130 = CARTESIAN_POINT ( 'NONE',  ( 2.319633765589134367, -5.114492059453896289, 20.89062560144667557 ) ) ;
#131 = ORIENTED_EDGE ( 'NONE', *, *, #80, .F. ) ;
#132 = CARTESIAN_POINT ( 'NONE',  ( 6.425537645228167172, 34.31714948993721492, 26.54307802759615598 ) ) ;
#133 = CARTESIAN_POINT ( 'NONE',  ( 136.3014027943036979, 38.99999999999995737, 0.000000000000000000 ) ) ;
#134 = EDGE_CURVE ( 'NONE', #2197, #982, #782, .T. ) ;
#135 = PLANE ( 'NONE',  #1876 ) ;
#136 = DIRECTION ( 'NONE',  ( -0.5202576841382980932, -0.8540093337282999020, 0.000000000000000000 ) ) ;
#137 = VERTEX_POINT ( 'NONE', #1171 ) ;
#138 = CARTESIAN_POINT ( 'NONE',  ( 2.135132707629793458, -5.105385150093388447, 20.12094376291110009 ) ) ;
#139 = CARTESIAN_POINT ( 'NONE',  ( 27.74020926601027170, 38.87345248225837935, 13.99999999999999822 ) ) ;
#140 = EDGE_CURVE ( 'NONE', #1742, #2547, #1247, .T. ) ;
#141 = ORIENTED_EDGE ( 'NONE', *, *, #2402, .F. ) ;
#142 = CARTESIAN_POINT ( 'NONE',  ( 9.573893552666973505, -8.976805683090621102, 18.95936077324251556 ) ) ;
#143 = DIRECTION ( 'NONE',  ( 7.161174186840735016E-31, -1.000000000000000000, 0.000000000000000000 ) ) ;
#144 = CARTESIAN_POINT ( 'NONE',  ( 4.797827833141624865, 34.23680923176327440, 26.09872366489624795 ) ) ;
#145 = CARTESIAN_POINT ( 'NONE',  ( 8.130505612611992561, -8.905563434699187653, 23.35482311552626200 ) ) ;
#146 = CARTESIAN_POINT ( 'NONE',  ( 4.918493450177086501, -8.747026036704939500, 19.65544110050253579 ) ) ;
#147 = VERTEX_POINT ( 'NONE', #2279 ) ;
#148 = CARTESIAN_POINT ( 'NONE',  ( 76.50000000000000000, 21.99999999999998579, 8.643629070873043219 ) ) ;
#149 = DIRECTION ( 'NONE',  ( -0.9987841318987268346, -0.04929764565683236732, -0.000000000000000000 ) ) ;
#150 = DIRECTION ( 'NONE',  ( 0.9987841318987268346, 0.04929764565683236038, 0.000000000000000000 ) ) ;
#151 = DIRECTION ( 'NONE',  ( -3.251012437233575605E-43, 1.000000000000000000, -0.000000000000000000 ) ) ;
#152 = EDGE_CURVE ( 'NONE', #2116, #723, #1217, .T. ) ;
#153 = CARTESIAN_POINT ( 'NONE',  ( 6.965706073522047070, -8.848071657341710861, 22.75422177091969900 ) ) ;
#154 = LINE ( 'NONE', #396, #439 ) ;
#155 = CARTESIAN_POINT ( 'NONE',  ( 2.084079629740068107, 34.10286403527329213, 24.32883970843545285 ) ) ;
#156 = CARTESIAN_POINT ( 'NONE',  ( 7.756405414403188203, -5.382837961277366468, 26.32279531786623039 ) ) ;
#157 = CARTESIAN_POINT ( 'NONE',  ( 2.928784577053609617, -5.144557886518714263, 22.38910084189514649 ) ) ;
#158 = ORIENTED_EDGE ( 'NONE', *, *, #3, .F. ) ;
#159 = CARTESIAN_POINT ( 'NONE',  ( 4.762295410960618369, 34.23505574846925725, 26.08470987598709101 ) ) ;
#160 = B_SPLINE_CURVE_WITH_KNOTS ( 'NONE', 3,
 ( #82, #97, #338, #2444, #1198, #953 ),
 .UNSPECIFIED., .F., .F.,
 ( 4, 2, 4 ),
 ( 0.000000000000000000, 0.0003197750111906487837, 0.0006395500223812975674 ),
 .UNSPECIFIED. ) ;
#161 = CARTESIAN_POINT ( 'NONE',  ( 61.50000000000000000, 6.999999999999981348, 28.64362907087304322 ) ) ;
#162 = VECTOR ( 'NONE', #1317, 1000.000000000000000 ) ;
#163 = DIRECTION ( 'NONE',  ( -7.161174186840735016E-31, 1.000000000000000000, -0.000000000000000000 ) ) ;
#164 = CARTESIAN_POINT ( 'NONE',  ( 28.30000000000001847, 2.026612294875929794E-29, 11.99999999999999645 ) ) ;
#165 = AXIS2_PLACEMENT_3D ( 'NONE', #1624, #108, #520 ) ;
#166 = ADVANCED_FACE ( 'NONE', ( #1609 ), #769, .F. ) ;
#167 = VECTOR ( 'NONE', #892, 1000.000000000000000 ) ;
#168 = ORIENTED_EDGE ( 'NONE', *, *, #1790, .T. ) ;
#169 = CARTESIAN_POINT ( 'NONE',  ( 9.598370901683829004, -8.978013827713583694, 18.97672256678164970 ) ) ;
#170 = CARTESIAN_POINT ( 'NONE',  ( 28.30000000000001847, 2.026612294875929794E-29, 23.64362907087304322 ) ) ;
#171 = CARTESIAN_POINT ( 'NONE',  ( 4.033102148604225334, 37.70332519559354267, 22.21911877884237185 ) ) ;
#172 = VECTOR ( 'NONE', #906, 1000.000000000000000 ) ;
#173 = CARTESIAN_POINT ( 'NONE',  ( 9.033174324380620845, -8.950117048315068047, 23.58739094132217318 ) ) ;
#174 = CARTESIAN_POINT ( 'NONE',  ( 5.397446834132669125, -8.770666054056338368, 20.98581731850028120 ) ) ;
#175 = VERTEX_POINT ( 'NONE', #1938 ) ;
#176 = CARTESIAN_POINT ( 'NONE',  ( 5.975139112907824845, 34.29491887318874177, 26.45812334851357406 ) ) ;
#177 = DIRECTION ( 'NONE',  ( 0.5202576841382979822, -0.8540093337282999020, 0.000000000000000000 ) ) ;
#178 = CARTESIAN_POINT ( 'NONE',  ( 28.30000000000001847, 2.026612294875929794E-29, 0.000000000000000000 ) ) ;
#179 = CARTESIAN_POINT ( 'NONE',  ( -1.027151774350089639E-41, 33.99999999999995737, 136.1735104717425315 ) ) ;
#180 = CYLINDRICAL_SURFACE ( 'NONE', #1478, 2.549999999999996714 ) ;
#181 = CARTESIAN_POINT ( 'NONE',  ( 9.779122665353105148, -5.482674592631755495, 26.64157412173537764 ) ) ;
#182 = CARTESIAN_POINT ( 'NONE',  ( 5.432445546416996507, -5.268126686639567957, 25.21321379299337195 ) ) ;
#183 = DIRECTION ( 'NONE',  ( -1.000000000000000000, -7.161174186840735016E-31, 1.180299950352687285E-46 ) ) ;
#184 = CARTESIAN_POINT ( 'NONE',  ( 4.110831728842012645, 37.70716174563598599, 22.29514745124540909 ) ) ;
#185 = CARTESIAN_POINT ( 'NONE',  ( 5.556457646882561718, -5.274253736553141003, 25.29696917656330513 ) ) ;
#186 = CARTESIAN_POINT ( 'NONE',  ( 9.827458240201142559, -8.989321042233724413, 19.04428699408768821 ) ) ;
#187 = CARTESIAN_POINT ( 'NONE',  ( 2.458111057125001775, -5.121326848370745921, 21.32204057807164688 ) ) ;
#188 = EDGE_LOOP ( 'NONE', ( #2341, #2562, #1142, #1731 ) ) ;
#189 = DIRECTION ( 'NONE',  ( 0.000000000000000000, 0.000000000000000000, -1.000000000000000000 ) ) ;
#190 = ADVANCED_FACE ( 'NONE', ( #426 ), #198, .F. ) ;
#191 = ORIENTED_EDGE ( 'NONE', *, *, #1137, .T. ) ;
#192 = CARTESIAN_POINT ( 'NONE',  ( 3.146753088849262081, -5.155316362954955878, 22.77597873356811320 ) ) ;
#193 = CARTESIAN_POINT ( 'NONE',  ( 0.9723897185506615859, 34.04799487922782930, 22.94505355644922062 ) ) ;
#194 = CARTESIAN_POINT ( 'NONE',  ( -1.017341990153087252E-15, -4.999999999999999112, 24.50149344714209576 ) ) ;
#195 = CARTESIAN_POINT ( 'NONE',  ( 1.339745962155608483, 33.99999999999995737, 23.64362907087304322 ) ) ;
#196 = VERTEX_POINT ( 'NONE', #1051 ) ;
#197 = CARTESIAN_POINT ( 'NONE',  ( 9.629979148159955926, -8.979573936734988493, 18.99548169959233945 ) ) ;
#198 = PLANE ( 'NONE',  #2227 ) ;
#199 = CARTESIAN_POINT ( 'NONE',  ( 1.162151830905732375, 34.05736068900171176, 23.23083832854216979 ) ) ;
#200 = CARTESIAN_POINT ( 'NONE',  ( 91.75280558860737301, 22.49999999999997868, 28.64362907087304677 ) ) ;
#201 = CARTESIAN_POINT ( 'NONE',  ( 5.074046404315712522, -8.754703766225356176, 20.23424419285086628 ) ) ;
#202 = VERTEX_POINT ( 'NONE', #1682 ) ;
#203 = LINE ( 'NONE', #2366, #2378 ) ;
#204 = VERTEX_POINT ( 'NONE', #1084 ) ;
#205 = DIRECTION ( 'NONE',  ( 0.000000000000000000, -0.000000000000000000, 1.000000000000000000 ) ) ;
#206 = LINE ( 'NONE', #2344, #2015 ) ;
#207 = EDGE_CURVE ( 'NONE', #2422, #1102, #2768, .T. ) ;
#208 = CARTESIAN_POINT ( 'NONE',  ( 20.65698164548375360, -9.523840955411669640, 14.00000000000000000 ) ) ;
#209 = DIRECTION ( 'NONE',  ( 0.04929764565683238120, -0.9987841318987268346, 0.000000000000000000 ) ) ;
#210 = EDGE_CURVE ( 'NONE', #2379, #1056, #1453, .T. ) ;
#211 = ORIENTED_EDGE ( 'NONE', *, *, #2513, .T. ) ;
#212 = CARTESIAN_POINT ( 'NONE',  ( 9.587295343678643889, -8.977467164108750453, 18.96922895028633249 ) ) ;
#213 = AXIS2_PLACEMENT_3D ( 'NONE', #1848, #2712, #1184 ) ;
#214 = CARTESIAN_POINT ( 'NONE',  ( -1.027151774350089639E-41, 33.99999999999995737, 0.000000000000000000 ) ) ;
#215 = VECTOR ( 'NONE', #2486, 1000.000000000000000 ) ;
#216 = CARTESIAN_POINT ( 'NONE',  ( 9.735712833501274588, -8.984792703821366189, 19.03425144718549689 ) ) ;
#217 = CARTESIAN_POINT ( 'NONE',  ( 2.890877085087526499, -5.142687167309595075, 22.31722654415379736 ) ) ;
#218 = EDGE_LOOP ( 'NONE', ( #2466, #1038, #349, #912 ) ) ;
#219 = FILL_AREA_STYLE ('',( #865 ) ) ;
#220 = AXIS2_PLACEMENT_3D ( 'NONE', #1737, #1252, #2738 ) ;
#221 = VECTOR ( 'NONE', #300, 1000.000000000000227 ) ;
#222 = ORIENTED_EDGE ( 'NONE', *, *, #2211, .T. ) ;
#223 = CARTESIAN_POINT ( 'NONE',  ( 91.75280558860737301, 6.499999999999979572, 88.00000000000001421 ) ) ;
#224 = ADVANCED_FACE ( 'NONE', ( #2306 ), #1066, .F. ) ;
#225 = LINE ( 'NONE', #208, #2233 ) ;
#226 = CARTESIAN_POINT ( 'NONE',  ( 136.3014027943036979, -22.00000000000000000, 28.64362907087304322 ) ) ;
#227 = ORIENTED_EDGE ( 'NONE', *, *, #2333, .F. ) ;
#228 = CARTESIAN_POINT ( 'NONE',  ( 9.663714315324604343, -8.981239025580459057, 19.01131724209922069 ) ) ;
#229 = EDGE_CURVE ( 'NONE', #1245, #982, #2584, .T. ) ;
#230 = DIRECTION ( 'NONE',  ( -3.251012437233575605E-43, 1.000000000000000000, 0.000000000000000000 ) ) ;
#231 = CARTESIAN_POINT ( 'NONE',  ( 9.482365066301978729, -8.972288051357976357, 18.86284359658431953 ) ) ;
#232 = VERTEX_POINT ( 'NONE', #813 ) ;
#233 = PRESENTATION_STYLE_ASSIGNMENT (( #903 ) ) ;
#234 = ORIENTED_EDGE ( 'NONE', *, *, #1153, .F. ) ;
#235 = CARTESIAN_POINT ( 'NONE',  ( -1.027151774350089639E-41, 33.99999999999995737, 11.99999999999999645 ) ) ;
#236 = LINE ( 'NONE', #1508, #167 ) ;
#237 = CARTESIAN_POINT ( 'NONE',  ( 6.252712838377252780, -5.308619262216613066, 25.71377314297609473 ) ) ;
#238 = CARTESIAN_POINT ( 'NONE',  ( 99.30383453050622222, -9.901404708686337486, 2.000000000000000000 ) ) ;
#239 = DIRECTION ( 'NONE',  ( 1.000000000000000000, 0.000000000000000000, 0.000000000000000000 ) ) ;
#240 = ORIENTED_EDGE ( 'NONE', *, *, #594, .T. ) ;
#241 = FACE_OUTER_BOUND ( 'NONE', #1095, .T. ) ;
#242 = ADVANCED_FACE ( 'NONE', ( #2146 ), #1497, .T. ) ;
#243 = CARTESIAN_POINT ( 'NONE',  ( 5.661681748696727468, -8.783708070616595975, 21.42778773473735399 ) ) ;
#244 = EDGE_LOOP ( 'NONE', ( #2365, #168, #1000, #506 ) ) ;
#245 = CARTESIAN_POINT ( 'NONE',  ( 6.618358690841676939, -5.326666685173182536, 25.89530913298885650 ) ) ;
#246 = ORIENTED_EDGE ( 'NONE', *, *, #1889, .F. ) ;
#247 = CARTESIAN_POINT ( 'NONE',  ( 96.85280558860736733, 6.499999999999979572, 28.64362907087304677 ) ) ;
#248 = DIRECTION ( 'NONE',  ( -1.000000000000000000, 0.000000000000000000, 0.000000000000000000 ) ) ;
#249 = CARTESIAN_POINT ( 'NONE',  ( 6.127058954584744477, -5.302417280786620779, 25.64574197349021389 ) ) ;
#250 = LINE ( 'NONE', #1361, #2590 ) ;
#251 = CARTESIAN_POINT ( 'NONE',  ( 18.29122399891002715, 38.40707269844202898, 14.00000000000000000 ) ) ;
#252 = EDGE_LOOP ( 'NONE', ( #343, #2304, #2130, #2125 ) ) ;
#253 = DIRECTION ( 'NONE',  ( 1.000000000000000000, 0.000000000000000000, 0.000000000000000000 ) ) ;
#254 = EDGE_CURVE ( 'NONE', #1120, #196, #2104, .T. ) ;
#255 = AXIS2_PLACEMENT_3D ( 'NONE', #884, #2186, #2208 ) ;
#256 = CARTESIAN_POINT ( 'NONE',  ( 9.494096083125766583, -8.972867066875050313, 18.87954678328121361 ) ) ;
#257 = ORIENTED_EDGE ( 'NONE', *, *, #3, .T. ) ;
#258 = VECTOR ( 'NONE', #1667, 1000.000000000000227 ) ;
#259 = CARTESIAN_POINT ( 'NONE',  ( 6.958873084660213593, -5.343473678187383058, 26.04344431862277531 ) ) ;
#260 = AXIS2_PLACEMENT_3D ( 'NONE', #1091, #1764, #420 ) ;
#261 = VERTEX_POINT ( 'NONE', #1240 ) ;
#262 = CARTESIAN_POINT ( 'NONE',  ( 10.00000000000000000, 28.99999999999996092, 18.64362907087305388 ) ) ;
#263 = CARTESIAN_POINT ( 'NONE',  ( 91.75280558860737301, 6.499999999999979572, 0.000000000000000000 ) ) ;
#264 = VECTOR ( 'NONE', #867, 1000.000000000000000 ) ;
#265 = LINE ( 'NONE', #2182, #1081 ) ;
#266 = DIRECTION ( 'NONE',  ( 0.000000000000000000, -0.000000000000000000, 1.000000000000000000 ) ) ;
#267 = EDGE_LOOP ( 'NONE', ( #2635, #246, #12, #1727 ) ) ;
#268 = DIRECTION ( 'NONE',  ( 1.000000000000000000, 0.000000000000000000, 0.000000000000000000 ) ) ;
#269 = CARTESIAN_POINT ( 'NONE',  ( 4.034207735754829827, -5.199118608132455854, 23.97772239927601845 ) ) ;
#270 = ORIENTED_EDGE ( 'NONE', *, *, #2231, .F. ) ;
#271 = B_SPLINE_CURVE_WITH_KNOTS ( 'NONE', 3,
 ( #2219, #322, #2430, #767, #94, #1422, #1154, #2261, #1999, #2458, #2234, #724, #1395, #2442, #936, #2662, #537, #963, #2696, #124, #993, #1789, #2636, #79, #1182, #2016 ),
 .UNSPECIFIED., .F., .F.,
 ( 4, 2, 2, 2, 2, 2, 2, 2, 2, 2, 2, 2, 4 ),
 ( 0.000000000000000000, 0.1250000000000005829, 0.2500000000000011657, 0.3125000000000003331, 0.3437499999999999445, 0.3749999999999995004, 0.4999999999999977796, 0.6249999999999960032, 0.6874999999999952260, 0.7187499999999947820, 0.7499999999999943379, 0.8749999999999972244, 1.000000000000000000 ),
 .UNSPECIFIED. ) ;
#272 = CARTESIAN_POINT ( 'NONE',  ( 7.012716127082303963, -5.346131244664093174, 26.06542016909405035 ) ) ;
#273 = ORIENTED_EDGE ( 'NONE', *, *, #2099, .T. ) ;
#274 = CARTESIAN_POINT ( 'NONE',  ( 22.82709166908013287, -6.126691785079787955, 136.1735104717425315 ) ) ;
#275 = DIRECTION ( 'NONE',  ( -0.9987841318987268346, -0.04929764565683240202, -0.000000000000000000 ) ) ;
#276 = CARTESIAN_POINT ( 'NONE',  ( 0.07944433113116729228, 34.00392171661859209, 21.01796734846230663 ) ) ;
#277 = CARTESIAN_POINT ( 'NONE',  ( 7.741459247581778946, -5.382100298418433404, 26.31846236537656125 ) ) ;
#278 = ORIENTED_EDGE ( 'NONE', *, *, #210, .F. ) ;
#279 = LINE ( 'NONE', #2401, #74 ) ;
#280 = CARTESIAN_POINT ( 'NONE',  ( 9.482017510363812463, -8.972270896810826457, 18.86232576176119125 ) ) ;
#281 = ORIENTED_EDGE ( 'NONE', *, *, #391, .F. ) ;
#282 = CARTESIAN_POINT ( 'NONE',  ( 0.000000000000000000, 0.000000000000000000, 0.000000000000000000 ) ) ;
#283 = DIRECTION ( 'NONE',  ( -0.000000000000000000, -0.000000000000000000, 1.000000000000000000 ) ) ;
#284 = ORIENTED_EDGE ( 'NONE', *, *, #1790, .F. ) ;
#285 = DIRECTION ( 'NONE',  ( 3.351484009356397031E-15, -4.333825974220648412E-15, 1.000000000000000000 ) ) ;
#286 = CARTESIAN_POINT ( 'NONE',  ( 101.3014027943036979, -10.00000000000000000, 0.000000000000000000 ) ) ;
#287 = CARTESIAN_POINT ( 'NONE',  ( 7.154386759329138812, 37.85738449411380913, 18.75079238425263384 ) ) ;
#288 = EDGE_CURVE ( 'NONE', #1793, #1331, #1286, .T. ) ;
#289 = CARTESIAN_POINT ( 'NONE',  ( 7.635388379253216229, -5.376864888769466333, 26.28640762874896097 ) ) ;
#290 = ORIENTED_EDGE ( 'NONE', *, *, #1912, .F. ) ;
#291 = DIRECTION ( 'NONE',  ( 7.161174186840735016E-31, -1.000000000000000000, 0.000000000000000000 ) ) ;
#292 = ADVANCED_FACE ( 'NONE', ( #1902, #1654 ), #2504, .F. ) ;
#293 = CARTESIAN_POINT ( 'NONE',  ( 4.415407586621979519, -5.217935082739344921, 24.37351069142016158 ) ) ;
#294 = DIRECTION ( 'NONE',  ( 5.782411586589357639E-16, -0.000000000000000000, 1.000000000000000000 ) ) ;
#295 = AXIS2_PLACEMENT_3D ( 'NONE', #2542, #1482, #2336 ) ;
#296 = CARTESIAN_POINT ( 'NONE',  ( 9.697088747022863942, -8.982886309368129929, 19.02371569073918067 ) ) ;
#297 = EDGE_LOOP ( 'NONE', ( #257, #2292, #832, #1721, #2523, #2647, #974, #2400 ) ) ;
#298 = CARTESIAN_POINT ( 'NONE',  ( 1.825026503998540051, -8.594339752959211154, 2.000000000000000000 ) ) ;
#299 = VECTOR ( 'NONE', #2088, 1000.000000000000000 ) ;
#300 = DIRECTION ( 'NONE',  ( 0.04929764565683238120, -0.9987841318987268346, -0.000000000000000000 ) ) ;
#301 = VECTOR ( 'NONE', #2258, 1000.000000000000000 ) ;
#302 = EDGE_CURVE ( 'NONE', #857, #1167, #2294, .T. ) ;
#303 = CARTESIAN_POINT ( 'NONE',  ( -0.1135134163769357524, 33.99439706117721727, 20.25514055211870357 ) ) ;
#304 = VECTOR ( 'NONE', #462, 1000.000000000000000 ) ;
#305 = CARTESIAN_POINT ( 'NONE',  ( 96.38410950014646517, 42.26155463783860711, 2.000000000000000000 ) ) ;
#306 = ORIENTED_EDGE ( 'NONE', *, *, #363, .F. ) ;
#307 = CARTESIAN_POINT ( 'NONE',  ( 2.556220247316403960, -5.126169044890074744, 21.58101757869727777 ) ) ;
#308 = CARTESIAN_POINT ( 'NONE',  ( 30.15211817307866937, -9.992498657362508752, 2.000000000000000000 ) ) ;
#309 = CARTESIAN_POINT ( 'NONE',  ( 6.282696730352683723, -8.814359915730577200, 22.18316297229575440 ) ) ;
#310 = CARTESIAN_POINT ( 'NONE',  ( 96.85280558860736733, 6.499999999999979572, 88.00000000000001421 ) ) ;
#311 =( LENGTH_UNIT ( ) NAMED_UNIT ( * ) SI_UNIT ( .MILLI., .METRE. ) );
#312 = CARTESIAN_POINT ( 'NONE',  ( 6.340159964213717636, 37.81719616637839465, 23.50995213428141994 ) ) ;
#313 = CARTESIAN_POINT ( 'NONE',  ( 9.703425963120285047, -8.983199099513312191, 19.02571506017636338 ) ) ;
#314 = CARTESIAN_POINT ( 'NONE',  ( 9.418662134366329042, -8.969143823826151163, 18.69685597896345186 ) ) ;
#315 = ORIENTED_EDGE ( 'NONE', *, *, #1622, .T. ) ;
#316 = CARTESIAN_POINT ( 'NONE',  ( 76.50000000000000000, 21.99999999999998579, 8.643629070873043219 ) ) ;
#317 = DIRECTION ( 'NONE',  ( 0.000000000000000000, 0.000000000000000000, -1.000000000000000000 ) ) ;
#318 = DIRECTION ( 'NONE',  ( -1.000000000000000000, 0.000000000000000000, 0.000000000000000000 ) ) ;
#319 = LINE ( 'NONE', #2054, #447 ) ;
#320 = EDGE_LOOP ( 'NONE', ( #1745, #2540, #2200, #1356, #1387 ) ) ;
#321 = CARTESIAN_POINT ( 'NONE',  ( 2.458107776398242628, -5.121326443099185610, 21.32203239026764408 ) ) ;
#322 = CARTESIAN_POINT ( 'NONE',  ( -0.2766563684975341664, 33.98634488956363953, 18.79916257063109697 ) ) ;
#323 = CARTESIAN_POINT ( 'NONE',  ( 4.343279219531320123, -5.214374913571217185, 24.30233399394632698 ) ) ;
#324 = DIRECTION ( 'NONE',  ( 0.000000000000000000, 0.000000000000000000, -1.000000000000000000 ) ) ;
#325 = CARTESIAN_POINT ( 'NONE',  ( 6.583921537889637854, 37.82922766677975090, 23.56161949345601769 ) ) ;
#326 = EDGE_CURVE ( 'NONE', #402, #718, #369, .T. ) ;
#327 = CARTESIAN_POINT ( 'NONE',  ( 7.663358834973077904, -5.378245841670673322, 26.29500224361724747 ) ) ;
#328 = CARTESIAN_POINT ( 'NONE',  ( 9.422477679720241639, -8.969332150209041288, 18.71890609487443058 ) ) ;
#329 = ORIENTED_EDGE ( 'NONE', *, *, #2087, .T. ) ;
#330 = CARTESIAN_POINT ( 'NONE',  ( 3.035499259987072485, 34.14982513451220569, 25.13771867110340708 ) ) ;
#331 = CARTESIAN_POINT ( 'NONE',  ( 76.50000000000000000, 21.99999999999998579, 8.643629070873043219 ) ) ;
#332 = CARTESIAN_POINT ( 'NONE',  ( -0.2721768113199570238, 33.98656533467407570, 18.97715610417679954 ) ) ;
#333 = CARTESIAN_POINT ( 'NONE',  ( 76.50000000000000000, 21.99999999999998579, 8.643629070873043219 ) ) ;
#334 = ORIENTED_EDGE ( 'NONE', *, *, #1677, .F. ) ;
#335 = CARTESIAN_POINT ( 'NONE',  ( 2.968142283205027709, -5.146500551884354735, 22.46241023020292360 ) ) ;
#336 = CARTESIAN_POINT ( 'NONE',  ( 94.30280558860737017, 22.49999999999997868, 88.00000000000001421 ) ) ;
#337 = CARTESIAN_POINT ( 'NONE',  ( 9.558350815114696530, -8.976038529965217450, 18.94690826237493653 ) ) ;
#338 = CARTESIAN_POINT ( 'NONE',  ( 9.615259160130737115, -8.978847392599213606, 19.00165993837367040 ) ) ;
#339 = EDGE_CURVE ( 'NONE', #1167, #2190, #1229, .T. ) ;
#340 = CARTESIAN_POINT ( 'NONE',  ( 7.385894890611778507, 37.86881119329549961, 19.01974223825299148 ) ) ;
#341 = CARTESIAN_POINT ( 'NONE',  ( 9.669068511733168947, -8.981503296175974427, 19.01352487994281759 ) ) ;
#342 = CARTESIAN_POINT ( 'NONE',  ( 2.151252367737476856, -5.106180976286501583, 20.20395125211707210 ) ) ;
#343 = ORIENTED_EDGE ( 'NONE', *, *, #1677, .T. ) ;
#344 = CARTESIAN_POINT ( 'NONE',  ( 6.268035426982319969, 34.30937554930553546, 26.51572170814377927 ) ) ;
#345 = CARTESIAN_POINT ( 'NONE',  ( 76.50000000000000000, 6.999999999999985789, 8.643629070873043219 ) ) ;
#346 = VECTOR ( 'NONE', #1639, 1000.000000000000000 ) ;
#347 = CARTESIAN_POINT ( 'NONE',  ( 7.176088482864110496, 37.85845564036333144, 18.81312711910111091 ) ) ;
#348 = CARTESIAN_POINT ( 'NONE',  ( 22.82709166908013287, 1.634687796212638610E-29, 0.000000000000000000 ) ) ;
#349 = ORIENTED_EDGE ( 'NONE', *, *, #2136, .F. ) ;
#350 = CARTESIAN_POINT ( 'NONE',  ( 2.140718179590063830, -5.105660835908503614, 20.15031441450419081 ) ) ;
#351 = AXIS2_PLACEMENT_3D ( 'NONE', #1777, #1150, #932 ) ;
#352 = CARTESIAN_POINT ( 'NONE',  ( 27.91275102580918244, 35.37770802061283604, 13.99999999999999822 ) ) ;
#353 = CIRCLE ( 'NONE', #2595, 10.00000000000000000 ) ;
#354 = CARTESIAN_POINT ( 'NONE',  ( 9.563473564315795983, -8.976291376868609007, 18.95112494930698332 ) ) ;
#355 = CARTESIAN_POINT ( 'NONE',  ( 28.30000000000001847, 2.026612294875929794E-29, 136.1735104717425315 ) ) ;
#356 = CARTESIAN_POINT ( 'NONE',  ( 4.908787631381250627, 34.24228688909300189, 26.14149789645003708 ) ) ;
#357 = VECTOR ( 'NONE', #634, 1000.000000000000000 ) ;
#358 = CARTESIAN_POINT ( 'NONE',  ( 9.701838492970930261, -8.983120745704500365, 19.02522281829466166 ) ) ;
#359 = CARTESIAN_POINT ( 'NONE',  ( 2.140718223532846132, -5.105661003206258819, 20.15031394681282961 ) ) ;
#360 = ORIENTED_EDGE ( 'NONE', *, *, #2377, .F. ) ;
#361 = CARTESIAN_POINT ( 'NONE',  ( 2.966996634700078239, 34.14644400535716073, 25.08777205360463469 ) ) ;
#362 = CARTESIAN_POINT ( 'NONE',  ( 30.32465993287758721, -6.496754195716963665, 13.99999999999999822 ) ) ;
#363 = EDGE_CURVE ( 'NONE', #518, #765, #154, .T. ) ;
#364 = FACE_BOUND ( 'NONE', #2777, .T. ) ;
#365 = DIRECTION ( 'NONE',  ( 0.04929764565683238120, -0.9987841318987268346, -0.000000000000000000 ) ) ;
#366 = DIRECTION ( 'NONE',  ( -0.000000000000000000, -0.000000000000000000, -1.000000000000000000 ) ) ;
#367 = ORIENTED_EDGE ( 'NONE', *, *, #380, .F. ) ;
#368 = CARTESIAN_POINT ( 'NONE',  ( 5.535220795274830685, -5.273207231502309966, 25.28275207133210500 ) ) ;
#369 = LINE ( 'NONE', #170, #2320 ) ;
#370 = CARTESIAN_POINT ( 'NONE',  ( 5.691264565343425730, 37.78516820916499341, 23.30154073864848741 ) ) ;
#371 = CARTESIAN_POINT ( 'NONE',  ( 9.124420469675628809, -5.450360120296914523, 26.59686500274438714 ) ) ;
#372 = CARTESIAN_POINT ( 'NONE',  ( 9.417786194767117536, -8.969100589498932408, 18.69027826281659799 ) ) ;
#373 = ORIENTED_EDGE ( 'NONE', *, *, #18, .F. ) ;
#374 = CARTESIAN_POINT ( 'NONE',  ( 2.230700611080913109, 34.11010215799329615, 24.47254319086604113 ) ) ;
#375 = DIRECTION ( 'NONE',  ( 0.9987841318987268346, -0.04929764565683240896, -5.775380936792790746E-16 ) ) ;
#376 = DIRECTION ( 'NONE',  ( -0.8540093337283000130, -0.5202576841382980932, 0.000000000000000000 ) ) ;
#377 = CARTESIAN_POINT ( 'NONE',  ( 18.46376575870893788, 34.91132823679648567, 2.000000000000000000 ) ) ;
#378 = ADVANCED_FACE ( 'NONE', ( #840 ), #1696, .T. ) ;
#379 = LINE ( 'NONE', #2528, #2676 ) ;
#380 = EDGE_CURVE ( 'NONE', #1772, #1754, #2628, .T. ) ;
#381 = CARTESIAN_POINT ( 'NONE',  ( 5.593801320325651361, -5.276096967433713480, 25.32174754926038318 ) ) ;
#382 = DIRECTION ( 'NONE',  ( 0.000000000000000000, 0.000000000000000000, 1.000000000000000000 ) ) ;
#383 = CARTESIAN_POINT ( 'NONE',  ( 7.304777418519157628, 37.86480742484535256, 18.97509078794030657 ) ) ;
#384 = CARTESIAN_POINT ( 'NONE',  ( 8.612734805524340231, -5.425104918243988550, 26.52329416838151133 ) ) ;
#385 = CARTESIAN_POINT ( 'NONE',  ( 9.457390947676723059, -8.971055387350551413, 18.82029757807593739 ) ) ;
#386 = VERTEX_POINT ( 'NONE', #2557 ) ;
#387 = CARTESIAN_POINT ( 'NONE',  ( 4.908786366768542742, 34.24228619897471049, 26.14149797164455435 ) ) ;
#388 = FACE_OUTER_BOUND ( 'NONE', #786, .T. ) ;
#389 = CLOSED_SHELL ( 'NONE', ( #535, #797, #663, #916, #1210, #1841, #430, #1875, #116, #292, #1390, #890, #2287, #1986, #166, #1460, #2765, #1008, #2300, #699, #641, #2000, #2474, #2657, #190, #592, #1207, #1359, #2437, #1127, #2746, #937, #455, #95, #378, #1108, #1929, #1254, #2495, #2317, #1937, #1692, #2071, #1571, #49, #224, #803, #1046, #923, #1055, #242, #1276, #759, #1328, #1094, #609, #605, #1965, #1795 ) ) ;
#390 = CARTESIAN_POINT ( 'NONE',  ( 61.50000000000000000, 6.999999999999981348, 8.643629070873043219 ) ) ;
#391 = EDGE_CURVE ( 'NONE', #878, #2422, #644, .T. ) ;
#392 = CARTESIAN_POINT ( 'NONE',  ( 9.999999999999998224, -5.493576580588196201, 28.64362907087304322 ) ) ;
#393 = AXIS2_PLACEMENT_3D ( 'NONE', #1492, #1914, #2291 ) ;
#394 = VECTOR ( 'NONE', #1477, 1000.000000000000000 ) ;
#395 = CARTESIAN_POINT ( 'NONE',  ( 9.595573436190560912, -8.977875751368335600, 18.97488151515265642 ) ) ;
#396 = CARTESIAN_POINT ( 'NONE',  ( -1.027151774350089639E-41, 33.99999999999995737, 18.64362907087305388 ) ) ;
#397 = CARTESIAN_POINT ( 'NONE',  ( 4.612766392047404906, 37.73193606511033948, 22.71001675126322539 ) ) ;
#398 = VECTOR ( 'NONE', #1177, 1000.000000000000000 ) ;
#399 = EDGE_CURVE ( 'NONE', #2758, #1783, #1544, .T. ) ;
#400 = CARTESIAN_POINT ( 'NONE',  ( 9.696511930372526678, -8.982857839049199100, 23.64995121893712948 ) ) ;
#401 = CARTESIAN_POINT ( 'NONE',  ( 9.460837731008149731, -8.971225512503627542, 18.82691953889236203 ) ) ;
#402 = VERTEX_POINT ( 'NONE', #2164 ) ;
#403 = FACE_OUTER_BOUND ( 'NONE', #1950, .T. ) ;
#404 = EDGE_LOOP ( 'NONE', ( #284, #1573, #1474, #584 ) ) ;
#405 = CARTESIAN_POINT ( 'NONE',  ( 3.498936642780802408, -5.172699318383846112, 23.31021206909805343 ) ) ;
#406 = DIRECTION ( 'NONE',  ( 2.891205793294678819E-16, -1.000000000000000000, 0.000000000000000000 ) ) ;
#407 = DIRECTION ( 'NONE',  ( 1.000000000000000000, 0.000000000000000000, 0.000000000000000000 ) ) ;
#408 = VERTEX_POINT ( 'NONE', #1755 ) ;
#409 = CARTESIAN_POINT ( 'NONE',  ( 7.400117850626335425, -8.869513205292740565, 23.02469242134867145 ) ) ;
#410 = DIRECTION ( 'NONE',  ( -0.000000000000000000, 0.000000000000000000, 1.000000000000000000 ) ) ;
#411 = CARTESIAN_POINT ( 'NONE',  ( 1.287971394197604091, 34.06357205902536833, 23.40805626429733266 ) ) ;
#412 = DIRECTION ( 'NONE',  ( -0.000000000000000000, -0.000000000000000000, -1.000000000000000000 ) ) ;
#413 = DIRECTION ( 'NONE',  ( -7.178166107490247270E-16, 1.000000000000000000, 0.000000000000000000 ) ) ;
#414 = CARTESIAN_POINT ( 'NONE',  ( 9.471852696838348962, -8.971769185420603421, 18.84640524541040563 ) ) ;
#415 = EDGE_LOOP ( 'NONE', ( #1564, #889, #1072, #1943 ) ) ;
#416 = LINE ( 'NONE', #2574, #2239 ) ;
#417 = EDGE_CURVE ( 'NONE', #2197, #1704, #1872, .T. ) ;
#418 = EDGE_LOOP ( 'NONE', ( #1128, #2395, #1591, #2615 ) ) ;
#419 = DIRECTION ( 'NONE',  ( 0.000000000000000000, 1.000000000000000000, 0.000000000000000000 ) ) ;
#420 = DIRECTION ( 'NONE',  ( 1.000000000000000000, 0.000000000000000000, -0.000000000000000000 ) ) ;
#421 = DIRECTION ( 'NONE',  ( 1.000000000000000000, 0.000000000000000000, -0.000000000000000000 ) ) ;
#422 = DIRECTION ( 'NONE',  ( -0.000000000000000000, -0.000000000000000000, -1.000000000000000000 ) ) ;
#423 = PLANE ( 'NONE',  #2276 ) ;
#424 = ORIENTED_EDGE ( 'NONE', *, *, #2034, .F. ) ;
#425 = CARTESIAN_POINT ( 'NONE',  ( 6.929597502138304499, -8.846289422822358972, 22.72862363949443676 ) ) ;
#426 = FACE_OUTER_BOUND ( 'NONE', #1616, .T. ) ;
#427 = CARTESIAN_POINT ( 'NONE',  ( 3.788023140484403140, 37.69122866971336805, 21.96101326255058339 ) ) ;
#428 = CARTESIAN_POINT ( 'NONE',  ( 8.958276009997495848, -8.946420242924551403, 23.57460778933767998 ) ) ;
#429 = CARTESIAN_POINT ( 'NONE',  ( 2.556221442956541967, -5.126169354957737845, 21.58101999373707258 ) ) ;
#430 = ADVANCED_FACE ( 'NONE', ( #2417 ), #442, .F. ) ;
#431 = ORIENTED_EDGE ( 'NONE', *, *, #2623, .F. ) ;
#432 = DIRECTION ( 'NONE',  ( 0.000000000000000000, 0.000000000000000000, 1.000000000000000000 ) ) ;
#433 = ORIENTED_EDGE ( 'NONE', *, *, #2391, .F. ) ;
#434 = CARTESIAN_POINT ( 'NONE',  ( 2.024696565032709117, -5.099934280729751634, 19.32002409930063536 ) ) ;
#435 = CARTESIAN_POINT ( 'NONE',  ( 7.312490469076854183, 37.86518812295758352, 23.64728118418647895 ) ) ;
#436 = EDGE_CURVE ( 'NONE', #1998, #39, #2600, .T. ) ;
#437 = CARTESIAN_POINT ( 'NONE',  ( 7.514337662537120544, 37.87515082771231789, 19.04428699408757097 ) ) ;
#438 = DIRECTION ( 'NONE',  ( -1.000000000000000000, 0.000000000000000000, 0.000000000000000000 ) ) ;
#439 = VECTOR ( 'NONE', #2754, 1000.000000000000000 ) ;
#440 = ORIENTED_EDGE ( 'NONE', *, *, #2724, .T. ) ;
#441 = CARTESIAN_POINT ( 'NONE',  ( 7.845028998003637177, -8.891472977571554637, 23.24188806007995112 ) ) ;
#442 = PLANE ( 'NONE',  #670 ) ;
#443 = VECTOR ( 'NONE', #2527, 1000.000000000000227 ) ;
#444 = CARTESIAN_POINT ( 'NONE',  ( 5.373710734696952152, -8.769494495776738674, 20.94081213440875189 ) ) ;
#445 = ORIENTED_EDGE ( 'NONE', *, *, #2099, .F. ) ;
#446 = CARTESIAN_POINT ( 'NONE',  ( 128.9910702685402271, 38.99999999999995737, 0.000000000000000000 ) ) ;
#447 = VECTOR ( 'NONE', #563, 1000.000000000000000 ) ;
#448 = EDGE_CURVE ( 'NONE', #1255, #2328, #1360, .T. ) ;
#449 = AXIS2_PLACEMENT_3D ( 'NONE', #758, #1389, #1206 ) ;
#450 = ORIENTED_EDGE ( 'NONE', *, *, #1912, .T. ) ;
#451 = CARTESIAN_POINT ( 'NONE',  ( 2.000064315443295548, -5.098718490577295093, 18.88853188077715828 ) ) ;
#452 = DIRECTION ( 'NONE',  ( -0.04929764565683089628, 0.9987841318987269457, -4.489153481157768858E-14 ) ) ;
#453 = DIRECTION ( 'NONE',  ( 0.000000000000000000, 0.000000000000000000, 1.000000000000000000 ) ) ;
#454 = CARTESIAN_POINT ( 'NONE',  ( 94.30280558860737017, 22.49999999999997868, 0.000000000000000000 ) ) ;
#455 = ADVANCED_FACE ( 'NONE', ( #2363 ), #709, .T. ) ;
#456 = ORIENTED_EDGE ( 'NONE', *, *, #482, .F. ) ;
#457 = LINE ( 'NONE', #2571, #1380 ) ;
#458 = CARTESIAN_POINT ( 'NONE',  ( 3.363144493131477120, -5.165996897937369603, 23.11341243054548045 ) ) ;
#459 = ORIENTED_EDGE ( 'NONE', *, *, #1552, .F. ) ;
#460 = DIRECTION ( 'NONE',  ( 0.000000000000000000, 0.000000000000000000, -1.000000000000000000 ) ) ;
#461 = ORIENTED_EDGE ( 'NONE', *, *, #1953, .T. ) ;
#462 = DIRECTION ( 'NONE',  ( -0.9987841318987268346, -0.04929764565683236038, 0.000000000000000000 ) ) ;
#463 = CARTESIAN_POINT ( 'NONE',  ( 7.483292431537940992, 37.87361850781630324, 19.04306736311418291 ) ) ;
#464 = LINE ( 'NONE', #2644, #1250 ) ;
#465 = EDGE_CURVE ( 'NONE', #1779, #1064, #895, .T. ) ;
#466 = DIRECTION ( 'NONE',  ( -0.000000000000000000, -0.000000000000000000, -1.000000000000000000 ) ) ;
#467 = ORIENTED_EDGE ( 'NONE', *, *, #2018, .F. ) ;
#468 = DIRECTION ( 'NONE',  ( -0.000000000000000000, 0.000000000000000000, 1.000000000000000000 ) ) ;
#469 = CARTESIAN_POINT ( 'NONE',  ( 3.395476828963365890, -5.167592939507206218, 23.16111212079819026 ) ) ;
#470 = ORIENTED_EDGE ( 'NONE', *, *, #1425, .F. ) ;
#471 =( NAMED_UNIT ( * ) PLANE_ANGLE_UNIT ( ) SI_UNIT ( $, .RADIAN. ) );
#472 = EDGE_LOOP ( 'NONE', ( #2066, #746, #2390, #158, #461, #2610, #651, #2420, #278 ) ) ;
#473 = LINE ( 'NONE', #1520, #264 ) ;
#474 = CARTESIAN_POINT ( 'NONE',  ( 7.686879422336018841, 34.37940636606699485, 26.64362907087304677 ) ) ;
#475 = CARTESIAN_POINT ( 'NONE',  ( 76.50000000000000000, 6.999999999999985789, 8.643629070873043219 ) ) ;
#476 = CARTESIAN_POINT ( 'NONE',  ( -0.4491981282964623845, 37.48208935120943153, 2.000000000000000000 ) ) ;
#477 = CARTESIAN_POINT ( 'NONE',  ( 5.211073608928041168, -5.257206389308807459, 25.05423953829082251 ) ) ;
#478 = VERTEX_POINT ( 'NONE', #1740 ) ;
#479 = DIRECTION ( 'NONE',  ( -2.213046976132512076E-15, 4.483695262638309416E-14, 1.000000000000000000 ) ) ;
#480 = CARTESIAN_POINT ( 'NONE',  ( 6.088851586718078579, -8.804792173414707435, 21.97957834248735765 ) ) ;
#481 = ORIENTED_EDGE ( 'NONE', *, *, #503, .F. ) ;
#482 = EDGE_CURVE ( 'NONE', #2162, #2717, #2583, .T. ) ;
#483 = AXIS2_PLACEMENT_3D ( 'NONE', #2611, #2392, #658 ) ;
#484 = CARTESIAN_POINT ( 'NONE',  ( 9.415274162695464355, -8.968976601478910737, 18.65706434582250139 ) ) ;
#485 = VECTOR ( 'NONE', #2205, 1000.000000000000114 ) ;
#486 = ORIENTED_EDGE ( 'NONE', *, *, #2639, .F. ) ;
#487 = DIRECTION ( 'NONE',  ( -0.9987841318987268346, -0.04929764565683240202, -0.000000000000000000 ) ) ;
#488 = CARTESIAN_POINT ( 'NONE',  ( 5.628801895453856119, 37.78208519806314314, 23.27627540827907993 ) ) ;
#489 = AXIS2_PLACEMENT_3D ( 'NONE', #1722, #1549, #652 ) ;
#490 = CARTESIAN_POINT ( 'NONE',  ( 7.140904150867060984, 37.85671902413558598, 18.64362907087301124 ) ) ;
#491 = CIRCLE ( 'NONE', #533, 10.00000000000000000 ) ;
#492 = CARTESIAN_POINT ( 'NONE',  ( 2.643123984340187249, 37.63471912865245628, 19.65401616409357288 ) ) ;
#493 = ORIENTED_EDGE ( 'NONE', *, *, #2176, .F. ) ;
#494 = CARTESIAN_POINT ( 'NONE',  ( 5.647234869431375870, -8.782995006489796808, 21.40610686090924020 ) ) ;
#495 = ORIENTED_EDGE ( 'NONE', *, *, #1300, .T. ) ;
#496 = DIRECTION ( 'NONE',  ( 0.000000000000000000, 0.000000000000000000, 1.000000000000000000 ) ) ;
#497 =( BOUNDED_SURFACE ( )  B_SPLINE_SURFACE ( 3, 2, ( 
 ( #28, #2181, #474 ),
 ( #14, #2358, #880 ),
 ( #1116, #435, #1294 ),
 ( #463, #1747, #2605 ),
 ( #2593, #2386, #848 ),
 ( #683, #1972, #1706 ),
 ( #2553, #637, #41 ),
 ( #920, #1776, #2667 ),
 ( #2295, #2047, #2713 ),
 ( #2238, #325, #1230 ),
 ( #1818, #1218, #111 ),
 ( #1560, #996, #2617 ),
 ( #1849, #312, #979 ),
 ( #796, #1834, #587 ),
 ( #751, #2700, #2079 ),
 ( #1610, #2477, #1640 ),
 ( #705, #2408, #356 ),
 ( #1862, #1426, #144 ),
 ( #340, #370, #52 ),
 ( #2685, #2506, #1398 ),
 ( #1441, #488, #2462 ),
 ( #1185, #98, #1349 ),
 ( #770, #1655, #2280 ),
 ( #1172, #2033, #967 ),
 ( #540, #2252, #1627 ),
 ( #556, #1411, #2264 ),
 ( #1199, #2061, #128 ),
 ( #783, #2489, #569 ),
 ( #1012, #2519, #2307 ),
 ( #383, #397, #2558 ),
 ( #1287, #2119, #1919 ),
 ( #860, #2769, #613 ),
 ( #1241, #841, #2147 ),
 ( #2729, #1258, #1271 ),
 ( #1683, #184, #2092 ),
 ( #2105, #171, #1041 ),
 ( #645, #1454, #155 ),
 ( #1716, #2543, #1483 ),
 ( #1890, #1024, #815 ),
 ( #629, #1874, #2742 ),
 ( #1697, #1498, #2351 ),
 ( #1052, #427, #828 ),
 ( #1067, #1671, #600 ),
 ( #1903, #2337, #1467 ),
 ( #2531, #2322, #411 ),
 ( #2755, #2133, #199 ),
 ( #2454, #2470, #2072 ),
 ( #532, #2290, #2483 ),
 ( #1855, #1236, #1211 ),
 ( #1392, #2706, #1603 ) ),
 .UNSPECIFIED., .F., .F., .F. ) 
 B_SPLINE_SURFACE_WITH_KNOTS ( ( 4, 2, 2, 2, 2, 2, 2, 2, 2, 2, 2, 2, 2, 2, 2, 2, 2, 2, 2, 2, 2, 2, 2, 2, 4 ),
 ( 3, 3 ),
 ( 0.01977973937988281375, 0.01980321606797296255, 0.01982669275606311135, 0.01983843110010818575, 0.01984430027213072295, 0.01985016944415326015, 0.01987364613224340895, 0.01989712282033355775, 0.01990886116437863215, 0.01991473033640116935, 0.01992059950842370655, 0.01994407619651385535, 0.01996755288460400415, 0.01999102957269415295, 0.02000276791673922736, 0.02001450626078430176, 0.02003798294887445056, 0.02006145963696459936, 0.02006732880898713656, 0.02007319798100967376, 0.02008493632505474816, 0.02010841301314489696, 0.02013188970123504576, 0.02014362804528012016, 0.02015536638932519456 ),
 ( 0.000000000000000000, 1.000000000000000000 ),
 .UNSPECIFIED. ) 
 GEOMETRIC_REPRESENTATION_ITEM ( )  RATIONAL_B_SPLINE_SURFACE ( (
 ( 1.000000000000000000, 0.9082951062292442534, 1.000000000000000000),
 ( 1.000000000000000000, 0.9082951062292442534, 1.000000000000000000),
 ( 1.000000000000000000, 0.9082951062292442534, 1.000000000000000000),
 ( 1.000000000000000000, 0.9082951062292442534, 1.000000000000000000),
 ( 1.000000000000000000, 0.9082951062292442534, 1.000000000000000000),
 ( 1.000000000000000000, 0.9082951062292442534, 1.000000000000000000),
 ( 1.000000000000000000, 0.9082951062292445865, 1.000000000000000000),
 ( 1.000000000000000000, 0.9082951062292445865, 1.000000000000000000),
 ( 1.000000000000000000, 0.9082951062292443645, 1.000000000000000000),
 ( 1.000000000000000000, 0.9082951062292443645, 1.000000000000000000),
 ( 1.000000000000000000, 0.9082951062292443645, 1.000000000000000000),
 ( 1.000000000000000000, 0.9082951062292443645, 1.000000000000000000),
 ( 1.000000000000000000, 0.9082951062292448086, 1.000000000000000000),
 ( 1.000000000000000000, 0.9082951062292448086, 1.000000000000000000),
 ( 1.000000000000000000, 0.9082951062292446975, 1.000000000000000000),
 ( 1.000000000000000000, 0.9082951062292446975, 1.000000000000000000),
 ( 1.000000000000000000, 0.9082951062292448086, 1.000000000000000000),
 ( 1.000000000000000000, 0.9082951062292448086, 1.000000000000000000),
 ( 1.000000000000000000, 0.9082951062292450306, 1.000000000000000000),
 ( 1.000000000000000000, 0.9082951062292450306, 1.000000000000000000),
 ( 1.000000000000000000, 0.9082951062292449196, 1.000000000000000000),
 ( 1.000000000000000000, 0.9082951062292449196, 1.000000000000000000),
 ( 1.000000000000000000, 0.9082951062292450306, 1.000000000000000000),
 ( 1.000000000000000000, 0.9082951062292450306, 1.000000000000000000),
 ( 1.000000000000000000, 0.9082951062292455857, 1.000000000000000000),
 ( 1.000000000000000000, 0.9082951062292455857, 1.000000000000000000),
 ( 1.000000000000000000, 0.9082951062292456967, 1.000000000000000000),
 ( 1.000000000000000000, 0.9082951062292456967, 1.000000000000000000),
 ( 1.000000000000000000, 0.9082951062292460298, 1.000000000000000000),
 ( 1.000000000000000000, 0.9082951062292460298, 1.000000000000000000),
 ( 1.000000000000000000, 0.9082951062292461408, 1.000000000000000000),
 ( 1.000000000000000000, 0.9082951062292461408, 1.000000000000000000),
 ( 1.000000000000000000, 0.9082951062292463629, 1.000000000000000000),
 ( 1.000000000000000000, 0.9082951062292463629, 1.000000000000000000),
 ( 1.000000000000000000, 0.9082951062292469180, 1.000000000000000000),
 ( 1.000000000000000000, 0.9082951062292469180, 1.000000000000000000),
 ( 1.000000000000000000, 0.9082951062292470290, 1.000000000000000000),
 ( 1.000000000000000000, 0.9082951062292470290, 1.000000000000000000),
 ( 1.000000000000000000, 0.9082951062292471400, 1.000000000000000000),
 ( 1.000000000000000000, 0.9082951062292471400, 1.000000000000000000),
 ( 1.000000000000000000, 0.9082951062292472511, 1.000000000000000000),
 ( 1.000000000000000000, 0.9082951062292472511, 1.000000000000000000),
 ( 1.000000000000000000, 0.9082951062292476951, 1.000000000000000000),
 ( 1.000000000000000000, 0.9082951062292476951, 1.000000000000000000),
 ( 1.000000000000000000, 0.9082951062292482503, 1.000000000000000000),
 ( 1.000000000000000000, 0.9082951062292482503, 1.000000000000000000),
 ( 1.000000000000000000, 0.9082951062292484723, 1.000000000000000000),
 ( 1.000000000000000000, 0.9082951062292484723, 1.000000000000000000),
 ( 1.000000000000000000, 0.9082951062292486943, 1.000000000000000000),
 ( 1.000000000000000000, 0.9082951062292486943, 1.000000000000000000) ) ) 
 REPRESENTATION_ITEM ( '' )  SURFACE ( )  );
#498 = EDGE_CURVE ( 'NONE', #702, #2394, #2451, .T. ) ;
#499 = ORIENTED_EDGE ( 'NONE', *, *, #1316, .F. ) ;
#500 = DIRECTION ( 'NONE',  ( 1.000000000000000000, 0.000000000000000000, 0.000000000000000000 ) ) ;
#501 = CARTESIAN_POINT ( 'NONE',  ( -1.027151774350089639E-41, 33.99999999999995737, 0.000000000000000000 ) ) ;
#502 = CARTESIAN_POINT ( 'NONE',  ( 5.629374110180788371, -5.277852722415472542, 25.34512803336705389 ) ) ;
#503 = EDGE_CURVE ( 'NONE', #1548, #147, #925, .T. ) ;
#504 = PLANE ( 'NONE',  #943 ) ;
#505 = CARTESIAN_POINT ( 'NONE',  ( 2.608903283810801721, 37.63303007501716024, 19.47111182990110123 ) ) ;
#506 = ORIENTED_EDGE ( 'NONE', *, *, #1433, .F. ) ;
#507 = CYLINDRICAL_SURFACE ( 'NONE', #1031, 10.00000000000000000 ) ;
#508 = CARTESIAN_POINT ( 'NONE',  ( 4.347138366657547159, -5.214565891150781063, 24.30618634080339291 ) ) ;
#509 = CARTESIAN_POINT ( 'NONE',  ( 61.50000000000000000, 6.999999999999981348, 8.643629070873043219 ) ) ;
#510 =( NAMED_UNIT ( * ) SI_UNIT ( $, .STERADIAN. ) SOLID_ANGLE_UNIT ( ) );
#511 = EDGE_CURVE ( 'NONE', #1704, #2197, #1974, .T. ) ;
#512 = CARTESIAN_POINT ( 'NONE',  ( 7.912462267407310179, -8.894801325824571947, 23.27017352994355193 ) ) ;
#513 = ORIENTED_EDGE ( 'NONE', *, *, #2559, .F. ) ;
#514 = DIRECTION ( 'NONE',  ( -0.000000000000000000, 1.000000000000000000, -0.000000000000000000 ) ) ;
#515 = CARTESIAN_POINT ( 'NONE',  ( 35.75000000000000711, 6.499999999999979572, 28.64362907087304677 ) ) ;
#516 = CARTESIAN_POINT ( 'NONE',  ( 96.55665125994539721, 38.76581017619304248, 2.000000000000001776 ) ) ;
#517 = EDGE_CURVE ( 'NONE', #2688, #1470, #457, .T. ) ;
#518 = VERTEX_POINT ( 'NONE', #898 ) ;
#519 = CARTESIAN_POINT ( 'NONE',  ( 3.245152122686547180, -5.160173108820413468, 22.93353607020758744 ) ) ;
#520 = DIRECTION ( 'NONE',  ( 0.000000000000000000, 1.000000000000000000, -4.475586568020161672E-14 ) ) ;
#521 = CARTESIAN_POINT ( 'NONE',  ( 9.529003597770772771, -8.974590020046580463, 18.92003526083003351 ) ) ;
#522 = EDGE_LOOP ( 'NONE', ( #2671, #1652, #1982, #2259 ) ) ;
#523 = CARTESIAN_POINT ( 'NONE',  ( 7.974385904412582882, -8.897857731525638414, 23.29529434939872345 ) ) ;
#524 = CARTESIAN_POINT ( 'NONE',  ( 4.987649627228011084, -8.750439423644472470, 19.94657106228179089 ) ) ;
#525 = ORIENTED_EDGE ( 'NONE', *, *, #888, .F. ) ;
#526 = DIRECTION ( 'NONE',  ( 1.000000000000000000, 0.000000000000000000, 0.000000000000000000 ) ) ;
#527 = AXIS2_PLACEMENT_3D ( 'NONE', #139, #622, #1858 ) ;
#528 = DIRECTION ( 'NONE',  ( -1.000000000000000000, 0.000000000000000000, 0.000000000000000000 ) ) ;
#529 = AXIS2_PLACEMENT_3D ( 'NONE', #869, #453, #421 ) ;
#530 = CARTESIAN_POINT ( 'NONE',  ( 2.669249831454649335, 37.63600863928083839, 19.77846851451518972 ) ) ;
#531 = VECTOR ( 'NONE', #2656, 1000.000000000000000 ) ;
#532 = CARTESIAN_POINT ( 'NONE',  ( 7.209166243550249042, 37.86008828116463576, 18.87424022423285663 ) ) ;
#533 = AXIS2_PLACEMENT_3D ( 'NONE', #1908, #2759, #1701 ) ;
#534 = ORIENTED_EDGE ( 'NONE', *, *, #482, .T. ) ;
#535 = ADVANCED_FACE ( 'NONE', ( #241 ), #688, .F. ) ;
#536 = CARTESIAN_POINT ( 'NONE',  ( 4.125925054893005317, -5.203645998035724141, 24.07796253601943803 ) ) ;
#537 = CARTESIAN_POINT ( 'NONE',  ( 0.2768546259317388181, 34.01366489595859832, 21.57537769479389311 ) ) ;
#538 = CARTESIAN_POINT ( 'NONE',  ( 4.338340655706701021, -5.214128688627821973, 24.29740021608613887 ) ) ;
#539 = DIRECTION ( 'NONE',  ( -0.9987841318987268346, -0.04929764565683236732, 0.000000000000000000 ) ) ;
#540 = CARTESIAN_POINT ( 'NONE',  ( 7.343795381650674692, 37.86673326012775220, 19.00008449797566712 ) ) ;
#541 = CARTESIAN_POINT ( 'NONE',  ( 7.691515174872885829, -5.379633409485118811, 26.30354007499173008 ) ) ;
#542 = CARTESIAN_POINT ( 'NONE',  ( 9.421690129122874069, -8.969293278555948490, 18.71483684424023863 ) ) ;
#543 = ORIENTED_EDGE ( 'NONE', *, *, #448, .F. ) ;
#544 = CARTESIAN_POINT ( 'NONE',  ( 9.908105239730350178, 1.018871893101665149, 18.64362907087316401 ) ) ;
#545 = LINE ( 'NONE', #561, #221 ) ;
#546 = CARTESIAN_POINT ( 'NONE',  ( 0.2438843776920811279, 34.01203718192037684, 21.49022756493938857 ) ) ;
#547 = PRODUCT_DEFINITION_SHAPE ( 'NONE', 'NONE',  #1265 ) ;
#548 = CARTESIAN_POINT ( 'NONE',  ( 96.38410950014646517, 42.26155463783860711, 19.04428699408801862 ) ) ;
#549 = CARTESIAN_POINT ( 'NONE',  ( 20.82952340528266788, -6.028096493766125441, 2.000000000000000000 ) ) ;
#550 = EDGE_CURVE ( 'NONE', #261, #773, #1980, .T. ) ;
#551 = VERTEX_POINT ( 'NONE', #1555 ) ;
#552 = CARTESIAN_POINT ( 'NONE',  ( 2.319630217574876418, -5.114491515101967423, 20.89061435435107583 ) ) ;
#553 = CARTESIAN_POINT ( 'NONE',  ( 94.30280558860737017, 6.499999999999979572, 88.00000000000001421 ) ) ;
#554 = CARTESIAN_POINT ( 'NONE',  ( 9.550798996135716479, -8.975665789866331679, 18.94043344221279668 ) ) ;
#555 = CARTESIAN_POINT ( 'NONE',  ( 30.32465993287759076, -6.496754195716961000, 13.99999999999999822 ) ) ;
#556 = CARTESIAN_POINT ( 'NONE',  ( 7.330477331621455761, 37.86607591236840165, 18.99229362486383366 ) ) ;
#557 = CARTESIAN_POINT ( 'NONE',  ( 6.930422150157202310, -5.342069563973856461, 26.03168869649567796 ) ) ;
#558 = CARTESIAN_POINT ( 'NONE',  ( 2.273499774403505924, -5.112214757631548423, 20.72721376168022900 ) ) ;
#559 = ORIENTED_EDGE ( 'NONE', *, *, #511, .T. ) ;
#560 = CARTESIAN_POINT ( 'NONE',  ( 3.229946189525016109, 34.15942257957093631, 25.27371765904310763 ) ) ;
#561 = CARTESIAN_POINT ( 'NONE',  ( 27.74020926601027170, 38.87345248225837935, 13.99999999999999822 ) ) ;
#562 = CARTESIAN_POINT ( 'NONE',  ( 0.3715926021246402366, 34.01834114106234352, 21.80543194935561857 ) ) ;
#563 = DIRECTION ( 'NONE',  ( 0.000000000000000000, -1.000000000000000000, 0.000000000000000000 ) ) ;
#564 = ORIENTED_EDGE ( 'NONE', *, *, #1312, .F. ) ;
#565 = CARTESIAN_POINT ( 'NONE',  ( 2.531309071723083726, -5.124939487603292321, 21.51720463974485753 ) ) ;
#566 = FACE_OUTER_BOUND ( 'NONE', #2429, .T. ) ;
#567 = CARTESIAN_POINT ( 'NONE',  ( 4.704793349531601443, -5.232217162391171072, 24.64185685991798280 ) ) ;
#568 = DIRECTION ( 'NONE',  ( -1.000000000000000000, 0.000000000000000000, 0.000000000000000000 ) ) ;
#569 = CARTESIAN_POINT ( 'NONE',  ( 3.229944470408015800, 34.15942207217484139, 25.27371693386183793 ) ) ;
#570 = CARTESIAN_POINT ( 'NONE',  ( 7.044384791683066638, -5.347694825818078534, 26.07804607628871807 ) ) ;
#571 = CARTESIAN_POINT ( 'NONE',  ( 9.428713405392455726, -8.969639931024516954, 18.74558235451377897 ) ) ;
#572 = ORIENTED_EDGE ( 'NONE', *, *, #2654, .F. ) ;
#573 = CARTESIAN_POINT ( 'NONE',  ( 6.782190108365031556, 34.33475302025855314, 26.59403278658106728 ) ) ;
#574 = EDGE_CURVE ( 'NONE', #1375, #1907, #279, .T. ) ;
#575 = VECTOR ( 'NONE', #1257, 1000.000000000000000 ) ;
#576 = DIRECTION ( 'NONE',  ( 1.000000000000000000, 2.891205793294678819E-16, 0.000000000000000000 ) ) ;
#577 = VECTOR ( 'NONE', #1365, 1000.000000000000000 ) ;
#578 = DIRECTION ( 'NONE',  ( -0.000000000000000000, -0.000000000000000000, -1.000000000000000000 ) ) ;
#579 = ORIENTED_EDGE ( 'NONE', *, *, #210, .T. ) ;
#580 = CARTESIAN_POINT ( 'NONE',  ( 3.344831098242666556, -5.165093029611568909, 23.08612166667479215 ) ) ;
#581 = VECTOR ( 'NONE', #1224, 1000.000000000000000 ) ;
#582 = LINE ( 'NONE', #1226, #1248 ) ;
#583 = COLOUR_RGB ( '',0.7921568627450980005, 0.8196078431372548767, 0.9333333333333333481 ) ;
#584 = ORIENTED_EDGE ( 'NONE', *, *, #1078, .T. ) ;
#585 = CARTESIAN_POINT ( 'NONE',  ( 9.590023880962819547, -8.977601838319024807, 18.97114803943477668 ) ) ;
#586 = CARTESIAN_POINT ( 'NONE',  ( 2.407430761710035728E-42, -5.000000000000000000, 136.1735104717425315 ) ) ;
#587 = CARTESIAN_POINT ( 'NONE',  ( 5.436373446229659123, 34.26832745866830265, 26.32002024787568217 ) ) ;
#588 = CARTESIAN_POINT ( 'NONE',  ( 9.533254587332860908, -8.974799838935815899, 23.64430303607969108 ) ) ;
#589 = CARTESIAN_POINT ( 'NONE',  ( 2.055875372750956664, -5.101473069681898842, 19.62007230005228209 ) ) ;
#590 = ORIENTED_EDGE ( 'NONE', *, *, #1733, .T. ) ;
#591 = CARTESIAN_POINT ( 'NONE',  ( 6.984778346609935795, 34.34475230124858314, 26.61484954282077453 ) ) ;
#592 = ADVANCED_FACE ( 'NONE', ( #1134 ), #1513, .F. ) ;
#593 = CARTESIAN_POINT ( 'NONE',  ( -1.027151774350089639E-41, 33.99999999999995737, 18.64362907087305388 ) ) ;
#594 = EDGE_CURVE ( 'NONE', #1537, #2144, #1846, .T. ) ;
#595 = DIRECTION ( 'NONE',  ( 1.000000000000000000, 0.000000000000000000, 0.000000000000000000 ) ) ;
#596 = CARTESIAN_POINT ( 'NONE',  ( 91.75280558860737301, 22.49999999999997868, 0.000000000000000000 ) ) ;
#597 = EDGE_LOOP ( 'NONE', ( #1675, #1147, #1935, #1648, #793, #227, #1734, #2242, #1088 ) ) ;
#598 = CARTESIAN_POINT ( 'NONE',  ( 7.049166659497564602, -8.852191076405675929, 22.81052298794741873 ) ) ;
#599 = CARTESIAN_POINT ( 'NONE',  ( 94.30280558860737017, 6.499999999999979572, 0.000000000000000000 ) ) ;
#600 = CARTESIAN_POINT ( 'NONE',  ( 1.599951293885686132, 34.07897023787480606, 23.80504477087968951 ) ) ;
#601 = CARTESIAN_POINT ( 'NONE',  ( 8.206641604414768310, -5.405060563729441547, 26.44042894675494182 ) ) ;
#602 = CARTESIAN_POINT ( 'NONE',  ( 9.462403395100166037, -8.971302790016515871, 18.82984360711256144 ) ) ;
#603 = EDGE_LOOP ( 'NONE', ( #1856, #493, #572, #1970, #2014, #234, #1955, #1554, #2095 ) ) ;
#604 = CARTESIAN_POINT ( 'NONE',  ( 30.15211817307867648, -9.992498657362508752, 13.99999999999999822 ) ) ;
#605 = ADVANCED_FACE ( 'NONE', ( #566 ), #507, .T. ) ;
#606 = CARTESIAN_POINT ( 'NONE',  ( 7.181038778473597617, 37.85869997536131848, 18.82435836508348359 ) ) ;
#607 = CARTESIAN_POINT ( 'NONE',  ( 28.29999999999999716, 28.99999999999996092, 23.64362907087302901 ) ) ;
#608 = CARTESIAN_POINT ( 'NONE',  ( 61.50000000000000000, 21.99999999999998579, 28.64362907087304322 ) ) ;
#609 = ADVANCED_FACE ( 'NONE', ( #1169 ), #976, .T. ) ;
#610 = ORIENTED_EDGE ( 'NONE', *, *, #1588, .F. ) ;
#611 = CARTESIAN_POINT ( 'NONE',  ( 9.606835494087043514, -8.978431620171027916, 18.98216398458515997 ) ) ;
#612 = CARTESIAN_POINT ( 'NONE',  ( 76.50000000000000000, 6.999999999999985789, 28.64362907087304322 ) ) ;
#613 = CARTESIAN_POINT ( 'NONE',  ( 2.756320148818781401, 34.13604626922570162, 24.92846791129187167 ) ) ;
#614 = CARTESIAN_POINT ( 'NONE',  ( 9.755326519334964530, -8.985760789420018213, 19.03816808643886205 ) ) ;
#615 = CARTESIAN_POINT ( 'NONE',  ( 9.464397913828234365, -8.971401234789889045, 18.83347759406959199 ) ) ;
#616 = ORIENTED_EDGE ( 'NONE', *, *, #7, .T. ) ;
#617 = CARTESIAN_POINT ( 'NONE',  ( 2.048745125813464352, 34.10112126136954913, 24.29340226846347051 ) ) ;
#618 = LINE ( 'NONE', #1047, #581 ) ;
#619 = CARTESIAN_POINT ( 'NONE',  ( 4.953062120455754780, -5.244471546485543811, 24.85265264735657098 ) ) ;
#620 = AXIS2_PLACEMENT_3D ( 'NONE', #355, #143, #1011 ) ;
#621 = CARTESIAN_POINT ( 'NONE',  ( 40.84999999999999432, 6.499999999999979572, 88.00000000000001421 ) ) ;
#622 = DIRECTION ( 'NONE',  ( 0.9987841318987269457, 0.04929764565683238814, -5.775380936792791733E-16 ) ) ;
#623 = AXIS2_PLACEMENT_3D ( 'NONE', #179, #1049, #2751 ) ;
#624 = EDGE_CURVE ( 'NONE', #777, #2162, #748, .T. ) ;
#625 = VECTOR ( 'NONE', #1459, 1000.000000000000000 ) ;
#626 = ORIENTED_EDGE ( 'NONE', *, *, #2161, .T. ) ;
#627 = CARTESIAN_POINT ( 'NONE',  ( 9.624128126069491529, -8.979285143987354445, 18.99231519156649739 ) ) ;
#628 = DIRECTION ( 'NONE',  ( 7.161174186840735016E-31, -1.000000000000000000, 0.000000000000000000 ) ) ;
#629 = CARTESIAN_POINT ( 'NONE',  ( 7.252346900916958994, 37.86221957728569265, 18.92888146383279135 ) ) ;
#630 = AXIS2_PLACEMENT_3D ( 'NONE', #316, #500, #1372 ) ;
#631 = DIRECTION ( 'NONE',  ( 1.000000000000000000, 7.178166107490247270E-16, -0.000000000000000000 ) ) ;
#632 = CARTESIAN_POINT ( 'NONE',  ( 5.498447464144956776, -8.775651208616194410, 21.16850496025884354 ) ) ;
#633 = ORIENTED_EDGE ( 'NONE', *, *, #2217, .F. ) ;
#634 = DIRECTION ( 'NONE',  ( -0.9987841318987268346, 0.04929764565683240202, 0.000000000000000000 ) ) ;
#635 = ORIENTED_EDGE ( 'NONE', *, *, #2010, .F. ) ;
#636 = CARTESIAN_POINT ( 'NONE',  ( 101.3014027943036979, -10.00000000000000000, 136.1735104717425315 ) ) ;
#637 = CARTESIAN_POINT ( 'NONE',  ( 6.728630808520293272, 37.83637017747749098, 23.58736097728113990 ) ) ;
#638 = CARTESIAN_POINT ( 'NONE',  ( 7.140904150867060984, 37.85671902413558598, 18.64362907087301124 ) ) ;
#639 = CARTESIAN_POINT ( 'NONE',  ( 27.91275102580920375, 35.37770802061281472, 11.99999999999999645 ) ) ;
#640 = CARTESIAN_POINT ( 'NONE',  ( 8.361170020048334095, -5.412687770821200672, 26.47413728854209580 ) ) ;
#641 = ADVANCED_FACE ( 'NONE', ( #2649 ), #951, .F. ) ;
#642 = ORIENTED_EDGE ( 'NONE', *, *, #1340, .T. ) ;
#643 = CARTESIAN_POINT ( 'NONE',  ( 9.647801258470126484, -8.980453594361565095, 19.00433536692310454 ) ) ;
#644 = LINE ( 'NONE', #1770, #1075 ) ;
#645 = CARTESIAN_POINT ( 'NONE',  ( 7.260481859865943299, 37.86262109980781787, 18.93716768050216004 ) ) ;
#646 = DIRECTION ( 'NONE',  ( -0.000000000000000000, -0.000000000000000000, -1.000000000000000000 ) ) ;
#647 = CARTESIAN_POINT ( 'NONE',  ( 5.595608494331315796, -8.780446849520796349, 21.32679098680127794 ) ) ;
#648 = ORIENTED_EDGE ( 'NONE', *, *, #2596, .T. ) ;
#649 = LINE ( 'NONE', #845, #1756 ) ;
#650 = EDGE_CURVE ( 'NONE', #147, #1255, #271, .T. ) ;
#651 = ORIENTED_EDGE ( 'NONE', *, *, #1425, .T. ) ;
#652 = DIRECTION ( 'NONE',  ( -1.000000000000000000, 0.000000000000000000, 0.000000000000000000 ) ) ;
#653 = DIRECTION ( 'NONE',  ( 1.000000000000000000, 1.734723475976807094E-15, 0.000000000000000000 ) ) ;
#654 = CARTESIAN_POINT ( 'NONE',  ( 7.204932463076900717, 37.85987931167573350, 18.86767556612001329 ) ) ;
#655 = DIRECTION ( 'NONE',  ( 0.000000000000000000, 0.000000000000000000, -1.000000000000000000 ) ) ;
#656 = ORIENTED_EDGE ( 'NONE', *, *, #2211, .F. ) ;
#657 = CARTESIAN_POINT ( 'NONE',  ( 6.901920366431476772, -5.340662558827397710, 26.01980278410509939 ) ) ;
#658 = DIRECTION ( 'NONE',  ( -1.000000000000000000, 0.000000000000000000, 0.000000000000000000 ) ) ;
#659 = CARTESIAN_POINT ( 'NONE',  ( 5.297860362107837950, -8.765750699022850867, 20.78907922809479558 ) ) ;
#660 = ORIENTED_EDGE ( 'NONE', *, *, #66, .F. ) ;
#661 = PLANE ( 'NONE',  #2463 ) ;
#662 = DIRECTION ( 'NONE',  ( 0.000000000000000000, -1.000000000000000000, 0.000000000000000000 ) ) ;
#663 = ADVANCED_FACE ( 'NONE', ( #1815 ), #1802, .F. ) ;
#664 = ORIENTED_EDGE ( 'NONE', *, *, #7, .F. ) ;
#665 = CARTESIAN_POINT ( 'NONE',  ( 22.82709166908013287, 0.000000000000000000, 12.00000000000000000 ) ) ;
#666 = FACE_OUTER_BOUND ( 'NONE', #2203, .T. ) ;
#667 = LINE ( 'NONE', #178, #2368 ) ;
#668 = DIRECTION ( 'NONE',  ( 0.000000000000000000, -0.000000000000000000, -1.000000000000000000 ) ) ;
#669 = CARTESIAN_POINT ( 'NONE',  ( 9.395910751781745063, -5.463760150037630048, 26.62205757433976316 ) ) ;
#670 = AXIS2_PLACEMENT_3D ( 'NONE', #1327, #1729, #230 ) ;
#671 = ORIENTED_EDGE ( 'NONE', *, *, #84, .F. ) ;
#672 = AXIS2_PLACEMENT_3D ( 'NONE', #1196, #1606, #67 ) ;
#673 = CARTESIAN_POINT ( 'NONE',  ( 18.46376575870893788, 34.91132823679648567, 14.00000000000000000 ) ) ;
#674 = AXIS2_PLACEMENT_3D ( 'NONE', #2142, #2171, #2313 ) ;
#675 = CARTESIAN_POINT ( 'NONE',  ( 5.660489311184873529, -8.783649214693626917, 21.42600925281414348 ) ) ;
#676 = VERTEX_POINT ( 'NONE', #308 ) ;
#677 = DIRECTION ( 'NONE',  ( -7.161174186840735016E-31, 1.000000000000000000, 0.000000000000000000 ) ) ;
#678 = VECTOR ( 'NONE', #919, 1000.000000000000000 ) ;
#679 = CARTESIAN_POINT ( 'NONE',  ( 6.933398224480484373, -5.342216298749534964, 26.03292375990864471 ) ) ;
#680 = MECHANICAL_DESIGN_GEOMETRIC_PRESENTATION_REPRESENTATION (  '', ( #2159 ), #990 ) ;
#681 = ORIENTED_EDGE ( 'NONE', *, *, #1523, .F. ) ;
#682 = LINE ( 'NONE', #1538, #1883 ) ;
#683 = CARTESIAN_POINT ( 'NONE',  ( 7.464177447601109350, 37.87267503697535176, 19.04069931535082461 ) ) ;
#684 = CARTESIAN_POINT ( 'NONE',  ( 99.30383453050623643, -9.901404708686333933, 26.64362907087304677 ) ) ;
#685 = FACE_OUTER_BOUND ( 'NONE', #2404, .T. ) ;
#686 = EDGE_CURVE ( 'NONE', #147, #1907, #1473, .T. ) ;
#687 = VERTEX_POINT ( 'NONE', #1377 ) ;
#688 = CYLINDRICAL_SURFACE ( 'NONE', #483, 2.549999999999996714 ) ;
#689 = CARTESIAN_POINT ( 'NONE',  ( 5.655998826819142344, -8.783427574901784496, 21.41928868704115629 ) ) ;
#690 = EDGE_LOOP ( 'NONE', ( #1180, #2082, #610, #1352 ) ) ;
#691 = DIRECTION ( 'NONE',  ( 1.000000000000000000, 7.161174186840735016E-31, -0.000000000000000000 ) ) ;
#692 = ORIENTED_EDGE ( 'NONE', *, *, #2694, .F. ) ;
#693 = CARTESIAN_POINT ( 'NONE',  ( 22.82709166908013287, -10.00000000000000000, 12.00000000000000000 ) ) ;
#694 = LINE ( 'NONE', #1130, #2156 ) ;
#695 = CARTESIAN_POINT ( 'NONE',  ( 30.15211817307866937, -9.992498657362508752, 2.000000000000000000 ) ) ;
#696 = PLANE ( 'NONE',  #804 ) ;
#697 = CARTESIAN_POINT ( 'NONE',  ( 28.29999999999999716, 28.99999999999996092, 11.99999999999999645 ) ) ;
#698 = ORIENTED_EDGE ( 'NONE', *, *, #2577, .F. ) ;
#699 = ADVANCED_FACE ( 'NONE', ( #1829 ), #2473, .F. ) ;
#700 = DIRECTION ( 'NONE',  ( 0.9987841318987268346, -0.04929764565683239508, 0.000000000000000000 ) ) ;
#701 = CARTESIAN_POINT ( 'NONE',  ( 3.279412346926632971, -5.161861619941307211, 22.98726314926475212 ) ) ;
#702 = VERTEX_POINT ( 'NONE', #1637 ) ;
#703 = ORIENTED_EDGE ( 'NONE', *, *, #1412, .F. ) ;
#704 = PLANE ( 'NONE',  #1615 ) ;
#705 = CARTESIAN_POINT ( 'NONE',  ( 7.393174014195807331, 37.86917047378832990, 19.02256391916921174 ) ) ;
#706 = DIRECTION ( 'NONE',  ( 0.5202576841382980932, 0.8540093337282999020, 0.000000000000000000 ) ) ;
#707 = CARTESIAN_POINT ( 'NONE',  ( 101.3014027943036979, -10.00000000000000000, -80.95677859203634341 ) ) ;
#708 = ORIENTED_EDGE ( 'NONE', *, *, #1889, .T. ) ;
#709 = PLANE ( 'NONE',  #1748 ) ;
#710 = EDGE_CURVE ( 'NONE', #1537, #402, #582, .T. ) ;
#711 = CARTESIAN_POINT ( 'NONE',  ( 5.658072444657332944, -8.783529923821987495, 21.42239340580325191 ) ) ;
#712 = ORIENTED_EDGE ( 'NONE', *, *, #714, .T. ) ;
#713 = VECTOR ( 'NONE', #151, 1000.000000000000000 ) ;
#714 = EDGE_CURVE ( 'NONE', #1203, #2210, #1036, .T. ) ;
#715 = CARTESIAN_POINT ( 'NONE',  ( 6.939637142810168413, -5.342524237147108224, 26.03550826262388895 ) ) ;
#716 = CARTESIAN_POINT ( 'NONE',  ( 9.415128735502676705, -8.968969423533254215, 18.65035937939770960 ) ) ;
#717 = VECTOR ( 'NONE', #1131, 1000.000000000000000 ) ;
#718 = VERTEX_POINT ( 'NONE', #853 ) ;
#719 = DIRECTION ( 'NONE',  ( 1.000000000000000000, 0.000000000000000000, -0.000000000000000000 ) ) ;
#720 = VECTOR ( 'NONE', #1057, 1000.000000000000000 ) ;
#721 = LINE ( 'NONE', #238, #38 ) ;
#722 = CARTESIAN_POINT ( 'NONE',  ( 2.623494355916423437, 37.63375025616490888, 19.55303056138717466 ) ) ;
#723 = VERTEX_POINT ( 'NONE', #2500 ) ;
#724 = CARTESIAN_POINT ( 'NONE',  ( -0.07205100991340160355, 33.99644373088970184, 20.45265772832336282 ) ) ;
#725 = EDGE_CURVE ( 'NONE', #2394, #702, #757, .T. ) ;
#726 = CARTESIAN_POINT ( 'NONE',  ( 5.676828410993694618, -8.784455674394981983, 21.45027050214038766 ) ) ;
#727 = ORIENTED_EDGE ( 'NONE', *, *, #2505, .T. ) ;
#728 = CARTESIAN_POINT ( 'NONE',  ( 6.917760573952875802, -5.341444460941948691, 26.02643432897752973 ) ) ;
#729 = EDGE_LOOP ( 'NONE', ( #642, #1343, #273, #648 ) ) ;
#730 = LINE ( 'NONE', #2435, #1710 ) ;
#731 = DIRECTION ( 'NONE',  ( 0.000000000000000000, 0.000000000000000000, -1.000000000000000000 ) ) ;
#732 = CARTESIAN_POINT ( 'NONE',  ( 40.85000000000000142, 22.49999999999997868, 0.000000000000000000 ) ) ;
#733 = CARTESIAN_POINT ( 'NONE',  ( 7.146370644850325249, 37.85698883747639343, 18.71222952418503738 ) ) ;
#734 = VERTEX_POINT ( 'NONE', #596 ) ;
#735 = CARTESIAN_POINT ( 'NONE',  ( 2.953534841261426180, -5.145779562759789982, 22.43540968515500467 ) ) ;
#736 = CARTESIAN_POINT ( 'NONE',  ( 94.30280558860737017, 6.499999999999979572, 88.00000000000001421 ) ) ;
#737 = CARTESIAN_POINT ( 'NONE',  ( 9.531937118226537109, -8.974734811746142071, 18.92297433203740553 ) ) ;
#738 = DIRECTION ( 'NONE',  ( -0.5202576841382980932, -0.8540093337282999020, 0.000000000000000000 ) ) ;
#739 = CARTESIAN_POINT ( 'NONE',  ( 6.968053843920334778, -5.343927178107619191, 26.04720672086492428 ) ) ;
#740 = CARTESIAN_POINT ( 'NONE',  ( 2.196781137396840222, -5.108425839913323330, 20.42356428074489116 ) ) ;
#741 = ORIENTED_EDGE ( 'NONE', *, *, #1506, .F. ) ;
#742 = DIRECTION ( 'NONE',  ( -0.9987841318987268346, -0.04929764565683231875, -0.000000000000000000 ) ) ;
#743 = EDGE_CURVE ( 'NONE', #196, #232, #1438, .T. ) ;
#744 = CARTESIAN_POINT ( 'NONE',  ( 2.866898603937730439, 37.64576411980883819, 20.42757220567165888 ) ) ;
#745 = LINE ( 'NONE', #2086, #1881 ) ;
#746 = ORIENTED_EDGE ( 'NONE', *, *, #2608, .F. ) ;
#747 = CARTESIAN_POINT ( 'NONE',  ( 4.621661963238568482, -5.228114410844980853, 24.56899963939757470 ) ) ;
#748 = LINE ( 'NONE', #352, #577 ) ;
#749 = CARTESIAN_POINT ( 'NONE',  ( 4.371742206432167599, -5.215778726310236202, 24.33062930926404377 ) ) ;
#750 = CARTESIAN_POINT ( 'NONE',  ( 136.3014027943036979, 50.99999999999995737, -80.95677859203634341 ) ) ;
#751 = CARTESIAN_POINT ( 'NONE',  ( 7.407878485137874058, 37.86989625203702303, 19.02776890792650377 ) ) ;
#752 = VECTOR ( 'NONE', #1270, 1000.000000000000000 ) ;
#753 = CARTESIAN_POINT ( 'NONE',  ( 8.384099422414896807, -8.918080231249268408, 23.43789804824298884 ) ) ;
#754 = CARTESIAN_POINT ( 'NONE',  ( 2.153433644168881500, -5.106289181247891662, 20.21487561397785626 ) ) ;
#755 = EDGE_LOOP ( 'NONE', ( #2708, #431, #433, #1319 ) ) ;
#756 = CARTESIAN_POINT ( 'NONE',  ( 101.3014027943036979, -10.00000000000000000, 28.64362907087304322 ) ) ;
#757 = CIRCLE ( 'NONE', #1749, 2.549999999999996714 ) ;
#758 = CARTESIAN_POINT ( 'NONE',  ( 4.173063909281279571, -8.710233380318475938, 24.30465772932940993 ) ) ;
#759 = ADVANCED_FACE ( 'NONE', ( #1020 ), #2739, .T. ) ;
#760 = VECTOR ( 'NONE', #2359, 1000.000000000000000 ) ;
#761 = CARTESIAN_POINT ( 'NONE',  ( 7.148123523168595561, 37.85707535544505475, 18.72195442444324698 ) ) ;
#762 = VECTOR ( 'NONE', #646, 1000.000000000000000 ) ;
#763 = CARTESIAN_POINT ( 'NONE',  ( 28.32709166908012932, 35.39815890440325319, 2.000000000000001776 ) ) ;
#764 = LINE ( 'NONE', #789, #2725 ) ;
#765 = VERTEX_POINT ( 'NONE', #1650 ) ;
#766 = CARTESIAN_POINT ( 'NONE',  ( 2.769579730182216259, -5.136699969288970102, 22.07458147827680861 ) ) ;
#767 = CARTESIAN_POINT ( 'NONE',  ( -0.2464265998208086950, 33.98783696014920253, 19.36837559216121463 ) ) ;
#768 = CARTESIAN_POINT ( 'NONE',  ( 9.531496721980090570, -8.974713074818801317, 18.92253388819153415 ) ) ;
#769 = PLANE ( 'NONE',  #620 ) ;
#770 = CARTESIAN_POINT ( 'NONE',  ( 7.364441911147330266, 37.86775232447075012, 19.01061158791653583 ) ) ;
#771 = CARTESIAN_POINT ( 'NONE',  ( 8.380298222024887167, -8.917892612900208960, 23.43675784946865548 ) ) ;
#772 = CARTESIAN_POINT ( 'NONE',  ( 9.422761188713364433, -8.969346143548978745, 18.72032896233664090 ) ) ;
#773 = VERTEX_POINT ( 'NONE', #792 ) ;
#774 = CARTESIAN_POINT ( 'NONE',  ( 5.804199693874738664, 34.28648170379533155, 26.41926738741505432 ) ) ;
#775 = CARTESIAN_POINT ( 'NONE',  ( 7.142476689303363990, 37.85679664095001584, 18.68285705563082644 ) ) ;
#776 = CARTESIAN_POINT ( 'NONE',  ( 91.75280558860737301, 22.49999999999997868, 88.00000000000001421 ) ) ;
#777 = VERTEX_POINT ( 'NONE', #639 ) ;
#778 = CARTESIAN_POINT ( 'NONE',  ( 3.412254291832448327, -5.168420880545999907, 23.18554321541722629 ) ) ;
#779 = DIRECTION ( 'NONE',  ( -1.000000000000000000, 0.000000000000000000, 0.000000000000000000 ) ) ;
#780 = EDGE_CURVE ( 'NONE', #676, #1120, #2555, .T. ) ;
#781 = CARTESIAN_POINT ( 'NONE',  ( 6.613845144318392322, -8.830704625913824657, 22.48595033307262270 ) ) ;
#782 = LINE ( 'NONE', #310, #1522 ) ;
#783 = CARTESIAN_POINT ( 'NONE',  ( 7.314294291052541475, 37.86527715538564109, 18.98175067251107961 ) ) ;
#784 = CARTESIAN_POINT ( 'NONE',  ( 9.678308482734822249, -8.981959359505147233, 19.01716213090767837 ) ) ;
#785 = CARTESIAN_POINT ( 'NONE',  ( 9.420226770663624905, -8.969221050609499812, 18.70667887805412022 ) ) ;
#786 = EDGE_LOOP ( 'NONE', ( #1089, #741, #2285, #1519 ) ) ;
#787 = DIRECTION ( 'NONE',  ( -1.000000000000000000, 0.000000000000000000, 0.000000000000000000 ) ) ;
#788 = CARTESIAN_POINT ( 'NONE',  ( 0.3295370899866738035, 34.01626517900522373, 21.59586725364108517 ) ) ;
#789 = CARTESIAN_POINT ( 'NONE',  ( 28.32709166908012932, 35.39815890440325319, 136.1735104717425315 ) ) ;
#790 = ORIENTED_EDGE ( 'NONE', *, *, #1948, .F. ) ;
#791 = CARTESIAN_POINT ( 'NONE',  ( 3.371104386818949639, -5.166389817605202772, 23.12521990263751093 ) ) ;
#792 = CARTESIAN_POINT ( 'NONE',  ( 27.74020926601027170, 38.87345248225837935, 13.99999999999999822 ) ) ;
#793 = ORIENTED_EDGE ( 'NONE', *, *, #2246, .T. ) ;
#794 = CARTESIAN_POINT ( 'NONE',  ( 9.534300963764117398, -8.974851485625892522, 18.92530630931459967 ) ) ;
#795 = DIRECTION ( 'NONE',  ( 1.000000000000000000, 0.000000000000000000, -0.000000000000000000 ) ) ;
#796 = CARTESIAN_POINT ( 'NONE',  ( 7.415282352650724995, 37.87026168959803130, 19.03006479314777621 ) ) ;
#797 = ADVANCED_FACE ( 'NONE', ( #1691 ), #2332, .F. ) ;
#798 = CARTESIAN_POINT ( 'NONE',  ( 9.774964317033882466, -8.986730065123868627, 19.04115984145013840 ) ) ;
#799 = PRODUCT ( '4. Body Back', '4. Body Back', '', ( #2666 ) ) ;
#800 = CARTESIAN_POINT ( 'NONE',  ( 2.118472734310705707, -5.104563213648197539, 20.03045049644568465 ) ) ;
#801 = EDGE_LOOP ( 'NONE', ( #660, #1284, #2693, #2050 ) ) ;
#802 = CARTESIAN_POINT ( 'NONE',  ( 5.436354805731441253, 34.26832574158769518, 26.32001591292151943 ) ) ;
#803 = ADVANCED_FACE ( 'NONE', ( #2100 ), #1450, .F. ) ;
#804 = AXIS2_PLACEMENT_3D ( 'NONE', #707, #31, #668 ) ;
#805 = CARTESIAN_POINT ( 'NONE',  ( 0.3881291602227067705, 34.01915691877121617, 21.84381487608854755 ) ) ;
#806 = CIRCLE ( 'NONE', #2413, 10.00000000000000000 ) ;
#807 = PLANE ( 'NONE',  #2775 ) ;
#808 = VECTOR ( 'NONE', #422, 1000.000000000000000 ) ;
#809 = LINE ( 'NONE', #1237, #258 ) ;
#810 = VECTOR ( 'NONE', #2643, 1000.000000000000000 ) ;
#811 = VERTEX_POINT ( 'NONE', #1267 ) ;
#812 = CARTESIAN_POINT ( 'NONE',  ( 7.029360805666074796, -8.851213505844700791, 22.79728420896078944 ) ) ;
#813 = CARTESIAN_POINT ( 'NONE',  ( 9.827458240201140782, -8.989321042233726189, 19.04428699408769177 ) ) ;
#814 = EDGE_CURVE ( 'NONE', #386, #1495, #1869, .T. ) ;
#815 = CARTESIAN_POINT ( 'NONE',  ( 2.010522131132403079, 34.09923445661426911, 24.25475025006990037 ) ) ;
#816 = PRESENTATION_LAYER_ASSIGNMENT (  '', '', ( #2159 ) ) ;
#817 = CARTESIAN_POINT ( 'NONE',  ( 8.361168852060199441, -5.412687621971165264, 26.47413711820232507 ) ) ;
#818 = CARTESIAN_POINT ( 'NONE',  ( 9.435439358809432520, -8.969971908333393529, 18.76796678215616154 ) ) ;
#819 = VERTEX_POINT ( 'NONE', #2303 ) ;
#820 = CARTESIAN_POINT ( 'NONE',  ( 3.399470203029763216, 34.16778988786224147, 25.38661404747911021 ) ) ;
#821 = EDGE_CURVE ( 'NONE', #2394, #2547, #824, .T. ) ;
#822 = CARTESIAN_POINT ( 'NONE',  ( 99.13129277070730438, -13.39714917033188257, 2.000000000000000000 ) ) ;
#823 = CARTESIAN_POINT ( 'NONE',  ( -0.2766563684975489879, 33.98634488956388822, 2.000000000000000000 ) ) ;
#824 = LINE ( 'NONE', #1479, #299 ) ;
#825 = ORIENTED_EDGE ( 'NONE', *, *, #1882, .F. ) ;
#826 = CARTESIAN_POINT ( 'NONE',  ( 7.065961363824824204, -8.853020023679063044, 22.82164873560979146 ) ) ;
#827 = DIRECTION ( 'NONE',  ( -1.000000000000000000, 0.000000000000000000, 0.000000000000000000 ) ) ;
#828 = CARTESIAN_POINT ( 'NONE',  ( 1.715570106158572194, 34.08467728269648944, 23.93928556836238641 ) ) ;
#829 = CARTESIAN_POINT ( 'NONE',  ( 5.536637564606333051, -5.273275463709452993, 25.28371320986998327 ) ) ;
#830 = CARTESIAN_POINT ( 'NONE',  ( 9.801184131206152728, -8.988024213746150792, 19.04376473965498917 ) ) ;
#831 = CARTESIAN_POINT ( 'NONE',  ( 9.463593750173826535, -8.971361543155211393, 18.83202758126652299 ) ) ;
#832 = ORIENTED_EDGE ( 'NONE', *, *, #391, .T. ) ;
#833 = CARTESIAN_POINT ( 'NONE',  ( 2.035514177748430242, 34.10046821275913231, 24.28005347030399719 ) ) ;
#834 = DIRECTION ( 'NONE',  ( -0.000000000000000000, 0.000000000000000000, 1.000000000000000000 ) ) ;
#835 = EDGE_CURVE ( 'NONE', #718, #1233, #2115, .T. ) ;
#836 = PLANE ( 'NONE',  #1123 ) ;
#837 = DIRECTION ( 'NONE',  ( 0.9987841318987268346, -0.04929764565683240896, 0.000000000000000000 ) ) ;
#838 = ORIENTED_EDGE ( 'NONE', *, *, #2391, .T. ) ;
#839 = CARTESIAN_POINT ( 'NONE',  ( 5.890102039592719052, -5.290721262239906686, 25.50938083337214479 ) ) ;
#840 = FACE_OUTER_BOUND ( 'NONE', #188, .T. ) ;
#841 = CARTESIAN_POINT ( 'NONE',  ( 4.346962585104614973, 37.71881661169653199, 22.50509511578218280 ) ) ;
#842 = PLANE ( 'NONE',  #1665 ) ;
#843 = CARTESIAN_POINT ( 'NONE',  ( 2.860309588035125916, -5.141178052343897242, 22.25755737130163681 ) ) ;
#844 = ORIENTED_EDGE ( 'NONE', *, *, #2173, .T. ) ;
#845 = CARTESIAN_POINT ( 'NONE',  ( -0.2766563684975489879, 33.98634488956388822, 2.000000000000000000 ) ) ;
#846 = EDGE_LOOP ( 'NONE', ( #459, #940, #616, #1337 ) ) ;
#847 = DIRECTION ( 'NONE',  ( -7.161174186840735016E-31, 1.000000000000000000, -0.000000000000000000 ) ) ;
#848 = CARTESIAN_POINT ( 'NONE',  ( 6.782179140841268605, 34.33475370153688289, 26.59403022274442563 ) ) ;
#849 = EDGE_CURVE ( 'NONE', #1967, #935, #379, .T. ) ;
#850 = VECTOR ( 'NONE', #1888, 1000.000000000000000 ) ;
#851 = LINE ( 'NONE', #1947, #1033 ) ;
#852 = DIRECTION ( 'NONE',  ( 0.04929764565683240896, 0.9987841318987268346, 0.000000000000000000 ) ) ;
#853 = CARTESIAN_POINT ( 'NONE',  ( 1.339745962155608483, 9.594154201112883664E-31, 23.64362907087304322 ) ) ;
#854 = AXIS2_PLACEMENT_3D ( 'NONE', #2, #1526, #438 ) ;
#855 = CARTESIAN_POINT ( 'NONE',  ( 8.391437040472226272, -5.414181680065743407, 26.48040305883717238 ) ) ;
#856 = AXIS2_PLACEMENT_3D ( 'NONE', #43, #1373, #2215 ) ;
#857 = VERTEX_POINT ( 'NONE', #608 ) ;
#858 = CARTESIAN_POINT ( 'NONE',  ( 9.641815915058330688, -8.980158171828081848, 19.00149130548267351 ) ) ;
#859 = DIRECTION ( 'NONE',  ( -0.9987841318987268346, -0.04929764565683088934, 0.000000000000000000 ) ) ;
#860 = CARTESIAN_POINT ( 'NONE',  ( 7.292343031473586201, 37.86419369262139867, 18.96576977404279418 ) ) ;
#861 = VECTOR ( 'NONE', #2051, 1000.000000000000000 ) ;
#862 = FACE_OUTER_BOUND ( 'NONE', #2101, .T. ) ;
#863 = CARTESIAN_POINT ( 'NONE',  ( 9.468463219846276147, -8.971601888774232592, 18.84070258726783109 ) ) ;
#864 = ORIENTED_EDGE ( 'NONE', *, *, #1634, .F. ) ;
#865 = FILL_AREA_STYLE_COLOUR ( '', #583 ) ;
#866 = ORIENTED_EDGE ( 'NONE', *, *, #2202, .T. ) ;
#867 = DIRECTION ( 'NONE',  ( 0.000000000000000000, 0.000000000000000000, -1.000000000000000000 ) ) ;
#868 = DIRECTION ( 'NONE',  ( 0.9987841318987268346, 0.04929764565683236038, 0.000000000000000000 ) ) ;
#869 = CARTESIAN_POINT ( 'NONE',  ( 30.15211817307866937, -9.992498657362508752, 2.000000000000000000 ) ) ;
#870 = CARTESIAN_POINT ( 'NONE',  ( 22.82709166908013287, -10.00000000000000000, 0.000000000000000000 ) ) ;
#871 = ORIENTED_EDGE ( 'NONE', *, *, #288, .F. ) ;
#872 = CARTESIAN_POINT ( 'NONE',  ( 9.594179785848750086, -8.977806964051310956, 18.97395523526051520 ) ) ;
#873 = CARTESIAN_POINT ( 'NONE',  ( 38.30000000000000426, 22.49999999999997868, 28.64362907087304677 ) ) ;
#874 = EDGE_CURVE ( 'NONE', #204, #2717, #809, .T. ) ;
#875 = CARTESIAN_POINT ( 'NONE',  ( 2.630759685649621815, -5.129847946320461816, 21.76320814101510592 ) ) ;
#876 = ORIENTED_EDGE ( 'NONE', *, *, #2046, .F. ) ;
#877 = CARTESIAN_POINT ( 'NONE',  ( 27.91275102580917888, 35.37770802061283604, 2.000000000000000000 ) ) ;
#878 = VERTEX_POINT ( 'NONE', #392 ) ;
#879 = CARTESIAN_POINT ( 'NONE',  ( 2.055876841247852305, -5.101473266141354657, 19.62008546727061642 ) ) ;
#880 = CARTESIAN_POINT ( 'NONE',  ( 7.538240954936864746, 34.37206774883247817, 26.64363092519885257 ) ) ;
#881 = LINE ( 'NONE', #1975, #1301 ) ;
#882 = PLANE ( 'NONE',  #1565 ) ;
#883 = ORIENTED_EDGE ( 'NONE', *, *, #18, .T. ) ;
#884 = CARTESIAN_POINT ( 'NONE',  ( 38.29999999999999716, 6.499999999999979572, 0.000000000000000000 ) ) ;
#885 = CARTESIAN_POINT ( 'NONE',  ( 3.341928826834344779, -5.164949878401714045, 23.08176385393515062 ) ) ;
#886 = ORIENTED_EDGE ( 'NONE', *, *, #1113, .T. ) ;
#887 = DIRECTION ( 'NONE',  ( 1.000000000000000000, 0.000000000000000000, 0.000000000000000000 ) ) ;
#888 = EDGE_CURVE ( 'NONE', #1429, #232, #2502, .T. ) ;
#889 = ORIENTED_EDGE ( 'NONE', *, *, #1448, .T. ) ;
#890 = ADVANCED_FACE ( 'NONE', ( #2764 ), #2314, .F. ) ;
#891 = CARTESIAN_POINT ( 'NONE',  ( 2.075628498378918607, -5.102448161680127825, 19.76690557810337978 ) ) ;
#892 = DIRECTION ( 'NONE',  ( -0.000000000000000000, -0.000000000000000000, -1.000000000000000000 ) ) ;
#893 = FACE_OUTER_BOUND ( 'NONE', #101, .T. ) ;
#894 = LINE ( 'NONE', #870, #1296 ) ;
#895 = CIRCLE ( 'NONE', #255, 2.549999999999996714 ) ;
#896 = ORIENTED_EDGE ( 'NONE', *, *, #2668, .T. ) ;
#897 = VECTOR ( 'NONE', #365, 1000.000000000000227 ) ;
#898 = CARTESIAN_POINT ( 'NONE',  ( -8.646011524884108583E-42, 28.99999999999996092, 18.64362907087305388 ) ) ;
#899 = VECTOR ( 'NONE', #2597, 1000.000000000000000 ) ;
#900 = CARTESIAN_POINT ( 'NONE',  ( 5.689598176201502433, -8.785085960099596747, 21.46907565994720102 ) ) ;
#901 = EDGE_CURVE ( 'NONE', #518, #1331, #2539, .T. ) ;
#902 = ORIENTED_EDGE ( 'NONE', *, *, #465, .F. ) ;
#903 = SURFACE_STYLE_USAGE ( .BOTH. , #2383 ) ;
#904 = VECTOR ( 'NONE', #847, 1000.000000000000000 ) ;
#905 = ORIENTED_EDGE ( 'NONE', *, *, #1173, .T. ) ;
#906 = DIRECTION ( 'NONE',  ( 0.04929764565683240896, 0.9987841318987268346, -0.000000000000000000 ) ) ;
#907 = FACE_OUTER_BOUND ( 'NONE', #2055, .T. ) ;
#908 = CARTESIAN_POINT ( 'NONE',  ( 5.779012515286602536, -5.285238523647156406, 25.44132326850854042 ) ) ;
#909 = EDGE_CURVE ( 'NONE', #2758, #1401, #894, .T. ) ;
#910 = LINE ( 'NONE', #475, #899 ) ;
#911 = FACE_OUTER_BOUND ( 'NONE', #1292, .T. ) ;
#912 = ORIENTED_EDGE ( 'NONE', *, *, #2377, .T. ) ;
#913 = DIRECTION ( 'NONE',  ( 5.782411586589357639E-16, -0.000000000000000000, 1.000000000000000000 ) ) ;
#914 = CARTESIAN_POINT ( 'NONE',  ( 9.506546577887670324, -8.973481594138171147, 18.89537791819450874 ) ) ;
#915 = ORIENTED_EDGE ( 'NONE', *, *, #1713, .F. ) ;
#916 = ADVANCED_FACE ( 'NONE', ( #2143 ), #1335, .F. ) ;
#917 = LINE ( 'NONE', #1773, #808 ) ;
#918 = ORIENTED_EDGE ( 'NONE', *, *, #686, .T. ) ;
#919 = DIRECTION ( 'NONE',  ( -0.000000000000000000, -0.000000000000000000, -1.000000000000000000 ) ) ;
#920 = CARTESIAN_POINT ( 'NONE',  ( 7.454689244868671238, 37.87220672150928635, 19.03912934357052933 ) ) ;
#921 = CARTESIAN_POINT ( 'NONE',  ( 18.29122399891002715, 38.40707269844202898, 14.00000000000000000 ) ) ;
#922 = DIRECTION ( 'NONE',  ( -0.9987841318987269457, -0.04929764565683238814, 0.000000000000000000 ) ) ;
#923 = ADVANCED_FACE ( 'NONE', ( #2183 ), #423, .F. ) ;
#924 = ORIENTED_EDGE ( 'NONE', *, *, #465, .T. ) ;
#925 = LINE ( 'NONE', #1122, #1338 ) ;
#926 = CARTESIAN_POINT ( 'NONE',  ( 9.526679990942243492, -8.974475332255275717, 18.91765772703716664 ) ) ;
#927 = ORIENTED_EDGE ( 'NONE', *, *, #2586, .F. ) ;
#928 = CARTESIAN_POINT ( 'NONE',  ( 1.997567239970439834, -5.098593967396229054, 18.75964363320592909 ) ) ;
#929 = ORIENTED_EDGE ( 'NONE', *, *, #1882, .T. ) ;
#930 = CARTESIAN_POINT ( 'NONE',  ( -1.027151774350089639E-41, 33.99999999999995737, 18.64362907087305388 ) ) ;
#931 = CARTESIAN_POINT ( 'NONE',  ( 6.498717831771759990, -5.320761492561344674, 25.83867097938790636 ) ) ;
#932 = DIRECTION ( 'NONE',  ( 1.000000000000000000, 0.000000000000000000, 0.000000000000000000 ) ) ;
#933 = EDGE_CURVE ( 'NONE', #687, #39, #1282, .T. ) ;
#934 = CARTESIAN_POINT ( 'NONE',  ( 2.573482430936369525, 37.63128178467286489, 19.23024832962254393 ) ) ;
#935 = VERTEX_POINT ( 'NONE', #1725 ) ;
#936 = CARTESIAN_POINT ( 'NONE',  ( 0.1450034438053927066, 34.00715703039654159, 21.21973439579921106 ) ) ;
#937 = ADVANCED_FACE ( 'NONE', ( #2376 ), #696, .T. ) ;
#938 = AXIS2_PLACEMENT_3D ( 'NONE', #750, #2078, #738 ) ;
#939 = CARTESIAN_POINT ( 'NONE',  ( 9.484464252615040891, -8.972391662278219826, 18.86594280004867485 ) ) ;
#940 = ORIENTED_EDGE ( 'NONE', *, *, #380, .T. ) ;
#941 = VECTOR ( 'NONE', #1899, 1000.000000000000000 ) ;
#942 = CARTESIAN_POINT ( 'NONE',  ( 4.815065218346420650, -8.741921061404610782, 18.71659224241122033 ) ) ;
#943 = AXIS2_PLACEMENT_3D ( 'NONE', #62, #2426, #1504 ) ;
#944 = ORIENTED_EDGE ( 'NONE', *, *, #909, .F. ) ;
#945 = CARTESIAN_POINT ( 'NONE',  ( 20.65698164548375360, -9.523840955411669640, 2.000000000000000000 ) ) ;
#946 = LINE ( 'NONE', #345, #1794 ) ;
#947 = VECTOR ( 'NONE', #2370, 1000.000000000000000 ) ;
#948 = LINE ( 'NONE', #2388, #1341 ) ;
#949 = CARTESIAN_POINT ( 'NONE',  ( 2.540840445724509955, 37.62967065272843570, 18.74121651948407674 ) ) ;
#950 = VERTEX_POINT ( 'NONE', #2568 ) ;
#951 = CYLINDRICAL_SURFACE ( 'NONE', #119, 2.549999999999996714 ) ;
#952 = CARTESIAN_POINT ( 'NONE',  ( 6.279615569377239304, -8.814207836840727950, 22.18008733224877105 ) ) ;
#953 = CARTESIAN_POINT ( 'NONE',  ( 9.415128783162026949, -8.968969425885607194, 18.64362907087312493 ) ) ;
#954 = EDGE_CURVE ( 'NONE', #811, #1630, #1751, .T. ) ;
#955 = CARTESIAN_POINT ( 'NONE',  ( 9.703028893360960083, -8.983179501079904483, 19.02559248515223445 ) ) ;
#956 = CARTESIAN_POINT ( 'NONE',  ( 4.913179735919660729, -8.746763764213600467, 19.62931977814052331 ) ) ;
#957 = ORIENTED_EDGE ( 'NONE', *, *, #550, .T. ) ;
#958 = LINE ( 'NONE', #1139, #1838 ) ;
#959 = CARTESIAN_POINT ( 'NONE',  ( 20.65698164548375360, -9.523840955411669640, 14.00000000000000000 ) ) ;
#960 = CARTESIAN_POINT ( 'NONE',  ( 7.149553796213605317, 37.85714595037293151, 18.72920934587781261 ) ) ;
#961 = ORIENTED_EDGE ( 'NONE', *, *, #874, .F. ) ;
#962 = CARTESIAN_POINT ( 'NONE',  ( 3.279475320275959671, -5.161867221470516576, 22.98735480872845116 ) ) ;
#963 = CARTESIAN_POINT ( 'NONE',  ( 0.3250658289777035304, 34.01604448803315961, 21.69454604371857442 ) ) ;
#964 = CARTESIAN_POINT ( 'NONE',  ( 4.490084844858768243, -5.221620771117336801, 24.44534099441253261 ) ) ;
#965 = CARTESIAN_POINT ( 'NONE',  ( 22.82709166908013287, -10.00000000000000000, 0.000000000000000000 ) ) ;
#966 = EDGE_CURVE ( 'NONE', #1102, #935, #1778, .T. ) ;
#967 = CARTESIAN_POINT ( 'NONE',  ( 4.001463596205882212, 34.19750350091225499, 25.73792582247799743 ) ) ;
#968 = CARTESIAN_POINT ( 'NONE',  ( 8.068808640669789867, -8.902518216654788930, 23.33235721105159755 ) ) ;
#969 = CARTESIAN_POINT ( 'NONE',  ( 9.422397545240141170, -8.969328194958769984, 18.71849941009779528 ) ) ;
#970 = ORIENTED_EDGE ( 'NONE', *, *, #103, .T. ) ;
#971 = DIRECTION ( 'NONE',  ( 0.000000000000000000, -1.000000000000000000, -4.163336342344337027E-15 ) ) ;
#972 = CARTESIAN_POINT ( 'NONE',  ( 2.887575692861626742, 37.64678469249359694, 20.48097655353134527 ) ) ;
#973 = FACE_OUTER_BOUND ( 'NONE', #1635, .T. ) ;
#974 = ORIENTED_EDGE ( 'NONE', *, *, #1374, .T. ) ;
#975 = CARTESIAN_POINT ( 'NONE',  ( 2.928784903514909388, -5.144557963795521438, 22.38910135468653806 ) ) ;
#976 = CYLINDRICAL_SURFACE ( 'NONE', #672, 9.999999999999998224 ) ;
#977 = CARTESIAN_POINT ( 'NONE',  ( 4.350590793098463749, -5.214734027183662413, 24.30963131379432340 ) ) ;
#978 = DIRECTION ( 'NONE',  ( -0.000000000000000000, -0.000000000000000000, -1.000000000000000000 ) ) ;
#979 = CARTESIAN_POINT ( 'NONE',  ( 5.804181053377316601, 34.28647998671475250, 26.41926305246110118 ) ) ;
#980 = CARTESIAN_POINT ( 'NONE',  ( 7.904754551325499534, -8.894420891009790608, 23.26698364392296980 ) ) ;
#981 = CARTESIAN_POINT ( 'NONE',  ( 4.911496921739265886, -8.746680704446706756, 19.62091494243773582 ) ) ;
#982 = VERTEX_POINT ( 'NONE', #1738 ) ;
#983 = CARTESIAN_POINT ( 'NONE',  ( 4.797828465447606661, 34.23680957682238102, 26.09872362729883477 ) ) ;
#984 = VECTOR ( 'NONE', #466, 1000.000000000000000 ) ;
#985 = CIRCLE ( 'NONE', #1930, 2.549999999999996714 ) ;
#986 = CARTESIAN_POINT ( 'NONE',  ( -0.2766563684975338333, 33.98634488956363242, 18.64362907087316401 ) ) ;
#987 = VECTOR ( 'NONE', #662, 1000.000000000000000 ) ;
#988 = EDGE_CURVE ( 'NONE', #935, #1630, #2620, .T. ) ;
#989 = FACE_BOUND ( 'NONE', #1686, .T. ) ;
#990 =( GEOMETRIC_REPRESENTATION_CONTEXT ( 3 ) GLOBAL_UNCERTAINTY_ASSIGNED_CONTEXT ( ( #2663 ) ) GLOBAL_UNIT_ASSIGNED_CONTEXT ( ( #1759, #1743, #2588 ) ) REPRESENTATION_CONTEXT ( 'NONE', 'WORKASPACE' ) );
#991 = ORIENTED_EDGE ( 'NONE', *, *, #2450, .T. ) ;
#992 = CARTESIAN_POINT ( 'NONE',  ( 2.163020680637893989, -5.106761635129080545, 20.26208392566291394 ) ) ;
#993 = CARTESIAN_POINT ( 'NONE',  ( 0.3881294340794997910, 34.01915715988974398, 21.84381504123975049 ) ) ;
#994 = CARTESIAN_POINT ( 'NONE',  ( 4.362505811324968619, -5.215323300751149915, 24.32148000975541891 ) ) ;
#995 = DIRECTION ( 'NONE',  ( -0.000000000000000000, 0.000000000000000000, 1.000000000000000000 ) ) ;
#996 = CARTESIAN_POINT ( 'NONE',  ( 6.447481095112570948, 37.82249328605977468, 23.53433404649813454 ) ) ;
#997 = CARTESIAN_POINT ( 'NONE',  ( 5.123393551354713971, -5.252878707008526327, 24.98728081348453500 ) ) ;
#998 = CARTESIAN_POINT ( 'NONE',  ( 8.328740803324960140, -8.915347859457620316, 23.42093132214012385 ) ) ;
#999 = CARTESIAN_POINT ( 'NONE',  ( 9.431449183344556175, -8.969774962617201197, 18.75520124771628971 ) ) ;
#1000 = ORIENTED_EDGE ( 'NONE', *, *, #1005, .T. ) ;
#1001 = CARTESIAN_POINT ( 'NONE',  ( 2.083152625237180811, 34.10281953496075147, 24.32790858666958655 ) ) ;
#1002 = CARTESIAN_POINT ( 'NONE',  ( -1.734723475976807094E-15, 33.99999999999996447, 20.13814008847609216 ) ) ;
#1003 = LINE ( 'NONE', #2692, #77 ) ;
#1004 = ORIENTED_EDGE ( 'NONE', *, *, #743, .T. ) ;
#1005 = EDGE_CURVE ( 'NONE', #1261, #734, #1524, .T. ) ;
#1006 = CARTESIAN_POINT ( 'NONE',  ( 3.846924346908779047, -5.189875176492874331, 23.76073360962009318 ) ) ;
#1007 = CARTESIAN_POINT ( 'NONE',  ( 18.29122399891002715, 38.40707269844202898, 2.000000000000000000 ) ) ;
#1008 = ADVANCED_FACE ( 'NONE', ( #1325, #1298, #1093, #1949, #1976, #16 ), #882, .T. ) ;
#1009 = ORIENTED_EDGE ( 'NONE', *, *, #780, .F. ) ;
#1010 = CARTESIAN_POINT ( 'NONE',  ( 9.532157560911558747, -8.974745692280812648, 18.92319427707815294 ) ) ;
#1011 = DIRECTION ( 'NONE',  ( 1.000000000000000000, 7.161174186840735016E-31, 0.000000000000000000 ) ) ;
#1012 = CARTESIAN_POINT ( 'NONE',  ( 7.311102313459401536, 37.86511960684707390, 18.97956480033790783 ) ) ;
#1013 = CARTESIAN_POINT ( 'NONE',  ( 9.665623447310837335, -8.981333255864225151, 19.01211308035638226 ) ) ;
#1014 = CARTESIAN_POINT ( 'NONE',  ( 2.107486467407757580, -5.104020212602553563, 19.96690902616461116 ) ) ;
#1015 = ORIENTED_EDGE ( 'NONE', *, *, #1523, .T. ) ;
#1016 = CARTESIAN_POINT ( 'NONE',  ( 1.880127156019002044, 34.09279867327384750, 24.11897078555064056 ) ) ;
#1017 = CARTESIAN_POINT ( 'NONE',  ( 7.175117281947874126, 37.85840770416060508, 18.81087454865960140 ) ) ;
#1018 = FACE_OUTER_BOUND ( 'NONE', #2484, .T. ) ;
#1019 = EDGE_CURVE ( 'NONE', #1993, #1262, #2770, .T. ) ;
#1020 = FACE_OUTER_BOUND ( 'NONE', #2218, .T. ) ;
#1021 = ORIENTED_EDGE ( 'NONE', *, *, #1641, .T. ) ;
#1022 = CARTESIAN_POINT ( 'NONE',  ( 9.594701954132982991, -8.977832737054932011, 18.97430310036294543 ) ) ;
#1023 = CARTESIAN_POINT ( 'NONE',  ( 22.82709166908013287, -10.00000000000000000, 0.000000000000000000 ) ) ;
#1024 = CARTESIAN_POINT ( 'NONE',  ( 3.972505204433163239, 37.70033427234372425, 22.15832141855975124 ) ) ;
#1025 = EDGE_CURVE ( 'NONE', #1470, #202, #1107, .T. ) ;
#1026 = CARTESIAN_POINT ( 'NONE',  ( 8.397871127727148277, -8.918759970370958357, 23.44201283292379756 ) ) ;
#1027 = CARTESIAN_POINT ( 'NONE',  ( 5.412284242993956163, -8.771398393809397120, 21.01359808774020976 ) ) ;
#1028 = ORIENTED_EDGE ( 'NONE', *, *, #2173, .F. ) ;
#1029 = CARTESIAN_POINT ( 'NONE',  ( 4.988714572587134022, 34.24623126802676865, 26.17103760194734718 ) ) ;
#1030 = AXIS2_PLACEMENT_3D ( 'NONE', #1805, #2221, #1861 ) ;
#1031 = AXIS2_PLACEMENT_3D ( 'NONE', #2249, #1579, #2681 ) ;
#1032 = CARTESIAN_POINT ( 'NONE',  ( 3.066647467429811869, 37.65562325591073289, 20.88813604941435997 ) ) ;
#1033 = VECTOR ( 'NONE', #1076, 1000.000000000000000 ) ;
#1034 = DIRECTION ( 'NONE',  ( 1.000000000000000000, 0.000000000000000000, 0.000000000000000000 ) ) ;
#1035 = AXIS2_PLACEMENT_3D ( 'NONE', #1310, #2357, #2154 ) ;
#1036 = LINE ( 'NONE', #164, #941 ) ;
#1037 = VECTOR ( 'NONE', #1071, 1000.000000000000000 ) ;
#1038 = ORIENTED_EDGE ( 'NONE', *, *, #2089, .F. ) ;
#1039 = CARTESIAN_POINT ( 'NONE',  ( 7.088347765317024596, -8.854124964029077560, 22.83636218623565739 ) ) ;
#1040 = CARTESIAN_POINT ( 'NONE',  ( 96.55665125994538300, 38.76581017619306380, 2.000000000000000000 ) ) ;
#1041 = CARTESIAN_POINT ( 'NONE',  ( 2.106952857261577439, 34.10399404551948521, 24.35150063154925348 ) ) ;
#1042 = CARTESIAN_POINT ( 'NONE',  ( 8.732064235114753714, -5.430993767705278863, 26.54366676568061223 ) ) ;
#1043 = CARTESIAN_POINT ( 'NONE',  ( 2.952501353845939480, -5.145731585287925292, 22.43351440584692114 ) ) ;
#1044 = EDGE_LOOP ( 'NONE', ( #838, #2726, #445, #329 ) ) ;
#1045 = CARTESIAN_POINT ( 'NONE',  ( 2.519534638856021094E-42, 1.804282641862683498E-72, 136.1735104717425315 ) ) ;
#1046 = ADVANCED_FACE ( 'NONE', ( #685 ), #1541, .F. ) ;
#1047 = CARTESIAN_POINT ( 'NONE',  ( 2.407430761710035728E-42, -5.000000000000000000, 136.1735104717425315 ) ) ;
#1048 = CARTESIAN_POINT ( 'NONE',  ( 136.3014027943036979, 50.99999999999995737, 28.64362907087304322 ) ) ;
#1049 = DIRECTION ( 'NONE',  ( 1.000000000000000000, 3.251012437233575605E-43, -0.000000000000000000 ) ) ;
#1050 = CARTESIAN_POINT ( 'NONE',  ( 5.779012881880532859, -5.285239144998543637, 25.44132291066723539 ) ) ;
#1051 = CARTESIAN_POINT ( 'NONE',  ( 99.13129277070730438, -13.39714917033188257, 19.04428699408775216 ) ) ;
#1052 = CARTESIAN_POINT ( 'NONE',  ( 7.241860222594956653, 37.86170197940290194, 18.91751833020381568 ) ) ;
#1053 = CARTESIAN_POINT ( 'NONE',  ( 8.391437876237322513, -5.414181827298179428, 26.48040313566683679 ) ) ;
#1054 = CARTESIAN_POINT ( 'NONE',  ( 5.261005031870609194, -8.763931606235354721, 20.70960784573284030 ) ) ;
#1055 = ADVANCED_FACE ( 'NONE', ( #911 ), #2399, .F. ) ;
#1056 = VERTEX_POINT ( 'NONE', #516 ) ;
#1057 = DIRECTION ( 'NONE',  ( -1.000000000000000000, 0.000000000000000000, 0.000000000000000000 ) ) ;
#1058 = ORIENTED_EDGE ( 'NONE', *, *, #2450, .F. ) ;
#1059 = CARTESIAN_POINT ( 'NONE',  ( 4.253664281380485690, -5.209950907097391060, 24.21171728167571402 ) ) ;
#1060 = CARTESIAN_POINT ( 'NONE',  ( 0.5620632896658586120, 34.02774178989473342, 22.22381741201715144 ) ) ;
#1061 = CARTESIAN_POINT ( 'NONE',  ( 2.407430761710035728E-42, -5.000000000000000000, 18.64362907087305388 ) ) ;
#1062 = CARTESIAN_POINT ( 'NONE',  ( 38.30000000000000426, 22.49999999999997868, 28.64362907087304677 ) ) ;
#1063 = CARTESIAN_POINT ( 'NONE',  ( 8.476460942080496608, -5.418378260728148987, 26.49735512187022124 ) ) ;
#1064 = VERTEX_POINT ( 'NONE', #1141 ) ;
#1065 = CARTESIAN_POINT ( 'NONE',  ( 7.478585038174388799, -8.873386161904589287, 23.06717544307620216 ) ) ;
#1066 = PLANE ( 'NONE',  #1155 ) ;
#1067 = CARTESIAN_POINT ( 'NONE',  ( 7.236820547143054227, 37.86145323282522668, 18.91165861262755499 ) ) ;
#1068 = LINE ( 'NONE', #2560, #762 ) ;
#1069 = CARTESIAN_POINT ( 'NONE',  ( 9.437636656196175977, -8.970080361786459733, 18.77433415689272778 ) ) ;
#1070 = VERTEX_POINT ( 'NONE', #2690 ) ;
#1071 = DIRECTION ( 'NONE',  ( -0.9987841318987268346, -0.04929764565683240202, -0.000000000000000000 ) ) ;
#1072 = ORIENTED_EDGE ( 'NONE', *, *, #140, .T. ) ;
#1073 = CARTESIAN_POINT ( 'NONE',  ( -8.646011524884108583E-42, 28.99999999999996092, 0.000000000000000000 ) ) ;
#1074 = CARTESIAN_POINT ( 'NONE',  ( 101.3014027943036979, 38.99999999999995737, 28.64362907087304322 ) ) ;
#1075 = VECTOR ( 'NONE', #700, 1000.000000000000227 ) ;
#1076 = DIRECTION ( 'NONE',  ( 0.9987841318987268346, -0.04929764565683240896, 0.000000000000000000 ) ) ;
#1077 = DIRECTION ( 'NONE',  ( 0.9987841318987268346, -0.04929764565683241589, -1.824738671216032969E-16 ) ) ;
#1078 = EDGE_CURVE ( 'NONE', #734, #1261, #2367, .T. ) ;
#1079 = VECTOR ( 'NONE', #2598, 1000.000000000000000 ) ;
#1080 = CARTESIAN_POINT ( 'NONE',  ( 8.206645013124115096, -5.405060778367897001, 26.44042971918852203 ) ) ;
#1081 = VECTOR ( 'NONE', #2606, 1000.000000000000227 ) ;
#1082 = ORIENTED_EDGE ( 'NONE', *, *, #37, .T. ) ;
#1083 = CARTESIAN_POINT ( 'NONE',  ( 9.593484784830852874, -8.977772660428719576, 18.97349003008781310 ) ) ;
#1084 = CARTESIAN_POINT ( 'NONE',  ( 18.29122399891002715, 38.40707269844202898, 14.00000000000000000 ) ) ;
#1085 = VECTOR ( 'NONE', #189, 1000.000000000000000 ) ;
#1086 = CARTESIAN_POINT ( 'NONE',  ( 8.584684431475546162, -8.927980637538226460, 23.49431266182578426 ) ) ;
#1087 = CARTESIAN_POINT ( 'NONE',  ( 5.617069759468566126, -8.781506127306945686, 21.36044637839600568 ) ) ;
#1088 = ORIENTED_EDGE ( 'NONE', *, *, #517, .F. ) ;
#1089 = ORIENTED_EDGE ( 'NONE', *, *, #302, .T. ) ;
#1090 = CARTESIAN_POINT ( 'NONE',  ( 2.013502250024477469, -5.099381755557370610, 19.16849991786481766 ) ) ;
#1091 = CARTESIAN_POINT ( 'NONE',  ( 1.825026503998540051, -8.594339752959211154, 2.000000000000000000 ) ) ;
#1092 = DIRECTION ( 'NONE',  ( -0.000000000000000000, -0.000000000000000000, -1.000000000000000000 ) ) ;
#1093 = FACE_BOUND ( 'NONE', #2660, .T. ) ;
#1094 = ADVANCED_FACE ( 'NONE', ( #63 ), #1960, .T. ) ;
#1095 = EDGE_LOOP ( 'NONE', ( #2110, #1870, #924, #664 ) ) ;
#1096 = CARTESIAN_POINT ( 'NONE',  ( 9.664477471178697598, -8.981276693166153180, 19.01163677033806465 ) ) ;
#1097 = CARTESIAN_POINT ( 'NONE',  ( 30.15211817307867648, -9.992498657362508752, 13.99999999999999822 ) ) ;
#1098 = EDGE_CURVE ( 'NONE', #1401, #1793, #1447, .T. ) ;
#1099 = CARTESIAN_POINT ( 'NONE',  ( 3.375166341393343039, -5.166590267360982480, 23.13120185717099631 ) ) ;
#1100 = ORIENTED_EDGE ( 'NONE', *, *, #2608, .T. ) ;
#1101 = CARTESIAN_POINT ( 'NONE',  ( 0.000000000000000000, 0.000000000000000000, 23.64362907087304322 ) ) ;
#1102 = VERTEX_POINT ( 'NONE', #1646 ) ;
#1103 = LINE ( 'NONE', #1073, #947 ) ;
#1104 = APPLICATION_CONTEXT ( 'automotive_design' ) ;
#1105 = DIRECTION ( 'NONE',  ( -0.000000000000000000, 0.000000000000000000, -1.000000000000000000 ) ) ;
#1106 = DIRECTION ( 'NONE',  ( -0.000000000000000000, 0.000000000000000000, 1.000000000000000000 ) ) ;
#1107 = LINE ( 'NONE', #2607, #1079 ) ;
#1108 = ADVANCED_FACE ( 'NONE', ( #2496 ), #135, .T. ) ;
#1109 = ORIENTED_EDGE ( 'NONE', *, *, #1190, .F. ) ;
#1110 = CARTESIAN_POINT ( 'NONE',  ( 2.678701539918032282, 34.13221443464887273, 26.52617376306122310 ) ) ;
#1111 = CARTESIAN_POINT ( 'NONE',  ( 5.700137330999986318, -8.785606148098370483, 21.48442303583003010 ) ) ;
#1112 = ORIENTED_EDGE ( 'NONE', *, *, #1824, .T. ) ;
#1113 = EDGE_CURVE ( 'NONE', #765, #1255, #1944, .T. ) ;
#1114 = ORIENTED_EDGE ( 'NONE', *, *, #103, .F. ) ;
#1115 = DIRECTION ( 'NONE',  ( 7.178166107490247270E-16, -1.000000000000000000, 0.000000000000000000 ) ) ;
#1116 = CARTESIAN_POINT ( 'NONE',  ( 7.498745130759828292, 37.87438121686058423, 19.04406661918373800 ) ) ;
#1117 = DIRECTION ( 'NONE',  ( 0.04929764565683238120, -0.9987841318987268346, -0.000000000000000000 ) ) ;
#1118 = DIRECTION ( 'NONE',  ( 1.831421683582305556E-16, 9.039468521976323891E-18, 1.000000000000000000 ) ) ;
#1119 = VECTOR ( 'NONE', #127, 1000.000000000000000 ) ;
#1120 = VERTEX_POINT ( 'NONE', #2085 ) ;
#1121 = AXIS2_PLACEMENT_3D ( 'NONE', #1679, #2516, #1214 ) ;
#1122 = CARTESIAN_POINT ( 'NONE',  ( -0.2766563684975489879, 33.98634488956388822, 18.64362907087316756 ) ) ;
#1123 = AXIS2_PLACEMENT_3D ( 'NONE', #2374, #1678, #1690 ) ;
#1124 = CARTESIAN_POINT ( 'NONE',  ( 5.803851219991078558, -8.790725222767132863, 21.63051324132489839 ) ) ;
#1125 = VERTEX_POINT ( 'NONE', #2312 ) ;
#1126 = CIRCLE ( 'NONE', #1570, 10.00000000000000178 ) ;
#1127 = ADVANCED_FACE ( 'NONE', ( #1235 ), #2097, .F. ) ;
#1128 = ORIENTED_EDGE ( 'NONE', *, *, #134, .F. ) ;
#1129 = CARTESIAN_POINT ( 'NONE',  ( 28.32709166908012932, -10.00000000000000000, 12.00000000000000000 ) ) ;
#1130 = CARTESIAN_POINT ( 'NONE',  ( 10.00000000000000000, 33.99999999999995737, 28.64362907087304322 ) ) ;
#1131 = DIRECTION ( 'NONE',  ( -7.161174186840735016E-31, 1.000000000000000000, -0.000000000000000000 ) ) ;
#1132 = DIRECTION ( 'NONE',  ( 1.000000000000000000, 0.000000000000000000, 0.000000000000000000 ) ) ;
#1133 = VERTEX_POINT ( 'NONE', #2482 ) ;
#1134 = FACE_OUTER_BOUND ( 'NONE', #2678, .T. ) ;
#1135 = CARTESIAN_POINT ( 'NONE',  ( 6.146209129604729426, -8.807623207403597831, 22.04227080808406924 ) ) ;
#1136 = ORIENTED_EDGE ( 'NONE', *, *, #2724, .F. ) ;
#1137 = EDGE_CURVE ( 'NONE', #2498, #2440, #2536, .T. ) ;
#1138 = VERTEX_POINT ( 'NONE', #2288 ) ;
#1139 = CARTESIAN_POINT ( 'NONE',  ( 76.50000000000000000, 21.99999999999998579, 28.64362907087304322 ) ) ;
#1140 = FACE_OUTER_BOUND ( 'NONE', #2178, .T. ) ;
#1141 = CARTESIAN_POINT ( 'NONE',  ( 35.75000000000000711, 6.499999999999979572, 0.000000000000000000 ) ) ;
#1142 = ORIENTED_EDGE ( 'NONE', *, *, #988, .F. ) ;
#1143 = CARTESIAN_POINT ( 'NONE',  ( 22.82709166908013287, 28.99999999999996092, 136.1735104717425315 ) ) ;
#1144 = CARTESIAN_POINT ( 'NONE',  ( 9.519785594859282440, -8.974135041010891101, 18.91043860127486909 ) ) ;
#1145 = ORIENTED_EDGE ( 'NONE', *, *, #1005, .F. ) ;
#1146 = APPLICATION_CONTEXT ( 'automotive_design' ) ;
#1147 = ORIENTED_EDGE ( 'NONE', *, *, #714, .F. ) ;
#1148 = LINE ( 'NONE', #1617, #2112 ) ;
#1149 = CARTESIAN_POINT ( 'NONE',  ( 38.29999999999999716, 6.499999999999979572, 0.000000000000000000 ) ) ;
#1150 = DIRECTION ( 'NONE',  ( 3.251012437233575605E-43, -1.000000000000000000, 0.000000000000000000 ) ) ;
#1151 = CARTESIAN_POINT ( 'NONE',  ( 2.764066083113656980, 37.64068854740870762, 20.13226091163371123 ) ) ;
#1152 = ORIENTED_EDGE ( 'NONE', *, *, #1584, .F. ) ;
#1153 = EDGE_CURVE ( 'NONE', #39, #2076, #2719, .T. ) ;
#1154 = CARTESIAN_POINT ( 'NONE',  ( -0.1679096510568359180, 33.99171237285815295, 19.96438514026416300 ) ) ;
#1155 = AXIS2_PLACEMENT_3D ( 'NONE', #2741, #2321, #795 ) ;
#1156 = AXIS2_PLACEMENT_3D ( 'NONE', #1996, #2646, #318 ) ;
#1157 = CARTESIAN_POINT ( 'NONE',  ( 6.373807560712597464, -8.818856932940938975, 22.27191436686858594 ) ) ;
#1158 = CARTESIAN_POINT ( 'NONE',  ( 101.3014027943036979, 38.99999999999995737, 28.64362907087304322 ) ) ;
#1159 = VECTOR ( 'NONE', #1264, 1000.000000000000000 ) ;
#1160 = CARTESIAN_POINT ( 'NONE',  ( 9.693938944932478208, -8.982730842513600322, 19.02267086116208361 ) ) ;
#1161 = VECTOR ( 'NONE', #412, 1000.000000000000000 ) ;
#1162 = ORIENTED_EDGE ( 'NONE', *, *, #780, .T. ) ;
#1163 = DIRECTION ( 'NONE',  ( -0.04929764565683308203, -0.9987841318987268346, 3.469446951953613400E-15 ) ) ;
#1164 = AXIS2_PLACEMENT_3D ( 'NONE', #282, #496, #2021 ) ;
#1165 = VECTOR ( 'NONE', #432, 1000.000000000000000 ) ;
#1166 = CARTESIAN_POINT ( 'NONE',  ( 0.1450062998066189157, 34.00715793096102146, 21.21974042278522532 ) ) ;
#1167 = VERTEX_POINT ( 'NONE', #161 ) ;
#1168 = CARTESIAN_POINT ( 'NONE',  ( 2.411683598482648794, -5.119035054399971862, 21.18733041544682649 ) ) ;
#1169 = FACE_OUTER_BOUND ( 'NONE', #2073, .T. ) ;
#1170 = CARTESIAN_POINT ( 'NONE',  ( 6.303223177606108507, -8.815373053095267863, 22.20355081583640100 ) ) ;
#1171 = CARTESIAN_POINT ( 'NONE',  ( 76.50000000000000000, 6.999999999999985789, 8.643629070873043219 ) ) ;
#1172 = CARTESIAN_POINT ( 'NONE',  ( 7.350584658227518275, 37.86706836291949685, 19.00375439240576014 ) ) ;
#1173 = EDGE_CURVE ( 'NONE', #819, #1444, #618, .T. ) ;
#1174 = CARTESIAN_POINT ( 'NONE',  ( 8.351006646595468652, -8.916446849336150393, 23.42783553732376589 ) ) ;
#1175 = CARTESIAN_POINT ( 'NONE',  ( 2.154493977736538834, -5.106340419516450346, 20.22016372578311660 ) ) ;
#1176 = ORIENTED_EDGE ( 'NONE', *, *, #1761, .F. ) ;
#1177 = DIRECTION ( 'NONE',  ( 1.000000000000000000, 0.000000000000000000, 0.000000000000000000 ) ) ;
#1178 = CARTESIAN_POINT ( 'NONE',  ( 7.147670685681049463, 37.85705300444718091, 18.71952809928167838 ) ) ;
#1179 = FACE_OUTER_BOUND ( 'NONE', #472, .T. ) ;
#1180 = ORIENTED_EDGE ( 'NONE', *, *, #933, .T. ) ;
#1181 = CARTESIAN_POINT ( 'NONE',  ( 2.346829460623336860, -5.115834006039808202, 20.98135253974637848 ) ) ;
#1182 = CARTESIAN_POINT ( 'NONE',  ( 0.8713052053912334616, 34.04300558439251034, 22.78586699195662391 ) ) ;
#1183 = CARTESIAN_POINT ( 'NONE',  ( 6.287242802251759244, -8.814584299192880223, 22.18770204652674849 ) ) ;
#1184 = DIRECTION ( 'NONE',  ( 0.04929764565683237426, -0.9987841318987268346, 0.000000000000000000 ) ) ;
#1185 = CARTESIAN_POINT ( 'NONE',  ( 7.371507803431605055, 37.86810108036599587, 19.01380249772954301 ) ) ;
#1186 = CARTESIAN_POINT ( 'NONE',  ( 7.954626439532949789, -8.896882450614681304, 23.28741871047384038 ) ) ;
#1187 = CARTESIAN_POINT ( 'NONE',  ( 9.422598714860001223, -8.969338124220081809, 18.71951597686264179 ) ) ;
#1188 = ORIENTED_EDGE ( 'NONE', *, *, #2490, .T. ) ;
#1189 = CARTESIAN_POINT ( 'NONE',  ( 4.332640503464633142, 34.21384898846177691, 25.90180682664718148 ) ) ;
#1190 = EDGE_CURVE ( 'NONE', #1120, #175, #2736, .T. ) ;
#1191 = CARTESIAN_POINT ( 'NONE',  ( 2.927415746520378281, 37.64875110423915316, 20.57891771803796033 ) ) ;
#1192 = CARTESIAN_POINT ( 'NONE',  ( 9.894424507286782244, -5.488365621519465165, 26.64362907087305032 ) ) ;
#1193 = CARTESIAN_POINT ( 'NONE',  ( 9.999999999999994671, -5.493576580588198865, 26.64362907087304677 ) ) ;
#1194 = ORIENTED_EDGE ( 'NONE', *, *, #710, .F. ) ;
#1195 = CARTESIAN_POINT ( 'NONE',  ( 2.225007837417564360, -5.109821176017447009, 20.54159099889464457 ) ) ;
#1196 = CARTESIAN_POINT ( 'NONE',  ( 7.633880607435371779, 27.86887770514831786, 18.64362907087361521 ) ) ;
#1197 = CARTESIAN_POINT ( 'NONE',  ( 4.336765744029600356, -5.214052662450841424, 24.29582091034023605 ) ) ;
#1198 = CARTESIAN_POINT ( 'NONE',  ( 9.415128783162034054, -8.968969425885608970, 18.75114311813918988 ) ) ;
#1199 = CARTESIAN_POINT ( 'NONE',  ( 7.323945499738018228, 37.86575351644379595, 18.98817794212665433 ) ) ;
#1200 = VECTOR ( 'NONE', #2530, 1000.000000000000000 ) ;
#1201 = CARTESIAN_POINT ( 'NONE',  ( 6.913986680074350133, -5.341257561245823737, 26.02485670650927574 ) ) ;
#1202 = CARTESIAN_POINT ( 'NONE',  ( 5.016501539651740948, -8.751863486472224452, 20.04876731737150664 ) ) ;
#1203 = VERTEX_POINT ( 'NONE', #2762 ) ;
#1204 = CARTESIAN_POINT ( 'NONE',  ( 1.012252116401843427, 34.04996239383063283, 23.00781751998587055 ) ) ;
#1205 = VECTOR ( 'NONE', #2347, 1000.000000000000227 ) ;
#1206 = DIRECTION ( 'NONE',  ( -0.9987841318987268346, 0.04929764565683210364, 0.000000000000000000 ) ) ;
#1207 = ADVANCED_FACE ( 'NONE', ( #388 ), #1249, .F. ) ;
#1208 = CARTESIAN_POINT ( 'NONE',  ( 136.3014027943036979, -22.00000000000000000, -80.95677859203634341 ) ) ;
#1209 = VECTOR ( 'NONE', #1458, 1000.000000000000000 ) ;
#1210 = ADVANCED_FACE ( 'NONE', ( #666 ), #2579, .F. ) ;
#1211 = CARTESIAN_POINT ( 'NONE',  ( 1.012262459085049082, 34.04996368613829816, 23.00783262250399730 ) ) ;
#1212 = ORIENTED_EDGE ( 'NONE', *, *, #1803, .F. ) ;
#1213 = CARTESIAN_POINT ( 'NONE',  ( 2.890875779233134768, -5.142686858201910738, 22.31722449297085475 ) ) ;
#1214 = DIRECTION ( 'NONE',  ( -1.000000000000000000, 0.000000000000000000, 0.000000000000000000 ) ) ;
#1215 = ORIENTED_EDGE ( 'NONE', *, *, #1113, .F. ) ;
#1216 = CARTESIAN_POINT ( 'NONE',  ( 6.664709562720299019, -8.833215174484655208, 22.52780519594953645 ) ) ;
#1217 = LINE ( 'NONE', #2665, #1973 ) ;
#1218 = CARTESIAN_POINT ( 'NONE',  ( 6.562553308880581859, 37.82817298103900328, 23.55747518605179991 ) ) ;
#1219 = CARTESIAN_POINT ( 'NONE',  ( 7.635401214044310159, -5.376865808170076200, 26.28641136341097351 ) ) ;
#1220 = CARTESIAN_POINT ( 'NONE',  ( 2.147714134131764041, -5.106006098558359518, 20.18607281131183484 ) ) ;
#1221 = EDGE_LOOP ( 'NONE', ( #19, #2621, #1227, #360 ) ) ;
#1222 = CARTESIAN_POINT ( 'NONE',  ( 1.123358398221354637, 34.05544633969686430, 23.17451271398935120 ) ) ;
#1223 = EDGE_CURVE ( 'NONE', #2328, #878, #694, .T. ) ;
#1224 = DIRECTION ( 'NONE',  ( -0.000000000000000000, -0.000000000000000000, -1.000000000000000000 ) ) ;
#1225 = FACE_BOUND ( 'NONE', #2139, .T. ) ;
#1226 = CARTESIAN_POINT ( 'NONE',  ( 28.29999999999999716, 28.99999999999991118, 23.64362907087302901 ) ) ;
#1227 = ORIENTED_EDGE ( 'NONE', *, *, #2084, .T. ) ;
#1228 = CARTESIAN_POINT ( 'NONE',  ( 5.577270824582726050, -5.275279614193709499, 25.31081993629602422 ) ) ;
#1229 = LINE ( 'NONE', #612, #1472 ) ;
#1230 = CARTESIAN_POINT ( 'NONE',  ( 6.194152582680749752, 34.30572858160021354, 26.50191789353218041 ) ) ;
#1231 = CARTESIAN_POINT ( 'NONE',  ( 10.00000000000000178, -5.493576580588196201, 26.64362907087304677 ) ) ;
#1232 = CARTESIAN_POINT ( 'NONE',  ( 4.883691907626847239, -8.745308314067827382, 19.47045476817337573 ) ) ;
#1233 = VERTEX_POINT ( 'NONE', #2192 ) ;
#1234 = CARTESIAN_POINT ( 'NONE',  ( 4.001447944367620302, 34.19750209937821239, 25.73791866135469775 ) ) ;
#1235 = FACE_OUTER_BOUND ( 'NONE', #2361, .T. ) ;
#1236 = CARTESIAN_POINT ( 'NONE',  ( 3.348054570121712814, 37.66951285146069495, 21.37816160564016954 ) ) ;
#1237 = CARTESIAN_POINT ( 'NONE',  ( 18.29122399891002715, 38.40707269844202898, 14.00000000000000000 ) ) ;
#1238 = VERTEX_POINT ( 'NONE', #1074 ) ;
#1239 = CARTESIAN_POINT ( 'NONE',  ( 5.599696540096950059, -5.276387871737371782, 25.32563165329885635 ) ) ;
#1240 = CARTESIAN_POINT ( 'NONE',  ( 27.74020926601026460, 38.87345248225837935, 2.000000000000000000 ) ) ;
#1241 = CARTESIAN_POINT ( 'NONE',  ( 7.286254344707705499, 37.86389316930197424, 18.96083004273160810 ) ) ;
#1242 = CARTESIAN_POINT ( 'NONE',  ( 27.91275102580918244, 35.37770802061281472, 13.99999999999999289 ) ) ;
#1243 = CARTESIAN_POINT ( 'NONE',  ( 9.722659066284633056, -8.984148400442707683, 19.03118155245984155 ) ) ;
#1244 = CARTESIAN_POINT ( 'NONE',  ( 9.452965359422048408, -8.970836950678767963, 18.81137242521711528 ) ) ;
#1245 = VERTEX_POINT ( 'NONE', #263 ) ;
#1246 = DIRECTION ( 'NONE',  ( 0.000000000000000000, 0.000000000000000000, 1.000000000000000000 ) ) ;
#1247 = CIRCLE ( 'NONE', #1336, 2.549999999999996714 ) ;
#1248 = VECTOR ( 'NONE', #2075, 1000.000000000000000 ) ;
#1249 = PLANE ( 'NONE',  #123 ) ;
#1250 = VECTOR ( 'NONE', #53, 1000.000000000000000 ) ;
#1251 = EDGE_CURVE ( 'NONE', #1070, #1238, #206, .T. ) ;
#1252 = DIRECTION ( 'NONE',  ( -0.000000000000000000, 0.000000000000000000, 1.000000000000000000 ) ) ;
#1253 = DIRECTION ( 'NONE',  ( 0.04929764565683221467, 0.9987841318987268346, 0.000000000000000000 ) ) ;
#1254 = ADVANCED_FACE ( 'NONE', ( #1521 ), #1490, .F. ) ;
#1255 = VERTEX_POINT ( 'NONE', #2371 ) ;
#1256 = CARTESIAN_POINT ( 'NONE',  ( 5.653759172943439104, -5.279056161190763596, 25.36096831770674598 ) ) ;
#1257 = DIRECTION ( 'NONE',  ( 1.000000000000000000, 0.000000000000000000, 0.000000000000000000 ) ) ;
#1258 = CARTESIAN_POINT ( 'NONE',  ( 4.182931221367822694, 37.71072040773431411, 22.36254095912414641 ) ) ;
#1259 = CARTESIAN_POINT ( 'NONE',  ( 9.781515918427359679, -8.987053436825185315, 19.04193964793843108 ) ) ;
#1260 = CARTESIAN_POINT ( 'NONE',  ( 5.148804532379209320, -8.758393652347427505, 20.44039100906764972 ) ) ;
#1261 = VERTEX_POINT ( 'NONE', #1928 ) ;
#1262 = VERTEX_POINT ( 'NONE', #1946 ) ;
#1263 = CARTESIAN_POINT ( 'NONE',  ( 3.327834158634302764, -5.164254100478330223, 23.06056495507554871 ) ) ;
#1264 = DIRECTION ( 'NONE',  ( -0.000000000000000000, -0.000000000000000000, 1.000000000000000000 ) ) ;
#1265 = PRODUCT_DEFINITION ( 'UNKNOWN', '', #1532, #1493 ) ;
#1266 = CARTESIAN_POINT ( 'NONE',  ( 9.999999999999998224, -5.493576580588196201, 28.64362907087304322 ) ) ;
#1267 = CARTESIAN_POINT ( 'NONE',  ( 136.3014027943036979, 50.99999999999995737, 0.000000000000000000 ) ) ;
#1268 = ORIENTED_EDGE ( 'NONE', *, *, #2176, .T. ) ;
#1269 = CARTESIAN_POINT ( 'NONE',  ( 6.127052691724104605, -5.302417351828354164, 25.64573800558071781 ) ) ;
#1270 = DIRECTION ( 'NONE',  ( 0.000000000000000000, -1.000000000000000000, 0.000000000000000000 ) ) ;
#1271 = CARTESIAN_POINT ( 'NONE',  ( 2.345968458438224324, 34.11579063951633373, 24.58030489965470622 ) ) ;
#1272 = CARTESIAN_POINT ( 'NONE',  ( 9.814314267613662324, -8.988672286529219235, 19.04428707704973078 ) ) ;
#1273 = CARTESIAN_POINT ( 'NONE',  ( 5.533875389252265187, -8.777399848029389773, 21.22794618021526603 ) ) ;
#1274 = ORIENTED_EDGE ( 'NONE', *, *, #2537, .F. ) ;
#1275 = PLANE ( 'NONE',  #1712 ) ;
#1276 = ADVANCED_FACE ( 'NONE', ( #1279 ), #1959, .F. ) ;
#1277 = VERTEX_POINT ( 'NONE', #1539 ) ;
#1278 = FACE_OUTER_BOUND ( 'NONE', #55, .T. ) ;
#1279 = FACE_OUTER_BOUND ( 'NONE', #9, .T. ) ;
#1280 = CARTESIAN_POINT ( 'NONE',  ( 7.140904150867060984, 37.85671902413559309, 18.72276665742910495 ) ) ;
#1281 = CARTESIAN_POINT ( 'NONE',  ( 1.997568263797454335, -5.098595291313665179, 18.64362907087316756 ) ) ;
#1282 = LINE ( 'NONE', #2581, #72 ) ;
#1283 = CARTESIAN_POINT ( 'NONE',  ( 8.612734175544908055, -5.425104388388054311, 26.52329447751437286 ) ) ;
#1284 = ORIENTED_EDGE ( 'NONE', *, *, #2424, .F. ) ;
#1285 = CARTESIAN_POINT ( 'NONE',  ( 5.523512912283824683, -5.272628424490932275, 25.27486802758873097 ) ) ;
#1286 = LINE ( 'NONE', #214, #1200 ) ;
#1287 = CARTESIAN_POINT ( 'NONE',  ( 7.301644301819938399, 37.86465278154265945, 18.97280299291177386 ) ) ;
#1288 = CARTESIAN_POINT ( 'NONE',  ( 8.411730302027285333, -8.919444026757041399, 23.44611763143315031 ) ) ;
#1289 = CARTESIAN_POINT ( 'NONE',  ( 3.146732711204959010, -5.155314574897244206, 22.77594730354640973 ) ) ;
#1290 = ORIENTED_EDGE ( 'NONE', *, *, #1713, .T. ) ;
#1291 = SURFACE_STYLE_FILL_AREA ( #219 ) ;
#1292 = EDGE_LOOP ( 'NONE', ( #2002, #1585, #825, #2384, #2587 ) ) ;
#1293 = DIRECTION ( 'NONE',  ( 0.000000000000000000, 0.000000000000000000, 1.000000000000000000 ) ) ;
#1294 = CARTESIAN_POINT ( 'NONE',  ( 7.363966811697521209, 34.36346724819891563, 26.63936959377253189 ) ) ;
#1295 = EDGE_CURVE ( 'NONE', #1133, #2174, #2397, .T. ) ;
#1296 = VECTOR ( 'NONE', #54, 1000.000000000000000 ) ;
#1297 = CARTESIAN_POINT ( 'NONE',  ( 96.55665125994538300, 38.76581017619306380, 26.64362907087304677 ) ) ;
#1298 = FACE_BOUND ( 'NONE', #1879, .T. ) ;
#1299 = AXIS2_PLACEMENT_3D ( 'NONE', #1886, #1462, #1253 ) ;
#1300 = EDGE_CURVE ( 'NONE', #1255, #1330, #1663, .T. ) ;
#1301 = VECTOR ( 'NONE', #706, 1000.000000000000000 ) ;
#1302 = ORIENTED_EDGE ( 'NONE', *, *, #2046, .T. ) ;
#1303 = CARTESIAN_POINT ( 'NONE',  ( 6.837902751260405587, -5.337503132108695425, 25.99280426214327733 ) ) ;
#1304 = DIRECTION ( 'NONE',  ( 0.000000000000000000, 0.000000000000000000, 1.000000000000000000 ) ) ;
#1305 = AXIS2_PLACEMENT_3D ( 'NONE', #262, #40, #1489 ) ;
#1306 = CARTESIAN_POINT ( 'NONE',  ( 9.481670626300859439, -8.972253775425860667, 18.86180754830655459 ) ) ;
#1307 = EDGE_LOOP ( 'NONE', ( #1720, #1957, #78, #70 ) ) ;
#1308 = CARTESIAN_POINT ( 'NONE',  ( 22.82709166908013287, 28.99999999999995737, 0.000000000000000000 ) ) ;
#1309 = VERTEX_POINT ( 'NONE', #1723 ) ;
#1310 = CARTESIAN_POINT ( 'NONE',  ( 20.65698164548375360, -9.523840955411669640, 14.00000000000000000 ) ) ;
#1311 = DIRECTION ( 'NONE',  ( 0.9987841318987268346, 0.04929764565683088934, 6.626431603856498044E-29 ) ) ;
#1312 = EDGE_CURVE ( 'NONE', #402, #1203, #236, .T. ) ;
#1313 = DIRECTION ( 'NONE',  ( -0.000000000000000000, -0.000000000000000000, 1.000000000000000000 ) ) ;
#1314 = CARTESIAN_POINT ( 'NONE',  ( 0.000000000000000000, 0.000000000000000000, 28.64362907087304322 ) ) ;
#1315 = EDGE_LOOP ( 'NONE', ( #929, #45, #1290, #1015, #50, #626, #450, #957, #1604, #2334 ) ) ;
#1316 = EDGE_CURVE ( 'NONE', #1548, #1375, #806, .T. ) ;
#1317 = DIRECTION ( 'NONE',  ( 0.04929764565683240896, 0.9987841318987268346, -0.000000000000000000 ) ) ;
#1318 = CARTESIAN_POINT ( 'NONE',  ( 5.674294892738306118, -8.784330625867244891, 21.44652842490542000 ) ) ;
#1319 = ORIENTED_EDGE ( 'NONE', *, *, #339, .F. ) ;
#1320 = PLANE ( 'NONE',  #2375 ) ;
#1321 = ORIENTED_EDGE ( 'NONE', *, *, #254, .T. ) ;
#1322 = CARTESIAN_POINT ( 'NONE',  ( 2.118472522753372722, -5.104562842385062638, 20.03045095127858133 ) ) ;
#1323 = CARTESIAN_POINT ( 'NONE',  ( -1.027151774350089639E-41, 33.99999999999995737, 136.1735104717425315 ) ) ;
#1324 = PLANE ( 'NONE',  #2281 ) ;
#1325 = FACE_BOUND ( 'NONE', #755, .T. ) ;
#1326 = ORIENTED_EDGE ( 'NONE', *, *, #2418, .T. ) ;
#1327 = CARTESIAN_POINT ( 'NONE',  ( -1.027151774350089639E-41, 33.99999999999995737, 136.1735104717425315 ) ) ;
#1328 = ADVANCED_FACE ( 'NONE', ( #907 ), #497, .T. ) ;
#1329 = CARTESIAN_POINT ( 'NONE',  ( 3.327842030304982046, -5.164254800669582757, 23.06057641251155133 ) ) ;
#1330 = VERTEX_POINT ( 'NONE', #1868 ) ;
#1331 = VERTEX_POINT ( 'NONE', #2245 ) ;
#1332 = CARTESIAN_POINT ( 'NONE',  ( 1.997568263797458554, -5.098595291313665179, 18.75991452250354286 ) ) ;
#1333 = DIRECTION ( 'NONE',  ( 3.251012437233575605E-43, -1.000000000000000000, 0.000000000000000000 ) ) ;
#1334 = LINE ( 'NONE', #2630, #717 ) ;
#1335 = CYLINDRICAL_SURFACE ( 'NONE', #854, 2.549999999999996714 ) ;
#1336 = AXIS2_PLACEMENT_3D ( 'NONE', #2032, #2488, #568 ) ;
#1337 = ORIENTED_EDGE ( 'NONE', *, *, #2010, .T. ) ;
#1338 = VECTOR ( 'NONE', #1964, 1000.000000000000000 ) ;
#1339 = DIRECTION ( 'NONE',  ( -1.000000000000000000, -7.161174186840735016E-31, 0.000000000000000000 ) ) ;
#1340 = EDGE_CURVE ( 'NONE', #950, #69, #319, .T. ) ;
#1341 = VECTOR ( 'NONE', #2398, 1000.000000000000000 ) ;
#1342 = CARTESIAN_POINT ( 'NONE',  ( 5.912556154575156597, -8.796090643757660033, 21.77136222727093084 ) ) ;
#1343 = ORIENTED_EDGE ( 'NONE', *, *, #1810, .T. ) ;
#1344 = VECTOR ( 'NONE', #2604, 1000.000000000000000 ) ;
#1345 = CARTESIAN_POINT ( 'NONE',  ( 7.292958851601422765, -5.359963369234383102, 26.17283019553721957 ) ) ;
#1346 = CARTESIAN_POINT ( 'NONE',  ( 2.000064003293564596, -5.098717767483469387, 18.88853724644952337 ) ) ;
#1347 = ORIENTED_EDGE ( 'NONE', *, *, #1622, .F. ) ;
#1348 = FACE_OUTER_BOUND ( 'NONE', #597, .T. ) ;
#1349 = CARTESIAN_POINT ( 'NONE',  ( 4.491116052712203377, 34.22167360300736760, 25.97273848008562780 ) ) ;
#1350 = LINE ( 'NONE', #1575, #1791 ) ;
#1351 = CARTESIAN_POINT ( 'NONE',  ( 7.152081901015668208, 37.85727073170529167, 18.74125250694214628 ) ) ;
#1352 = ORIENTED_EDGE ( 'NONE', *, *, #2089, .T. ) ;
#1353 = DIRECTION ( 'NONE',  ( -0.000000000000000000, 0.000000000000000000, 1.000000000000000000 ) ) ;
#1354 = CARTESIAN_POINT ( 'NONE',  ( 3.351079871116071640, -5.165402041070972672, 23.09545065232442340 ) ) ;
#1355 = ORIENTED_EDGE ( 'NONE', *, *, #550, .F. ) ;
#1356 = ORIENTED_EDGE ( 'NONE', *, *, #80, .T. ) ;
#1357 = LINE ( 'NONE', #1574, #398 ) ;
#1358 = CARTESIAN_POINT ( 'NONE',  ( 5.593761109756297145, -5.276094948118070782, 25.32173239031718381 ) ) ;
#1359 = ADVANCED_FACE ( 'NONE', ( #973 ), #2271, .F. ) ;
#1360 =( BOUNDED_CURVE ( )  B_SPLINE_CURVE ( 3, ( #1780, #1110, #1566, #2198 ),
 .UNSPECIFIED., .F., .F. ) 
 B_SPLINE_CURVE_WITH_KNOTS ( ( 4, 4 ),
 ( 0.4446505631070665765, 1.570796326794898556 ),
 .UNSPECIFIED. ) 
 CURVE ( )  GEOMETRIC_REPRESENTATION_ITEM ( )  RATIONAL_B_SPLINE_CURVE ( ( 1.000000000000000000, 0.8970792273435308495, 0.8970792273435308495, 1.000000000000000000 ) ) 
 REPRESENTATION_ITEM ( '' )  );
#1361 = CARTESIAN_POINT ( 'NONE',  ( 27.74020926601026460, 38.87345248225837935, 2.000000000000000000 ) ) ;
#1362 = CARTESIAN_POINT ( 'NONE',  ( -0.2464266479908139018, 33.98783761311262452, 19.36836683647570823 ) ) ;
#1363 = CARTESIAN_POINT ( 'NONE',  ( 7.649048556586620862, -5.377539123131309218, 26.29062458081187970 ) ) ;
#1364 = ORIENTED_EDGE ( 'NONE', *, *, #2387, .T. ) ;
#1365 = DIRECTION ( 'NONE',  ( 5.782411586589357639E-16, -0.000000000000000000, 1.000000000000000000 ) ) ;
#1366 = B_SPLINE_CURVE_WITH_KNOTS ( 'NONE', 3,
 ( #1404, #1192, #181, #1680, #669, #17, #1463, #2316, #1283, #1063, #1916, #855, #640, #1494, #1080, #1768, #2609, #277, #64, #2633, #1577, #2428, #1363, #289, #2012, #2589, #2640, #2189, #1345, #1369, #1760, #272, #85, #259, #59, #715, #679, #728, #1536, #1582, #2222, #245, #931, #237, #249, #2594, #908, #1765, #502, #1358, #2106, #2731, #1891, #185, #2743, #829, #2338, #1920, #1897, #477, #997, #619, #2416, #2661, #747, #2074, #2456, #2042, #2126, #1828, #2499, #1376, #2029, #107, #1059, #536, #1605, #1006, #2679, #2709, #405, #778, #2441, #791, #1636, #93, #580, #1394, #1263, #962, #519, #192, #1814, #1437, #2248, #335, #2648, #735, #2485, #1649, #975, #1213, #1857, #766, #122, #1592, #2232, #307, #565, #321, #1168, #2472, #2329, #1421, #1181, #1623, #552, #1407, #2260, #1195, #2056, #992, #1845, #2695, #2273, #350, #138, #1322, #2343, #891, #879, #434, #1090, #451, #1332, #2778 ),
 .UNSPECIFIED., .F., .F.,
 ( 4, 2, 2, 2, 2, 2, 2, 2, 2, 2, 2, 1, 2, 2, 2, 2, 2, 2, 2, 1, 2, 2, 2, 2, 2, 2, 1, 2, 2, 1, 2, 2, 2, 2, 2, 2, 2, 2, 2, 2, 2, 2, 2, 2, 2, 2, 2, 2, 2, 2, 2, 2, 2, 2, 2, 2, 2, 2, 2, 2, 2, 2, 2, 2, 2, 2, 2, 2, 2, 4 ),
 ( 0.000000000000000000, 0.03125000000001123407, 0.06250000000002246814, 0.09375000000003369527, 0.1250000000000449363, 0.1328125000000476563, 0.1406250000000503764, 0.1562500000000556499, 0.1875000000000665301, 0.1953125000000695000, 0.1962890625000698885, 0.1972656250000703049, 0.1992187500000714706, 0.2031250000000735800, 0.2187500000000813793, 0.2500000000000972000, 0.2578125000001011413, 0.2597656250001019185, 0.2607421875001023071, 0.2617187500001026401, 0.2656250000001043055, 0.2812500000001103007, 0.3125000000001221245, 0.3437500000001338929, 0.3750000000001457168, 0.3828125000001483813, 0.3867187500001496026, 0.3876953125001498801, 0.3881835937501499911, 0.3886718750001501022, 0.3906250000001502687, 0.4062500000001498246, 0.4375000000001488254, 0.4687500000001478817, 0.5000000000001468825, 0.5078125000001466605, 0.5117187500001466605, 0.5136718750001466605, 0.5156250000001467715, 0.5312500000001439959, 0.5625000000001392220, 0.5937500000001345590, 0.6250000000001297851, 0.6328125000001285638, 0.6367187500001280087, 0.6386718750001276756, 0.6406250000001273426, 0.6562500000001221245, 0.6875000000001108003, 0.6953125000001075806, 0.6972656250001070255, 0.6992187500001063594, 0.7031250000001051381, 0.7187500000000986988, 0.7500000000000859313, 0.7656250000000799361, 0.7812500000000739409, 0.8125000000000611733, 0.8164062500000596190, 0.8203125000000579536, 0.8281250000000547340, 0.8437500000000491829, 0.8750000000000373035, 0.8789062500000359712, 0.8828125000000346390, 0.8906250000000327516, 0.9062500000000279776, 0.9375000000000187628, 0.9687500000000094369, 1.000000000000000000 ),
 .UNSPECIFIED. ) ;
#1367 = CARTESIAN_POINT ( 'NONE',  ( 9.532525526316332432, -8.974763854191438739, 18.92356021708572911 ) ) ;
#1368 = CARTESIAN_POINT ( 'NONE',  ( 27.91275102580918244, 35.37770802061283604, 13.99999999999999822 ) ) ;
#1369 = CARTESIAN_POINT ( 'NONE',  ( 7.195101001070896451, -5.355133334909528919, 26.13720051506394526 ) ) ;
#1370 = CARTESIAN_POINT ( 'NONE',  ( 7.012781555139832257, -5.346133037463968840, 26.06544814674010624 ) ) ;
#1371 = ORIENTED_EDGE ( 'NONE', *, *, #399, .T. ) ;
#1372 = DIRECTION ( 'NONE',  ( 0.000000000000000000, 0.000000000000000000, -1.000000000000000000 ) ) ;
#1373 = DIRECTION ( 'NONE',  ( 0.9987841318987269457, -0.04929764565683239508, 0.000000000000000000 ) ) ;
#1374 = EDGE_CURVE ( 'NONE', #1630, #1070, #745, .T. ) ;
#1375 = VERTEX_POINT ( 'NONE', #2659 ) ;
#1376 = CARTESIAN_POINT ( 'NONE',  ( 4.342618860007125825, -5.214341496772009421, 24.30169249188770664 ) ) ;
#1377 = CARTESIAN_POINT ( 'NONE',  ( 20.82952340528272117, -6.028096493766125441, 13.99999999999999467 ) ) ;
#1378 = EDGE_CURVE ( 'NONE', #1125, #687, #1826, .T. ) ;
#1379 = AXIS2_PLACEMENT_3D ( 'NONE', #33, #468, #268 ) ;
#1380 = VECTOR ( 'NONE', #6, 1000.000000000000000 ) ;
#1381 = CARTESIAN_POINT ( 'NONE',  ( 6.251623497377361893, -8.812826213722599888, 22.15203316688230828 ) ) ;
#1382 = FACE_OUTER_BOUND ( 'NONE', #1307, .T. ) ;
#1383 = AXIS2_PLACEMENT_3D ( 'NONE', #2098, #163, #1812 ) ;
#1384 = CARTESIAN_POINT ( 'NONE',  ( 8.345350513815121829, -8.916167675868448939, 23.42608858175368525 ) ) ;
#1385 = CARTESIAN_POINT ( 'NONE',  ( 9.422720454387299327, -8.969344132998044117, 18.72012573615072384 ) ) ;
#1386 = VECTOR ( 'NONE', #1388, 1000.000000000000227 ) ;
#1387 = ORIENTED_EDGE ( 'NONE', *, *, #288, .T. ) ;
#1388 = DIRECTION ( 'NONE',  ( 0.9987841318987268346, -0.04929764565683239508, 0.000000000000000000 ) ) ;
#1389 = DIRECTION ( 'NONE',  ( 0.04929764565683211058, 0.9987841318987269457, 4.192362819685031935E-15 ) ) ;
#1390 = ADVANCED_FACE ( 'NONE', ( #1179 ), #2040, .F. ) ;
#1391 = CARTESIAN_POINT ( 'NONE',  ( 7.143492825817249425, 37.85684679506860562, 18.69265137702398150 ) ) ;
#1392 = CARTESIAN_POINT ( 'NONE',  ( 7.204932463076897164, 37.85987931167573350, 18.86767556612001329 ) ) ;
#1393 = ORIENTED_EDGE ( 'NONE', *, *, #1448, .F. ) ;
#1394 = CARTESIAN_POINT ( 'NONE',  ( 3.333364355826612613, -5.164527058060347287, 23.06890471485081662 ) ) ;
#1395 = CARTESIAN_POINT ( 'NONE',  ( -0.02921379318691356280, 33.99855807558510179, 20.63270263894865764 ) ) ;
#1396 = CARTESIAN_POINT ( 'NONE',  ( 6.294609602524909420, -8.814947907201748478, 22.19502664206390818 ) ) ;
#1397 = DIRECTION ( 'NONE',  ( -0.9987841318987270567, -0.04929764565683092403, -1.331963164365220467E-15 ) ) ;
#1398 = CARTESIAN_POINT ( 'NONE',  ( 4.693921898930824455, 34.23168071866408724, 26.05721885800539184 ) ) ;
#1399 = CARTESIAN_POINT ( 'NONE',  ( 8.232748942518702151, -8.910609926015506943, 23.38992557599651434 ) ) ;
#1400 = CARTESIAN_POINT ( 'NONE',  ( 4.890572557883526628, -8.745647926850411480, 19.51025169589906127 ) ) ;
#1401 = VERTEX_POINT ( 'NONE', #105 ) ;
#1402 = LINE ( 'NONE', #298, #42 ) ;
#1403 = CARTESIAN_POINT ( 'NONE',  ( 7.172272692688741458, 37.85826730189663181, 18.80409370410674441 ) ) ;
#1404 = CARTESIAN_POINT ( 'NONE',  ( 9.999999999999994671, -5.493576580588198865, 26.64362907087304677 ) ) ;
#1405 = CARTESIAN_POINT ( 'NONE',  ( 28.32709166908012932, 35.39815890440325319, 136.1735104717425315 ) ) ;
#1406 = VERTEX_POINT ( 'NONE', #348 ) ;
#1407 = CARTESIAN_POINT ( 'NONE',  ( 2.290578417142748346, -5.113057586270248756, 20.78971364565456881 ) ) ;
#1408 = DIRECTION ( 'NONE',  ( -0.000000000000000000, -0.000000000000000000, -1.000000000000000000 ) ) ;
#1409 = CARTESIAN_POINT ( 'NONE',  ( 6.285122687505108274, -8.814479655294169547, 22.18558415053365351 ) ) ;
#1410 = ORIENTED_EDGE ( 'NONE', *, *, #725, .F. ) ;
#1411 = CARTESIAN_POINT ( 'NONE',  ( 4.922740123686883074, 37.74723564256381536, 22.91797967743910647 ) ) ;
#1412 = EDGE_CURVE ( 'NONE', #2168, #202, #764, .T. ) ;
#1413 = CARTESIAN_POINT ( 'NONE',  ( 7.712138334194888145, -5.380653112104431202, 26.30971851029432074 ) ) ;
#1414 = CARTESIAN_POINT ( 'NONE',  ( 2.290571321115991044, -5.113056497566467407, 20.78969115146943736 ) ) ;
#1415 = EDGE_LOOP ( 'NONE', ( #513, #1941, #2734, #222 ) ) ;
#1416 = CARTESIAN_POINT ( 'NONE',  ( 5.243699967921346961, 34.25881674997967252, 26.26006979110588091 ) ) ;
#1417 = CARTESIAN_POINT ( 'NONE',  ( 30.32465993287765116, -6.496754195716963665, 2.000000000000001776 ) ) ;
#1418 = CARTESIAN_POINT ( 'NONE',  ( 3.191327962759838766, 37.66177719316586092, 21.12274029382379226 ) ) ;
#1419 = DIRECTION ( 'NONE',  ( 0.04929764565683236732, -0.9987841318987269457, 0.000000000000000000 ) ) ;
#1420 = EDGE_LOOP ( 'NONE', ( #1112, #727, #2005, #114 ) ) ;
#1421 = CARTESIAN_POINT ( 'NONE',  ( 2.351456612639368338, -5.116062391426805966, 20.99641504230578448 ) ) ;
#1422 = CARTESIAN_POINT ( 'NONE',  ( -0.1830008549337103774, 33.99096750637749409, 19.87127171200223330 ) ) ;
#1423 = CARTESIAN_POINT ( 'NONE',  ( 6.534957921055545960, -8.826810937322790096, 22.41831308416130852 ) ) ;
#1424 = PLANE ( 'NONE',  #938 ) ;
#1425 = EDGE_CURVE ( 'NONE', #408, #2168, #2721, .T. ) ;
#1426 = CARTESIAN_POINT ( 'NONE',  ( 5.713513251738289611, 37.78626635222034480, 23.31031588743575966 ) ) ;
#1427 = CARTESIAN_POINT ( 'NONE',  ( 7.592037759652344064, -5.374725536048189589, 26.27287712772112727 ) ) ;
#1428 = CARTESIAN_POINT ( 'NONE',  ( 9.416412341774664796, -8.969032779332707150, 18.67705698061342900 ) ) ;
#1429 = VERTEX_POINT ( 'NONE', #1193 ) ;
#1430 = CARTESIAN_POINT ( 'NONE',  ( 0.9723897185506615859, 34.04799487922782930, 22.94505355644922062 ) ) ;
#1431 = AXIS2_PLACEMENT_3D ( 'NONE', #476, #266, #1988 ) ;
#1432 = AXIS2_PLACEMENT_3D ( 'NONE', #1323, #1550, #868 ) ;
#1433 = EDGE_CURVE ( 'NONE', #1993, #734, #1633, .T. ) ;
#1434 = CARTESIAN_POINT ( 'NONE',  ( 2.947198364125676484, 37.64972752791441479, 20.62575776655484461 ) ) ;
#1435 = AXIS2_PLACEMENT_3D ( 'NONE', #2425, #731, #2269 ) ;
#1436 = FACE_BOUND ( 'NONE', #2511, .T. ) ;
#1437 = CARTESIAN_POINT ( 'NONE',  ( 3.008470413895430795, -5.148491053969125097, 22.53582392577956384 ) ) ;
#1438 = LINE ( 'NONE', #1711, #1205 ) ;
#1439 = CARTESIAN_POINT ( 'NONE',  ( 5.567109987702285601, -5.274780217182586384, 25.30406660181558820 ) ) ;
#1440 = DIRECTION ( 'NONE',  ( -0.9987841318987268346, 0.04929764565683238814, 0.000000000000000000 ) ) ;
#1441 = CARTESIAN_POINT ( 'NONE',  ( 7.380479137695477476, 37.86854388441491892, 19.01755049801217723 ) ) ;
#1442 = CARTESIAN_POINT ( 'NONE',  ( 9.531642173346964952, -5.470459345591535794, 26.63465270837337684 ) ) ;
#1443 = CARTESIAN_POINT ( 'NONE',  ( 9.420789714431597517, -8.969248836195506058, 18.70994596640796459 ) ) ;
#1444 = VERTEX_POINT ( 'NONE', #120 ) ;
#1445 = CARTESIAN_POINT ( 'NONE',  ( 7.363984415363731273, 34.36346902472396891, 26.63936995794177065 ) ) ;
#1446 = CARTESIAN_POINT ( 'NONE',  ( 30.15211817307867648, -9.992498657362508752, 13.99999999999999822 ) ) ;
#1447 = LINE ( 'NONE', #2705, #2723 ) ;
#1448 = EDGE_CURVE ( 'NONE', #702, #1742, #1003, .T. ) ;
#1449 = DIRECTION ( 'NONE',  ( 0.000000000000000000, 1.000000000000000000, 0.000000000000000000 ) ) ;
#1450 = PLANE ( 'NONE',  #527 ) ;
#1451 = ORIENTED_EDGE ( 'NONE', *, *, #2424, .T. ) ;
#1452 = CARTESIAN_POINT ( 'NONE',  ( 5.582089761003598660, -5.275518843061150598, 25.31400972128915328 ) ) ;
#1453 = LINE ( 'NONE', #1040, #850 ) ;
#1454 = CARTESIAN_POINT ( 'NONE',  ( 4.018696958602142821, 37.70261418915114859, 22.20484832467002079 ) ) ;
#1455 = CARTESIAN_POINT ( 'NONE',  ( 8.872465394865912458, -8.942184831925066746, 23.55827468637891897 ) ) ;
#1456 = CARTESIAN_POINT ( 'NONE',  ( 2.963465101895660148, -5.146270329829004453, 22.45382827640320045 ) ) ;
#1457 = ORIENTED_EDGE ( 'NONE', *, *, #399, .F. ) ;
#1458 = DIRECTION ( 'NONE',  ( -5.782411586589357639E-16, 0.000000000000000000, -1.000000000000000000 ) ) ;
#1459 = DIRECTION ( 'NONE',  ( 0.04929764565683240896, 0.9987841318987268346, -0.000000000000000000 ) ) ;
#1460 = ADVANCED_FACE ( 'NONE', ( #1436, #364, #989, #1225, #1018 ), #807, .F. ) ;
#1461 = CARTESIAN_POINT ( 'NONE',  ( 28.32709166908012932, -6.398158904403296710, 136.1735104717425315 ) ) ;
#1462 = DIRECTION ( 'NONE',  ( 0.9987841318987269457, -0.04929764565683219385, 6.698827295259469491E-15 ) ) ;
#1463 = CARTESIAN_POINT ( 'NONE',  ( 8.987915619367823794, -5.443622465802275379, 26.58052440788805981 ) ) ;
#1464 = ORIENTED_EDGE ( 'NONE', *, *, #888, .T. ) ;
#1465 = CARTESIAN_POINT ( 'NONE',  ( 5.566074169960984364, -5.274725913868987703, 25.30338133156439895 ) ) ;
#1466 = DIRECTION ( 'NONE',  ( 1.000000000000000000, 2.891205793294678819E-16, -0.000000000000000000 ) ) ;
#1467 = CARTESIAN_POINT ( 'NONE',  ( 1.385511323616841706, 34.06838520514719448, 23.53841017628655052 ) ) ;
#1468 = CARTESIAN_POINT ( 'NONE',  ( 7.741563530533431603, -5.382105494523919731, 26.31844533078171366 ) ) ;
#1469 = CARTESIAN_POINT ( 'NONE',  ( 5.447138820174851404, -8.773118734111672978, 21.07731383178066764 ) ) ;
#1470 = VERTEX_POINT ( 'NONE', #2302 ) ;
#1471 = CARTESIAN_POINT ( 'NONE',  ( 2.345961110971359176, 34.11579114633457976, 24.58029756770654117 ) ) ;
#1472 = VECTOR ( 'NONE', #1466, 1000.000000000000000 ) ;
#1473 = CIRCLE ( 'NONE', #165, 10.00000000000000178 ) ;
#1474 = ORIENTED_EDGE ( 'NONE', *, *, #1433, .T. ) ;
#1475 = CARTESIAN_POINT ( 'NONE',  ( 2.957602824378947393, 37.65024106770585632, 20.64990764291162151 ) ) ;
#1476 = VECTOR ( 'NONE', #1092, 1000.000000000000000 ) ;
#1477 = DIRECTION ( 'NONE',  ( 0.000000000000000000, 0.000000000000000000, -1.000000000000000000 ) ) ;
#1478 = AXIS2_PLACEMENT_3D ( 'NONE', #1934, #366, #1693 ) ;
#1479 = CARTESIAN_POINT ( 'NONE',  ( 35.75000000000001421, 22.49999999999997868, 88.00000000000001421 ) ) ;
#1480 = ORIENTED_EDGE ( 'NONE', *, *, #1726, .T. ) ;
#1481 = CARTESIAN_POINT ( 'NONE',  ( 9.579189404091714266, -8.977067073914373196, 18.96338148136821644 ) ) ;
#1482 = DIRECTION ( 'NONE',  ( 1.000000000000000000, 0.000000000000000000, 0.000000000000000000 ) ) ;
#1483 = CARTESIAN_POINT ( 'NONE',  ( 2.036348954835297764, 34.10051066985989365, 24.28096904062819306 ) ) ;
#1484 = CARTESIAN_POINT ( 'NONE',  ( 9.732442606496277904, -8.984631293075077352, 19.03351393213568699 ) ) ;
#1485 = CARTESIAN_POINT ( 'NONE',  ( 2.361132898025858129, -5.116539870260684353, 21.02780424556193850 ) ) ;
#1486 = ORIENTED_EDGE ( 'NONE', *, *, #1634, .T. ) ;
#1487 = CARTESIAN_POINT ( 'NONE',  ( 18.46376575870894143, 34.91132823679645725, 13.99999999999999822 ) ) ;
#1488 = ORIENTED_EDGE ( 'NONE', *, *, #498, .F. ) ;
#1489 = DIRECTION ( 'NONE',  ( 0.000000000000000000, 0.000000000000000000, 1.000000000000000000 ) ) ;
#1490 = PLANE ( 'NONE',  #260 ) ;
#1491 = CARTESIAN_POINT ( 'NONE',  ( 136.3014027943036979, -22.00000000000000000, 0.000000000000000000 ) ) ;
#1492 = CARTESIAN_POINT ( 'NONE',  ( 96.87708595671479372, 32.27371331885095884, 19.04428699408801862 ) ) ;
#1493 = PRODUCT_DEFINITION_CONTEXT ( 'detailed design', #1104, 'design' ) ;
#1494 = CARTESIAN_POINT ( 'NONE',  ( 8.269334542883569839, -5.408154986741632975, 26.45455583728167426 ) ) ;
#1495 = VERTEX_POINT ( 'NONE', #377 ) ;
#1496 = CARTESIAN_POINT ( 'NONE',  ( 9.596621334181001828, -8.977927473159027727, 18.97557321327045798 ) ) ;
#1497 = PLANE ( 'NONE',  #2409 ) ;
#1498 = CARTESIAN_POINT ( 'NONE',  ( 3.890837647547679801, 37.69630335299646617, 22.07328129484620760 ) ) ;
#1499 = CARTESIAN_POINT ( 'NONE',  ( 8.017542649014101741, -5.395727221327137890, 26.39534798831293827 ) ) ;
#1500 = CARTESIAN_POINT ( 'NONE',  ( 2.935297991988512933, -5.144876401542716415, 22.40137845135674155 ) ) ;
#1501 = ORIENTED_EDGE ( 'NONE', *, *, #2586, .T. ) ;
#1502 = DIRECTION ( 'NONE',  ( 2.066736167497101561E-16, 4.187265459463612379E-15, -1.000000000000000000 ) ) ;
#1503 = EDGE_CURVE ( 'NONE', #2267, #718, #2062, .T. ) ;
#1504 = DIRECTION ( 'NONE',  ( -0.04929764565683240896, -0.9987841318987268346, 0.000000000000000000 ) ) ;
#1505 = ORIENTED_EDGE ( 'NONE', *, *, #1661, .T. ) ;
#1506 = EDGE_CURVE ( 'NONE', #69, #1167, #1898, .T. ) ;
#1507 = PLANE ( 'NONE',  #1035 ) ;
#1508 = CARTESIAN_POINT ( 'NONE',  ( 28.30000000000001847, 2.026612294875929794E-29, 136.1735104717425315 ) ) ;
#1509 = FACE_OUTER_BOUND ( 'NONE', #1644, .T. ) ;
#1510 = CARTESIAN_POINT ( 'NONE',  ( -8.646011524884108583E-42, 28.99999999999996092, 136.1735104717425315 ) ) ;
#1511 = ORIENTED_EDGE ( 'NONE', *, *, #2372, .T. ) ;
#1512 = CARTESIAN_POINT ( 'NONE',  ( 6.784568710304171191, -5.334870127636630599, 25.96969018999644874 ) ) ;
#1513 = PLANE ( 'NONE',  #2453 ) ;
#1514 = CARTESIAN_POINT ( 'NONE',  ( 96.38410950014646517, 42.26155463783860711, 2.000000000000000000 ) ) ;
#1515 = CARTESIAN_POINT ( 'NONE',  ( 5.042414786559655582, -8.753142503652304285, 20.13442447673777380 ) ) ;
#1516 = EDGE_CURVE ( 'NONE', #1754, #1772, #1662, .T. ) ;
#1517 = EDGE_LOOP ( 'NONE', ( #1082, #2166, #876, #1355, #2582 ) ) ;
#1518 = DIRECTION ( 'NONE',  ( -1.000000000000000000, 0.000000000000000000, -0.000000000000000000 ) ) ;
#1519 = ORIENTED_EDGE ( 'NONE', *, *, #1948, .T. ) ;
#1520 = CARTESIAN_POINT ( 'NONE',  ( 22.82709166908013287, 1.634687796212638610E-29, 136.1735104717425315 ) ) ;
#1521 = FACE_OUTER_BOUND ( 'NONE', #1221, .T. ) ;
#1522 = VECTOR ( 'NONE', #2699, 1000.000000000000000 ) ;
#1523 = EDGE_CURVE ( 'NONE', #1330, #1133, #2157, .T. ) ;
#1524 = CIRCLE ( 'NONE', #2544, 2.549999999999996714 ) ;
#1525 = CARTESIAN_POINT ( 'NONE',  ( 7.204932463076900717, 37.85987931167573350, 18.86767556612001329 ) ) ;
#1526 = DIRECTION ( 'NONE',  ( -0.000000000000000000, -0.000000000000000000, -1.000000000000000000 ) ) ;
#1527 = LINE ( 'NONE', #1514, #1161 ) ;
#1528 = AXIS2_PLACEMENT_3D ( 'NONE', #333, #1449, #2497 ) ;
#1529 = VECTOR ( 'NONE', #2140, 1000.000000000000000 ) ;
#1530 = ORIENTED_EDGE ( 'NONE', *, *, #66, .T. ) ;
#1531 = DIRECTION ( 'NONE',  ( -0.9987841318987268346, -0.04929764565683199956, 1.833651161538482355E-16 ) ) ;
#1532 = PRODUCT_DEFINITION_FORMATION_WITH_SPECIFIED_SOURCE ( 'ANY', '', #799, .NOT_KNOWN. ) ;
#1533 = CARTESIAN_POINT ( 'NONE',  ( 9.481209597286650137, -8.972231020113420996, 18.86111576125821543 ) ) ;
#1534 = ORIENTED_EDGE ( 'NONE', *, *, #152, .T. ) ;
#1535 = CARTESIAN_POINT ( 'NONE',  ( 22.82709166908013287, -6.126691785079787955, 12.00000000000000000 ) ) ;
#1536 = CARTESIAN_POINT ( 'NONE',  ( 6.901920271776432969, -5.340662620723573006, 26.01980268386035533 ) ) ;
#1537 = VERTEX_POINT ( 'NONE', #607 ) ;
#1538 = CARTESIAN_POINT ( 'NONE',  ( 28.29999999999999716, 28.99999999999996092, 11.99999999999999645 ) ) ;
#1539 = CARTESIAN_POINT ( 'NONE',  ( 128.9910702685402271, -10.00000000000000178, 0.000000000000000000 ) ) ;
#1540 = CYLINDRICAL_SURFACE ( 'NONE', #351, 10.00000000000000000 ) ;
#1541 = PLANE ( 'NONE',  #2629 ) ;
#1542 = EDGE_CURVE ( 'NONE', #2174, #2379, #1752, .T. ) ;
#1543 = ORIENTED_EDGE ( 'NONE', *, *, #966, .F. ) ;
#1544 = LINE ( 'NONE', #1143, #2720 ) ;
#1545 = CARTESIAN_POINT ( 'NONE',  ( 3.349150962588251623, -5.165305852709945356, 23.09257163874479701 ) ) ;
#1546 = ORIENTED_EDGE ( 'NONE', *, *, #849, .T. ) ;
#1547 = APPLICATION_PROTOCOL_DEFINITION ( 'draft international standard', 'automotive_design', 1998, #1104 ) ;
#1548 = VERTEX_POINT ( 'NONE', #823 ) ;
#1549 = DIRECTION ( 'NONE',  ( -0.000000000000000000, -0.000000000000000000, -1.000000000000000000 ) ) ;
#1550 = DIRECTION ( 'NONE',  ( 0.04929764565683236732, -0.9987841318987269457, 0.000000000000000000 ) ) ;
#1551 = LINE ( 'NONE', #695, #2632 ) ;
#1552 = EDGE_CURVE ( 'NONE', #1772, #1779, #2750, .T. ) ;
#1553 = DIRECTION ( 'NONE',  ( 0.000000000000000000, 1.000000000000000000, 0.000000000000000000 ) ) ;
#1554 = ORIENTED_EDGE ( 'NONE', *, *, #1378, .F. ) ;
#1555 = CARTESIAN_POINT ( 'NONE',  ( 22.82709166908013287, 35.12669178507974266, 12.00000000000000000 ) ) ;
#1556 = CARTESIAN_POINT ( 'NONE',  ( 3.846930624598807302, -5.189875924172125288, 23.76074033593167201 ) ) ;
#1557 = ORIENTED_EDGE ( 'NONE', *, *, #2018, .T. ) ;
#1558 = ORIENTED_EDGE ( 'NONE', *, *, #2559, .T. ) ;
#1559 = LINE ( 'NONE', #274, #2065 ) ;
#1560 = CARTESIAN_POINT ( 'NONE',  ( 7.437697165814684652, 37.87136803228163728, 19.03582054552641623 ) ) ;
#1561 = LINE ( 'NONE', #921, #485 ) ;
#1562 = DIRECTION ( 'NONE',  ( 0.000000000000000000, 0.000000000000000000, 1.000000000000000000 ) ) ;
#1563 = AXIS2_PLACEMENT_3D ( 'NONE', #873, #2380, #253 ) ;
#1564 = ORIENTED_EDGE ( 'NONE', *, *, #725, .T. ) ;
#1565 = AXIS2_PLACEMENT_3D ( 'NONE', #1314, #2194, #1132 ) ;
#1566 = CARTESIAN_POINT ( 'NONE',  ( 6.033147095499730383, 34.29778201135820126, 28.64362907087306453 ) ) ;
#1567 = VECTOR ( 'NONE', #30, 1000.000000000000000 ) ;
#1568 = CARTESIAN_POINT ( 'NONE',  ( 5.971905786875158384, -8.799020002614623692, 21.84408221119835858 ) ) ;
#1569 = ORIENTED_EDGE ( 'NONE', *, *, #417, .F. ) ;
#1570 = AXIS2_PLACEMENT_3D ( 'NONE', #71, #2006, #1163 ) ;
#1571 = ADVANCED_FACE ( 'NONE', ( #2763 ), #836, .F. ) ;
#1572 = CARTESIAN_POINT ( 'NONE',  ( 2.013502562174260824, -5.099382478651202533, 19.16849455219361076 ) ) ;
#1573 = ORIENTED_EDGE ( 'NONE', *, *, #1584, .T. ) ;
#1574 = CARTESIAN_POINT ( 'NONE',  ( -8.646011524884108583E-42, 28.99999999999996092, 11.99999999999999645 ) ) ;
#1575 = CARTESIAN_POINT ( 'NONE',  ( 27.74020926601026460, 38.87345248225837935, 2.000000000000000000 ) ) ;
#1576 = CARTESIAN_POINT ( 'NONE',  ( 2.628431451086791437, 37.63399393962012596, 19.57944629697711392 ) ) ;
#1577 = CARTESIAN_POINT ( 'NONE',  ( 7.673183384340386937, -5.378730361706885787, 26.29798973209874902 ) ) ;
#1578 = ORIENTED_EDGE ( 'NONE', *, *, #1810, .F. ) ;
#1579 = DIRECTION ( 'NONE',  ( 0.000000000000000000, 0.000000000000000000, 1.000000000000000000 ) ) ;
#1580 = CARTESIAN_POINT ( 'NONE',  ( 3.359872485544153964, -5.165833919353096881, 23.10855710546213615 ) ) ;
#1581 = CARTESIAN_POINT ( 'NONE',  ( 22.82709166908013287, -6.126691785079788843, 0.000000000000000000 ) ) ;
#1582 = CARTESIAN_POINT ( 'NONE',  ( 6.837903129851521378, -5.337502884522540292, 25.99280466310999671 ) ) ;
#1583 = CARTESIAN_POINT ( 'NONE',  ( 6.932731965961428600, -5.342182530736306667, 26.03264855742889949 ) ) ;
#1584 = EDGE_CURVE ( 'NONE', #1262, #1993, #985, .T. ) ;
#1585 = ORIENTED_EDGE ( 'NONE', *, *, #1316, .T. ) ;
#1586 = FACE_OUTER_BOUND ( 'NONE', #218, .T. ) ;
#1587 = DIRECTION ( 'NONE',  ( -0.9987841318987268346, -0.04929764565683236732, -0.000000000000000000 ) ) ;
#1588 = EDGE_CURVE ( 'NONE', #2415, #1998, #225, .T. ) ;
#1589 = CARTESIAN_POINT ( 'NONE',  ( 40.84999999999999432, 6.499999999999979572, 28.64362907087304677 ) ) ;
#1590 = CARTESIAN_POINT ( 'NONE',  ( 2.599444833866654037, 37.63256322807906429, 19.41274723932825808 ) ) ;
#1591 = ORIENTED_EDGE ( 'NONE', *, *, #2184, .T. ) ;
#1592 = CARTESIAN_POINT ( 'NONE',  ( 2.630758495083270976, -5.129848078235656139, 21.76320500682797743 ) ) ;
#1593 = DIRECTION ( 'NONE',  ( -1.000000000000000000, 0.000000000000000000, 0.000000000000000000 ) ) ;
#1594 = CARTESIAN_POINT ( 'NONE',  ( 9.532084113340115294, -8.974742067080693886, 18.92312092433706638 ) ) ;
#1595 = CARTESIAN_POINT ( 'NONE',  ( -1.027151774350089639E-41, 33.99999999999995737, 136.1735104717425315 ) ) ;
#1596 = EDGE_CURVE ( 'NONE', #1470, #48, #1885, .T. ) ;
#1597 = CARTESIAN_POINT ( 'NONE',  ( 9.701046032698172894, -8.983081631721333338, 19.02497363711350076 ) ) ;
#1598 = CARTESIAN_POINT ( 'NONE',  ( 9.426190859458502658, -8.969515424064873343, 18.73592631756605797 ) ) ;
#1599 = ORIENTED_EDGE ( 'NONE', *, *, #1503, .T. ) ;
#1600 = CARTESIAN_POINT ( 'NONE',  ( 35.75000000000001421, 22.49999999999997868, 0.000000000000000000 ) ) ;
#1601 = DIRECTION ( 'NONE',  ( -0.000000000000000000, -0.000000000000000000, 1.000000000000000000 ) ) ;
#1602 = CARTESIAN_POINT ( 'NONE',  ( 7.140904150867067202, 37.85671902413558598, 18.64362907087300769 ) ) ;
#1603 = CARTESIAN_POINT ( 'NONE',  ( 0.9723932335347515998, 34.04799505271947879, 22.94505133351488269 ) ) ;
#1604 = ORIENTED_EDGE ( 'NONE', *, *, #1803, .T. ) ;
#1605 = CARTESIAN_POINT ( 'NONE',  ( 4.034214013437385837, -5.199119355811344434, 23.97772912557894287 ) ) ;
#1606 = DIRECTION ( 'NONE',  ( -2.213046976132512076E-15, 4.483695262638309416E-14, 1.000000000000000000 ) ) ;
#1607 = VECTOR ( 'NONE', #382, 1000.000000000000000 ) ;
#1608 = CARTESIAN_POINT ( 'NONE',  ( 9.532820435723255770, -8.974778410229104608, 18.92385236102970936 ) ) ;
#1609 = FACE_OUTER_BOUND ( 'NONE', #1621, .T. ) ;
#1610 = CARTESIAN_POINT ( 'NONE',  ( 7.396845984713448452, 37.86935171365354336, 19.02391678713778944 ) ) ;
#1611 = AXIS2_PLACEMENT_3D ( 'NONE', #1911, #406, #576 ) ;
#1612 = B_SPLINE_CURVE_WITH_KNOTS ( 'NONE', 3,
 ( #638, #1280, #1724, #654 ),
 .UNSPECIFIED., .F., .F.,
 ( 4, 4 ),
 ( 0.000000000000000000, 0.0002367024134546065548 ),
 .UNSPECIFIED. ) ;
#1613 = CARTESIAN_POINT ( 'NONE',  ( 7.697527616749508361, -5.379931910702919318, 26.30534552507065627 ) ) ;
#1614 = CARTESIAN_POINT ( 'NONE',  ( 4.957263254279004272, -8.748939623438813484, 19.83025646004521292 ) ) ;
#1615 = AXIS2_PLACEMENT_3D ( 'NONE', #945, #102, #1809 ) ;
#1616 = EDGE_LOOP ( 'NONE', ( #1530, #633, #1176, #698 ) ) ;
#1617 = CARTESIAN_POINT ( 'NONE',  ( -0.2766563684975489879, 33.98634488956388822, 2.000000000000000000 ) ) ;
#1618 = CARTESIAN_POINT ( 'NONE',  ( 1.997568263797453891, -5.098595291313665179, 18.64362907087316401 ) ) ;
#1619 = CARTESIAN_POINT ( 'NONE',  ( 0.3250656773355486417, 34.01604427830740462, 21.69454610448223519 ) ) ;
#1620 = DIRECTION ( 'NONE',  ( 0.000000000000000000, 0.000000000000000000, 1.000000000000000000 ) ) ;
#1621 = EDGE_LOOP ( 'NONE', ( #927, #1599, #1700, #1694, #712, #2179, #1021 ) ) ;
#1622 = EDGE_CURVE ( 'NONE', #1967, #1277, #2567, .T. ) ;
#1623 = CARTESIAN_POINT ( 'NONE',  ( 2.329892489857131821, -5.114998036828175998, 20.92544936937715505 ) ) ;
#1624 = CARTESIAN_POINT ( 'NONE',  ( 7.633880607435370003, 27.86887770514831431, 18.64362907087345889 ) ) ;
#1625 = CARTESIAN_POINT ( 'NONE',  ( 9.548303969708658911, -8.975542641205096928, 18.93824998223136191 ) ) ;
#1626 = DIRECTION ( 'NONE',  ( 1.000000000000000000, 0.000000000000000000, 0.000000000000000000 ) ) ;
#1627 = CARTESIAN_POINT ( 'NONE',  ( 3.830977070372330484, 34.18908913127905436, 25.64559334043574879 ) ) ;
#1628 = CARTESIAN_POINT ( 'NONE',  ( 8.393268346356911991, -8.918532787861964906, 23.44064226787175542 ) ) ;
#1629 = CARTESIAN_POINT ( 'NONE',  ( 4.901023763742219153, -8.746163773895487381, 19.56702301652975962 ) ) ;
#1630 = VERTEX_POINT ( 'NONE', #1048 ) ;
#1631 = CARTESIAN_POINT ( 'NONE',  ( 1.162152086051861266, 34.05736110527566041, 23.23083812067982734 ) ) ;
#1632 = CARTESIAN_POINT ( 'NONE',  ( 7.185303316595671674, 37.85891046297572871, 18.83324136038224594 ) ) ;
#1633 = LINE ( 'NONE', #776, #2507 ) ;
#1634 = EDGE_CURVE ( 'NONE', #878, #819, #1672, .T. ) ;
#1635 = EDGE_LOOP ( 'NONE', ( #1923, #790, #1983, #191 ) ) ;
#1636 = CARTESIAN_POINT ( 'NONE',  ( 3.363112593079756074, -5.165995361382538675, 23.11338143814794321 ) ) ;
#1637 = CARTESIAN_POINT ( 'NONE',  ( 40.85000000000000142, 22.49999999999997868, 28.64362907087304677 ) ) ;
#1638 = CARTESIAN_POINT ( 'NONE',  ( 9.533707068565353993, -8.974822172349748328, 18.92472663653230924 ) ) ;
#1639 = DIRECTION ( 'NONE',  ( -7.161174186840735016E-31, 1.000000000000000000, -0.000000000000000000 ) ) ;
#1640 = CARTESIAN_POINT ( 'NONE',  ( 4.988718682563484386, 34.24623087417369760, 26.17103956663119391 ) ) ;
#1641 = EDGE_CURVE ( 'NONE', #1406, #1769, #667, .T. ) ;
#1642 = CARTESIAN_POINT ( 'NONE',  ( 7.455517100541571907, -5.367987098075462704, 26.22864139952260487 ) ) ;
#1643 = CARTESIAN_POINT ( 'NONE',  ( 2.149038667515132062, -5.106071120663414398, 20.19279832707205102 ) ) ;
#1644 = EDGE_LOOP ( 'NONE', ( #1505, #1109, #1009, #708 ) ) ;
#1645 = CARTESIAN_POINT ( 'NONE',  ( 1.997697424998652771, 34.09860166640802248, 24.24153959152064175 ) ) ;
#1646 = CARTESIAN_POINT ( 'NONE',  ( 128.9910702685402271, -10.00000000000000000, 28.64362907087304322 ) ) ;
#1647 = DIRECTION ( 'NONE',  ( -0.000000000000000000, -0.000000000000000000, -1.000000000000000000 ) ) ;
#1648 = ORIENTED_EDGE ( 'NONE', *, *, #2490, .F. ) ;
#1649 = CARTESIAN_POINT ( 'NONE',  ( 2.936352726184626061, -5.144931493799104416, 22.40334413063584407 ) ) ;
#1650 = CARTESIAN_POINT ( 'NONE',  ( -1.027151774350089639E-41, 33.99999999999995737, 18.64362907087305388 ) ) ;
#1651 =( BOUNDED_SURFACE ( )  B_SPLINE_SURFACE ( 3, 2, ( 
 ( #2405, #2346, #1281 ),
 ( #716, #942, #928 ),
 ( #484, #2421, #1346 ),
 ( #1969, #2201, #1572 ),
 ( #1428, #2081, #2254 ),
 ( #372, #2297, #589 ),
 ( #314, #2446, #2687 ),
 ( #785, #1232, #1014 ),
 ( #1443, #1400, #800 ),
 ( #542, #1629, #1820 ),
 ( #87, #2283, #359 ),
 ( #969, #1658, #1220 ),
 ( #328, #2509, #1643 ),
 ( #1187, #2670, #342 ),
 ( #1837, #981, #2064 ),
 ( #1385, #100, #754 ),
 ( #772, #956, #1175 ),
 ( #1807, #2241, #2036 ),
 ( #2479, #146, #1864 ),
 ( #2049, #2653, #740 ),
 ( #1598, #1614, #113 ),
 ( #571, #524, #558 ),
 ( #2716, #2465, #1414 ),
 ( #2266, #1202, #130 ),
 ( #999, #1851, #2702 ),
 ( #2492, #2561, #2757 ),
 ( #2135, #1515, #1485 ),
 ( #818, #201, #1878 ),
 ( #1069, #2309, #187 ),
 ( #1940, #1260, #2572 ),
 ( #1893, #1922, #429 ),
 ( #8, #2109, #2546 ),
 ( #2094, #2733, #875 ),
 ( #2121, #1054, #1906 ),
 ( #1244, #659, #2364 ),
 ( #385, #1674, #843 ),
 ( #2772, #444, #217 ),
 ( #401, #174, #157 ),
 ( #1699, #1730, #1500 ),
 ( #2522, #1027, #1043 ),
 ( #602, #2745, #1456 ),
 ( #831, #1685, #2533 ),
 ( #615, #1469, #2340 ),
 ( #863, #632, #2324 ),
 ( #414, #1273, #1289 ),
 ( #1719, #647, #2353 ),
 ( #2149, #1087, #701 ),
 ( #2209, #494, #1329 ),
 ( #1533, #1991, #2419 ),
 ( #22, #689, #885 ),
 ( #1306, #711, #1954 ),
 ( #1741, #675, #1545 ),
 ( #1966, #243, #1354 ),
 ( #280, #1792, #2001 ),
 ( #2177, #2165, #2585 ),
 ( #231, #2381, #1580 ),
 ( #34, #2637, #458 ),
 ( #2431, #1318, #68 ),
 ( #1771, #726, #1099 ),
 ( #939, #900, #469 ),
 ( #2187, #1111, #1757 ),
 ( #2601, #2199, #2393 ),
 ( #256, #1124, #1981 ),
 ( #2612, #1342, #47 ),
 ( #914, #1568, #1556 ),
 ( #2403, #480, #269 ),
 ( #1144, #1135, #57 ),
 ( #926, #1781, #2624 ),
 ( #521, #1381, #1816 ),
 ( #768, #81, #1197 ),
 ( #2711, #952, #538 ),
 ( #2236, #309, #323 ),
 ( #737, #2250, #1860 ),
 ( #1594, #1409, #508 ),
 ( #1010, #1183, #977 ),
 ( #2019, #1804, #2650 ),
 ( #1367, #1396, #994 ),
 ( #1608, #2443, #749 ),
 ( #1653, #1170, #2044 ),
 ( #1638, #2220, #109 ),
 ( #794, #2031, #293 ),
 ( #2059, #2487, #2698 ),
 ( #96, #1157, #964 ),
 ( #1847, #2664, #2460 ),
 ( #1832, #126, #2683 ),
 ( #1625, #2475, #567 ),
 ( #554, #1423, #2262 ),
 ( #337, #781, #2278 ),
 ( #354, #1216, #2077 ),
 ( #142, #1871, #2740 ),
 ( #1481, #2541, #1936 ),
 ( #212, #425, #2131 ),
 ( #585, #153, #182 ),
 ( #2727, #5, #1285 ),
 ( #1083, #812, #368 ),
 ( #1669, #2145, #2517 ),
 ( #872, #2503, #2293 ),
 ( #2102, #1681, #1465 ),
 ( #1022, #598, #1439 ),
 ( #1695, #2319, #1228 ),
 ( #395, #2090, #1452 ),
 ( #2305, #826, #381 ),
 ( #1496, #2529, #1239 ),
 ( #169, #1039, #1917 ),
 ( #1887, #2335, #1256 ),
 ( #611, #2117, #1050 ),
 ( #1901, #2753, #839 ),
 ( #627, #409, #1269 ),
 ( #197, #1065, #2766 ),
 ( #858, #1714, #2556 ),
 ( #643, #2349, #2362 ),
 ( #2163, #1728, #1512 ),
 ( #20, #441, #1303 ),
 ( #228, #2570, #657 ),
 ( #1096, #1951, #1201 ),
 ( #2063, #2253, #557 ),
 ( #1013, #980, #1583 ),
 ( #129, #2445, #2433 ),
 ( #2048, #512, #1806 ),
 ( #2282, #2240, #2080 ),
 ( #2223, #1863, #739 ),
 ( #341, #1186, #1370 ),
 ( #1850, #523, #570 ),
 ( #784, #968, #1836 ),
 ( #2715, #145, #2478 ),
 ( #1160, #1399, #1642 ),
 ( #296, #2491, #2023 ),
 ( #1597, #86, #1427 ),
 ( #358, #998, #2652 ),
 ( #955, #1384, #1219 ),
 ( #313, #1174, #2701 ),
 ( #2035, #2265, #327 ),
 ( #99, #2686, #1819 ),
 ( #2464, #771, #541 ),
 ( #2669, #753, #1613 ),
 ( #112, #1628, #1413 ),
 ( #2093, #1026, #1698 ),
 ( #2521, #1288, #1468 ),
 ( #1877, #2296, #156 ),
 ( #2323, #2134, #1921 ),
 ( #1243, #1086, #1499 ),
 ( #1484, #1939, #601 ),
 ( #216, #2771, #1657 ),
 ( #1718, #2352, #817 ),
 ( #2108, #1673, #1053 ),
 ( #2532, #1684, #2756 ),
 ( #2732, #1455, #2308 ),
 ( #614, #428, #384 ),
 ( #2148, #173, #1042 ),
 ( #798, #1892, #2508 ),
 ( #1259, #2744, #371 ),
 ( #830, #588, #1442 ),
 ( #1272, #400, #2120 ),
 ( #186, #2339, #1231 ) ),
 .UNSPECIFIED., .F., .F., .F. ) 
 B_SPLINE_SURFACE_WITH_KNOTS ( ( 4, 2, 2, 2, 2, 2, 2, 2, 2, 2, 2, 2, 2, 2, 2, 2, 2, 2, 2, 2, 2, 2, 2, 2, 2, 2, 2, 2, 2, 2, 2, 2, 2, 2, 2, 2, 2, 2, 2, 2, 2, 2, 2, 2, 2, 2, 2, 2, 2, 2, 2, 2, 2, 2, 2, 2, 2, 2, 2, 2, 2, 2, 2, 2, 2, 2, 2, 2, 2, 2, 2, 2, 2, 2, 2, 2, 4 ),
 ( 3, 3 ),
 ( 0.01987323760986327986, 0.01989342850865839091, 0.01991361940745350195, 0.01993381030624861300, 0.01994390575564616852, 0.01994895348034494975, 0.01995021541151964506, 0.01995084637710699271, 0.01995147734269434037, 0.01995400120504372751, 0.01997419210383884203, 0.01998428755323639755, 0.01998933527793517531, 0.01999438300263395307, 0.02001457390142906412, 0.02002466935082661964, 0.02003476480022417516, 0.02005495569901928621, 0.02006505114841684173, 0.02006757501076623235, 0.02007009887311562296, 0.02007514659781440072, 0.02009533749660951524, 0.02010543294600707076, 0.02010669487718176607, 0.02010732584276911372, 0.02010764132556278755, 0.02010795680835646138, 0.02010921873953115668, 0.02011048067070584852, 0.02011552839540462628, 0.02013571929419973733, 0.02015591019299484837, 0.02017610109178995942, 0.02018619654118751494, 0.02018682750677486260, 0.02018714298956853642, 0.02018745847236221025, 0.02018808943794955790, 0.02018872040353690556, 0.02019124426588629617, 0.02019629199058507393, 0.02020638743998263293, 0.02021648288938018845, 0.02023667378817529949, 0.02025686468697041054, 0.02026696013636796606, 0.02026822206754266137, 0.02026885303313000902, 0.02026948399871735668, 0.02027074592989205198, 0.02027200786106674382, 0.02027705558576552158, 0.02029724648456063263, 0.02031743738335574714, 0.02033762828215086166, 0.02034772373154841718, 0.02035024759389780780, 0.02035087855948515545, 0.02035150952507250310, 0.02035277145624719494, 0.02035781918094597270, 0.02037801007974108375, 0.02038810552913863927, 0.02039062939148802989, 0.02039189132266272519, 0.02039315325383741703, 0.02039441518501210887, 0.02039567711618680418, 0.02039820097853619479, 0.02041839187733130584, 0.02042848732672886136, 0.02043353505142764259, 0.02043858277612642035, 0.02045877367492153487, 0.02047896457371664591, 0.02051934637130686800 ),
 ( 0.000000000000000000, 1.000000000000000000 ),
 .UNSPECIFIED. ) 
 GEOMETRIC_REPRESENTATION_ITEM ( )  RATIONAL_B_SPLINE_SURFACE ( (
 ( 1.000000000000000000, 0.9082951062292480282, 1.000000000000000000),
 ( 1.000000000000000000, 0.9082951062292480282, 1.000000000000000000),
 ( 1.000000000000000000, 0.9082951062292479172, 1.000000000000000000),
 ( 1.000000000000000000, 0.9082951062292479172, 1.000000000000000000),
 ( 1.000000000000000000, 0.9082951062292479172, 1.000000000000000000),
 ( 1.000000000000000000, 0.9082951062292479172, 1.000000000000000000),
 ( 1.000000000000000000, 0.9082951062292478062, 1.000000000000000000),
 ( 1.000000000000000000, 0.9082951062292478062, 1.000000000000000000),
 ( 1.000000000000000000, 0.9082951062292478062, 1.000000000000000000),
 ( 1.000000000000000000, 0.9082951062292478062, 1.000000000000000000),
 ( 1.000000000000000000, 0.9082951062292478062, 1.000000000000000000),
 ( 1.000000000000000000, 0.9082951062292478062, 1.000000000000000000),
 ( 1.000000000000000000, 0.9082951062292476951, 1.000000000000000000),
 ( 1.000000000000000000, 0.9082951062292476951, 1.000000000000000000),
 ( 1.000000000000000000, 0.9082951062292478062, 1.000000000000000000),
 ( 1.000000000000000000, 0.9082951062292478062, 1.000000000000000000),
 ( 1.000000000000000000, 0.9082951062292476951, 1.000000000000000000),
 ( 1.000000000000000000, 0.9082951062292476951, 1.000000000000000000),
 ( 1.000000000000000000, 0.9082951062292478062, 1.000000000000000000),
 ( 1.000000000000000000, 0.9082951062292478062, 1.000000000000000000),
 ( 1.000000000000000000, 0.9082951062292476951, 1.000000000000000000),
 ( 1.000000000000000000, 0.9082951062292476951, 1.000000000000000000),
 ( 1.000000000000000000, 0.9082951062292478062, 1.000000000000000000),
 ( 1.000000000000000000, 0.9082951062292478062, 1.000000000000000000),
 ( 1.000000000000000000, 0.9082951062292476951, 1.000000000000000000),
 ( 1.000000000000000000, 0.9082951062292476951, 1.000000000000000000),
 ( 1.000000000000000000, 0.9082951062292476951, 1.000000000000000000),
 ( 1.000000000000000000, 0.9082951062292476951, 1.000000000000000000),
 ( 1.000000000000000000, 0.9082951062292475841, 1.000000000000000000),
 ( 1.000000000000000000, 0.9082951062292475841, 1.000000000000000000),
 ( 1.000000000000000000, 0.9082951062292475841, 1.000000000000000000),
 ( 1.000000000000000000, 0.9082951062292475841, 1.000000000000000000),
 ( 1.000000000000000000, 0.9082951062292476951, 1.000000000000000000),
 ( 1.000000000000000000, 0.9082951062292476951, 1.000000000000000000),
 ( 1.000000000000000000, 0.9082951062292474731, 1.000000000000000000),
 ( 1.000000000000000000, 0.9082951062292474731, 1.000000000000000000),
 ( 1.000000000000000000, 0.9082951062292475841, 1.000000000000000000),
 ( 1.000000000000000000, 0.9082951062292475841, 1.000000000000000000),
 ( 1.000000000000000000, 0.9082951062292474731, 1.000000000000000000),
 ( 1.000000000000000000, 0.9082951062292474731, 1.000000000000000000),
 ( 1.000000000000000000, 0.9082951062292474731, 1.000000000000000000),
 ( 1.000000000000000000, 0.9082951062292474731, 1.000000000000000000),
 ( 1.000000000000000000, 0.9082951062292475841, 1.000000000000000000),
 ( 1.000000000000000000, 0.9082951062292475841, 1.000000000000000000),
 ( 1.000000000000000000, 0.9082951062292474731, 1.000000000000000000),
 ( 1.000000000000000000, 0.9082951062292474731, 1.000000000000000000),
 ( 1.000000000000000000, 0.9082951062292474731, 1.000000000000000000),
 ( 1.000000000000000000, 0.9082951062292474731, 1.000000000000000000),
 ( 1.000000000000000000, 0.9082951062292474731, 1.000000000000000000),
 ( 1.000000000000000000, 0.9082951062292474731, 1.000000000000000000),
 ( 1.000000000000000000, 0.9082951062292473621, 1.000000000000000000),
 ( 1.000000000000000000, 0.9082951062292473621, 1.000000000000000000),
 ( 1.000000000000000000, 0.9082951062292474731, 1.000000000000000000),
 ( 1.000000000000000000, 0.9082951062292474731, 1.000000000000000000),
 ( 1.000000000000000000, 0.9082951062292474731, 1.000000000000000000),
 ( 1.000000000000000000, 0.9082951062292474731, 1.000000000000000000),
 ( 1.000000000000000000, 0.9082951062292474731, 1.000000000000000000),
 ( 1.000000000000000000, 0.9082951062292474731, 1.000000000000000000),
 ( 1.000000000000000000, 0.9082951062292474731, 1.000000000000000000),
 ( 1.000000000000000000, 0.9082951062292474731, 1.000000000000000000),
 ( 1.000000000000000000, 0.9082951062292474731, 1.000000000000000000),
 ( 1.000000000000000000, 0.9082951062292474731, 1.000000000000000000),
 ( 1.000000000000000000, 0.9082951062292473621, 1.000000000000000000),
 ( 1.000000000000000000, 0.9082951062292473621, 1.000000000000000000),
 ( 1.000000000000000000, 0.9082951062292473621, 1.000000000000000000),
 ( 1.000000000000000000, 0.9082951062292473621, 1.000000000000000000),
 ( 1.000000000000000000, 0.9082951062292473621, 1.000000000000000000),
 ( 1.000000000000000000, 0.9082951062292473621, 1.000000000000000000),
 ( 1.000000000000000000, 0.9082951062292473621, 1.000000000000000000),
 ( 1.000000000000000000, 0.9082951062292473621, 1.000000000000000000),
 ( 1.000000000000000000, 0.9082951062292473621, 1.000000000000000000),
 ( 1.000000000000000000, 0.9082951062292473621, 1.000000000000000000),
 ( 1.000000000000000000, 0.9082951062292473621, 1.000000000000000000),
 ( 1.000000000000000000, 0.9082951062292473621, 1.000000000000000000),
 ( 1.000000000000000000, 0.9082951062292472511, 1.000000000000000000),
 ( 1.000000000000000000, 0.9082951062292472511, 1.000000000000000000),
 ( 1.000000000000000000, 0.9082951062292473621, 1.000000000000000000),
 ( 1.000000000000000000, 0.9082951062292473621, 1.000000000000000000),
 ( 1.000000000000000000, 0.9082951062292474731, 1.000000000000000000),
 ( 1.000000000000000000, 0.9082951062292474731, 1.000000000000000000),
 ( 1.000000000000000000, 0.9082951062292472511, 1.000000000000000000),
 ( 1.000000000000000000, 0.9082951062292472511, 1.000000000000000000),
 ( 1.000000000000000000, 0.9082951062292473621, 1.000000000000000000),
 ( 1.000000000000000000, 0.9082951062292473621, 1.000000000000000000),
 ( 1.000000000000000000, 0.9082951062292473621, 1.000000000000000000),
 ( 1.000000000000000000, 0.9082951062292473621, 1.000000000000000000),
 ( 1.000000000000000000, 0.9082951062292472511, 1.000000000000000000),
 ( 1.000000000000000000, 0.9082951062292472511, 1.000000000000000000),
 ( 1.000000000000000000, 0.9082951062292473621, 1.000000000000000000),
 ( 1.000000000000000000, 0.9082951062292473621, 1.000000000000000000),
 ( 1.000000000000000000, 0.9082951062292472511, 1.000000000000000000),
 ( 1.000000000000000000, 0.9082951062292472511, 1.000000000000000000),
 ( 1.000000000000000000, 0.9082951062292471400, 1.000000000000000000),
 ( 1.000000000000000000, 0.9082951062292471400, 1.000000000000000000),
 ( 1.000000000000000000, 0.9082951062292472511, 1.000000000000000000),
 ( 1.000000000000000000, 0.9082951062292472511, 1.000000000000000000),
 ( 1.000000000000000000, 0.9082951062292472511, 1.000000000000000000),
 ( 1.000000000000000000, 0.9082951062292472511, 1.000000000000000000),
 ( 1.000000000000000000, 0.9082951062292472511, 1.000000000000000000),
 ( 1.000000000000000000, 0.9082951062292472511, 1.000000000000000000),
 ( 1.000000000000000000, 0.9082951062292472511, 1.000000000000000000),
 ( 1.000000000000000000, 0.9082951062292472511, 1.000000000000000000),
 ( 1.000000000000000000, 0.9082951062292472511, 1.000000000000000000),
 ( 1.000000000000000000, 0.9082951062292472511, 1.000000000000000000),
 ( 1.000000000000000000, 0.9082951062292472511, 1.000000000000000000),
 ( 1.000000000000000000, 0.9082951062292472511, 1.000000000000000000),
 ( 1.000000000000000000, 0.9082951062292470290, 1.000000000000000000),
 ( 1.000000000000000000, 0.9082951062292470290, 1.000000000000000000),
 ( 1.000000000000000000, 0.9082951062292472511, 1.000000000000000000),
 ( 1.000000000000000000, 0.9082951062292472511, 1.000000000000000000),
 ( 1.000000000000000000, 0.9082951062292471400, 1.000000000000000000),
 ( 1.000000000000000000, 0.9082951062292471400, 1.000000000000000000),
 ( 1.000000000000000000, 0.9082951062292471400, 1.000000000000000000),
 ( 1.000000000000000000, 0.9082951062292471400, 1.000000000000000000),
 ( 1.000000000000000000, 0.9082951062292470290, 1.000000000000000000),
 ( 1.000000000000000000, 0.9082951062292470290, 1.000000000000000000),
 ( 1.000000000000000000, 0.9082951062292471400, 1.000000000000000000),
 ( 1.000000000000000000, 0.9082951062292471400, 1.000000000000000000),
 ( 1.000000000000000000, 0.9082951062292471400, 1.000000000000000000),
 ( 1.000000000000000000, 0.9082951062292471400, 1.000000000000000000),
 ( 1.000000000000000000, 0.9082951062292471400, 1.000000000000000000),
 ( 1.000000000000000000, 0.9082951062292471400, 1.000000000000000000),
 ( 1.000000000000000000, 0.9082951062292470290, 1.000000000000000000),
 ( 1.000000000000000000, 0.9082951062292470290, 1.000000000000000000),
 ( 1.000000000000000000, 0.9082951062292472511, 1.000000000000000000),
 ( 1.000000000000000000, 0.9082951062292472511, 1.000000000000000000),
 ( 1.000000000000000000, 0.9082951062292472511, 1.000000000000000000),
 ( 1.000000000000000000, 0.9082951062292472511, 1.000000000000000000),
 ( 1.000000000000000000, 0.9082951062292472511, 1.000000000000000000),
 ( 1.000000000000000000, 0.9082951062292472511, 1.000000000000000000),
 ( 1.000000000000000000, 0.9082951062292472511, 1.000000000000000000),
 ( 1.000000000000000000, 0.9082951062292472511, 1.000000000000000000),
 ( 1.000000000000000000, 0.9082951062292471400, 1.000000000000000000),
 ( 1.000000000000000000, 0.9082951062292471400, 1.000000000000000000),
 ( 1.000000000000000000, 0.9082951062292471400, 1.000000000000000000),
 ( 1.000000000000000000, 0.9082951062292471400, 1.000000000000000000),
 ( 1.000000000000000000, 0.9082951062292471400, 1.000000000000000000),
 ( 1.000000000000000000, 0.9082951062292471400, 1.000000000000000000),
 ( 1.000000000000000000, 0.9082951062292471400, 1.000000000000000000),
 ( 1.000000000000000000, 0.9082951062292471400, 1.000000000000000000),
 ( 1.000000000000000000, 0.9082951062292471400, 1.000000000000000000),
 ( 1.000000000000000000, 0.9082951062292471400, 1.000000000000000000),
 ( 1.000000000000000000, 0.9082951062292470290, 1.000000000000000000),
 ( 1.000000000000000000, 0.9082951062292470290, 1.000000000000000000),
 ( 1.000000000000000000, 0.9082951062292472511, 1.000000000000000000),
 ( 1.000000000000000000, 0.9082951062292472511, 1.000000000000000000),
 ( 1.000000000000000000, 0.9082951062292472511, 1.000000000000000000),
 ( 1.000000000000000000, 0.9082951062292472511, 1.000000000000000000),
 ( 1.000000000000000000, 0.9082951062292470290, 1.000000000000000000),
 ( 1.000000000000000000, 0.9082951062292470290, 1.000000000000000000),
 ( 1.000000000000000000, 0.9082951062292470290, 1.000000000000000000),
 ( 1.000000000000000000, 0.9082951062292470290, 1.000000000000000000),
 ( 1.000000000000000000, 0.9082951062292471400, 1.000000000000000000),
 ( 1.000000000000000000, 0.9082951062292471400, 1.000000000000000000) ) ) 
 REPRESENTATION_ITEM ( '' )  SURFACE ( )  );
#1652 = ORIENTED_EDGE ( 'NONE', *, *, #835, .T. ) ;
#1653 = CARTESIAN_POINT ( 'NONE',  ( 9.532968087450473860, -8.974785697972567533, 18.92399820994002724 ) ) ;
#1654 = FACE_OUTER_BOUND ( 'NONE', #1865, .T. ) ;
#1655 = CARTESIAN_POINT ( 'NONE',  ( 5.422406047310596833, 37.77189798236568663, 23.18708960976994859 ) ) ;
#1656 = VECTOR ( 'NONE', #1562, 1000.000000000000000 ) ;
#1657 = CARTESIAN_POINT ( 'NONE',  ( 8.269336878880579889, -5.408155284442721644, 26.45455617796562464 ) ) ;
#1658 = CARTESIAN_POINT ( 'NONE',  ( 4.908927714822607591, -8.746553894410226349, 19.60793784069211299 ) ) ;
#1659 = ORIENTED_EDGE ( 'NONE', *, *, #1251, .F. ) ;
#1660 = CARTESIAN_POINT ( 'NONE',  ( 2.106953475613965399, 34.10399428919514264, 24.35150099207623953 ) ) ;
#1661 = EDGE_CURVE ( 'NONE', #2076, #175, #851, .T. ) ;
#1662 = CIRCLE ( 'NONE', #220, 2.549999999999996714 ) ;
#1663 = CIRCLE ( 'NONE', #2195, 10.00000000000000000 ) ;
#1664 = CARTESIAN_POINT ( 'NONE',  ( 0.9723932335325459198, 34.04799505271932958, 22.94505133351140813 ) ) ;
#1665 = AXIS2_PLACEMENT_3D ( 'NONE', #2545, #631, #413 ) ;
#1666 = CARTESIAN_POINT ( 'NONE',  ( 0.000000000000000000, 0.000000000000000000, 0.000000000000000000 ) ) ;
#1667 = DIRECTION ( 'NONE',  ( 0.04929764565683238120, -0.9987841318987268346, -0.000000000000000000 ) ) ;
#1668 = ORIENTED_EDGE ( 'NONE', *, *, #835, .F. ) ;
#1669 = CARTESIAN_POINT ( 'NONE',  ( 9.594005834672410415, -8.977798378228628806, 18.97383916144235627 ) ) ;
#1670 = CARTESIAN_POINT ( 'NONE',  ( 1.887426604232439908, 37.59741967576937327, 24.30465772932940993 ) ) ;
#1671 = CARTESIAN_POINT ( 'NONE',  ( 3.715965613485455510, 37.68767207893520776, 21.87734702072810222 ) ) ;
#1672 =( BOUNDED_CURVE ( )  B_SPLINE_CURVE ( 3, ( #1266, #2128, #194, #1061 ),
 .UNSPECIFIED., .F., .T. ) 
 B_SPLINE_CURVE_WITH_KNOTS ( ( 4, 4 ),
 ( 1.570796326794896780, 3.141592653589793116 ),
 .UNSPECIFIED. ) 
 CURVE ( )  GEOMETRIC_REPRESENTATION_ITEM ( )  RATIONAL_B_SPLINE_CURVE ( ( 1.000000000000000000, 0.8047378541243650485, 0.8047378541243650485, 1.000000000000000000 ) ) 
 REPRESENTATION_ITEM ( '' )  );
#1673 = CARTESIAN_POINT ( 'NONE',  ( 8.819004725650456677, -8.939546138494335992, 23.54761562691998478 ) ) ;
#1674 = CARTESIAN_POINT ( 'NONE',  ( 5.354588970760623567, -8.768550690290892291, 20.90348537253380456 ) ) ;
#1675 = ORIENTED_EDGE ( 'NONE', *, *, #1761, .T. ) ;
#1676 = LINE ( 'NONE', #604, #1209 ) ;
#1677 = EDGE_CURVE ( 'NONE', #2717, #1495, #1708, .T. ) ;
#1678 = DIRECTION ( 'NONE',  ( -0.04929764565683089628, 0.9987841318987269457, -4.489153481157768858E-14 ) ) ;
#1679 = CARTESIAN_POINT ( 'NONE',  ( 94.30280558860737017, 22.49999999999997868, 88.00000000000001421 ) ) ;
#1680 = CARTESIAN_POINT ( 'NONE',  ( 9.529969732860280374, -5.470376987385421330, 26.63085819344718175 ) ) ;
#1681 = CARTESIAN_POINT ( 'NONE',  ( 7.048468922295223926, -8.852156637731429356, 22.81006393686156031 ) ) ;
#1682 = CARTESIAN_POINT ( 'NONE',  ( 28.32709166908013643, 35.39815890440324608, 11.99999999999999822 ) ) ;
#1683 = CARTESIAN_POINT ( 'NONE',  ( 7.268785063101542043, 37.86303092647391821, 18.94530672884207334 ) ) ;
#1684 = CARTESIAN_POINT ( 'NONE',  ( 8.856466548476232603, -8.941395166335629696, 23.55515199058713094 ) ) ;
#1685 = CARTESIAN_POINT ( 'NONE',  ( 5.436534031256741173, -8.772595306566465467, 21.05821957356570451 ) ) ;
#1686 = EDGE_LOOP ( 'NONE', ( #2434, #373 ) ) ;
#1687 = CARTESIAN_POINT ( 'NONE',  ( 1.385503416748289585, 34.06838520388315317, 23.53839983879320030 ) ) ;
#1688 = PLANE ( 'NONE',  #1978 ) ;
#1689 = CARTESIAN_POINT ( 'NONE',  ( 7.194607026111671466, 37.85936967228869321, 18.85074769491862767 ) ) ;
#1690 = DIRECTION ( 'NONE',  ( -0.9987841318987268346, -0.04929764565683088934, 0.000000000000000000 ) ) ;
#1691 = FACE_OUTER_BOUND ( 'NONE', #244, .T. ) ;
#1692 = ADVANCED_FACE ( 'NONE', ( #1509 ), #1, .F. ) ;
#1693 = DIRECTION ( 'NONE',  ( -1.000000000000000000, 0.000000000000000000, 0.000000000000000000 ) ) ;
#1694 = ORIENTED_EDGE ( 'NONE', *, *, #1312, .T. ) ;
#1695 = CARTESIAN_POINT ( 'NONE',  ( 9.595224607376167114, -8.977858533994991674, 18.97465041641592620 ) ) ;
#1696 = PLANE ( 'NONE',  #295 ) ;
#1697 = CARTESIAN_POINT ( 'NONE',  ( 7.249691813877576330, 37.86208852840748307, 18.92606991168026198 ) ) ;
#1698 = CARTESIAN_POINT ( 'NONE',  ( 7.719473800330520774, -5.381015123759118168, 26.31190272601630298 ) ) ;
#1699 = CARTESIAN_POINT ( 'NONE',  ( 9.461226723871611455, -8.971244712280370237, 18.82765192150522537 ) ) ;
#1700 = ORIENTED_EDGE ( 'NONE', *, *, #326, .F. ) ;
#1701 = DIRECTION ( 'NONE',  ( 1.000000000000000000, 8.890457814381136359E-16, 0.000000000000000000 ) ) ;
#1702 = VECTOR ( 'NONE', #539, 1000.000000000000227 ) ;
#1703 = VECTOR ( 'NONE', #837, 1000.000000000000000 ) ;
#1704 = VERTEX_POINT ( 'NONE', #2554 ) ;
#1705 = LINE ( 'NONE', #2592, #2017 ) ;
#1706 = CARTESIAN_POINT ( 'NONE',  ( 6.510884537654217930, 34.32136140136514513, 26.55648807625649965 ) ) ;
#1707 = AXIS2_PLACEMENT_3D ( 'NONE', #1985, #452, #1736 ) ;
#1708 = LINE ( 'NONE', #2345, #1476 ) ;
#1709 = LINE ( 'NONE', #2004, #2022 ) ;
#1710 = VECTOR ( 'NONE', #487, 1000.000000000000000 ) ;
#1711 = CARTESIAN_POINT ( 'NONE',  ( 4.173063909281280459, -8.710233380318452845, 19.04428699408771308 ) ) ;
#1712 = AXIS2_PLACEMENT_3D ( 'NONE', #2151, #691, #677 ) ;
#1713 = EDGE_CURVE ( 'NONE', #1907, #1330, #1612, .T. ) ;
#1714 = CARTESIAN_POINT ( 'NONE',  ( 7.632332502223218462, -8.880974776662508674, 23.14523460278400080 ) ) ;
#1715 = CARTESIAN_POINT ( 'NONE',  ( 38.29999999999999716, 6.499999999999979572, 28.64362907087304677 ) ) ;
#1716 = CARTESIAN_POINT ( 'NONE',  ( 7.257747611951753441, 37.86248614373422328, 18.93442537274381365 ) ) ;
#1717 = EDGE_CURVE ( 'NONE', #1138, #2379, #15, .T. ) ;
#1718 = CARTESIAN_POINT ( 'NONE',  ( 9.740614534109971245, -8.985034640283917184, 19.03529661544669693 ) ) ;
#1719 = CARTESIAN_POINT ( 'NONE',  ( 9.477127781372434612, -8.972029551239268486, 18.85485166945507274 ) ) ;
#1720 = ORIENTED_EDGE ( 'NONE', *, *, #1726, .F. ) ;
#1721 = ORIENTED_EDGE ( 'NONE', *, *, #207, .T. ) ;
#1722 = CARTESIAN_POINT ( 'NONE',  ( 38.30000000000000426, 22.49999999999997868, 88.00000000000001421 ) ) ;
#1723 = CARTESIAN_POINT ( 'NONE',  ( 9.415128783162026949, -8.968969425885607194, 18.64362907087312493 ) ) ;
#1724 = CARTESIAN_POINT ( 'NONE',  ( 7.162463345543751636, 37.85778313549447205, 18.80079901668844400 ) ) ;
#1725 = CARTESIAN_POINT ( 'NONE',  ( 136.3014027943036979, -22.00000000000000000, 28.64362907087304322 ) ) ;
#1726 = EDGE_CURVE ( 'NONE', #2747, #811, #881, .T. ) ;
#1727 = ORIENTED_EDGE ( 'NONE', *, *, #436, .T. ) ;
#1728 = CARTESIAN_POINT ( 'NONE',  ( 7.811509085231884697, -8.889818513178802561, 23.22736086047716242 ) ) ;
#1729 = DIRECTION ( 'NONE',  ( 1.000000000000000000, 3.251012437233575605E-43, -0.000000000000000000 ) ) ;
#1730 = CARTESIAN_POINT ( 'NONE',  ( 5.401545657778995313, -8.770868362392318929, 20.99354780184049218 ) ) ;
#1731 = ORIENTED_EDGE ( 'NONE', *, *, #849, .F. ) ;
#1732 = FACE_OUTER_BOUND ( 'NONE', #729, .T. ) ;
#1733 = EDGE_CURVE ( 'NONE', #202, #777, #464, .T. ) ;
#1734 = ORIENTED_EDGE ( 'NONE', *, *, #1733, .F. ) ;
#1735 = PLANE ( 'NONE',  #2459 ) ;
#1736 = DIRECTION ( 'NONE',  ( -0.9987841318987268346, -0.04929764565683088934, 0.000000000000000000 ) ) ;
#1737 = CARTESIAN_POINT ( 'NONE',  ( 38.29999999999999716, 6.499999999999979572, 28.64362907087304677 ) ) ;
#1738 = CARTESIAN_POINT ( 'NONE',  ( 96.85280558860736733, 6.499999999999979572, 0.000000000000000000 ) ) ;
#1739 = ORIENTED_EDGE ( 'NONE', *, *, #1098, .F. ) ;
#1740 = CARTESIAN_POINT ( 'NONE',  ( 27.91275102580917888, 35.37770802061283604, 2.000000000000000000 ) ) ;
#1741 = CARTESIAN_POINT ( 'NONE',  ( 9.481843943356986770, -8.972262329949852955, 18.86206672546300922 ) ) ;
#1742 = VERTEX_POINT ( 'NONE', #732 ) ;
#1743 =( NAMED_UNIT ( * ) PLANE_ANGLE_UNIT ( ) SI_UNIT ( $, .RADIAN. ) );
#1744 = EDGE_CURVE ( 'NONE', #261, #478, #250, .T. ) ;
#1745 = ORIENTED_EDGE ( 'NONE', *, *, #901, .F. ) ;
#1746 = CARTESIAN_POINT ( 'NONE',  ( 101.3014027943036979, 38.99999999999995737, 0.000000000000000000 ) ) ;
#1747 = CARTESIAN_POINT ( 'NONE',  ( 7.076602656903533628, 37.85354525298406969, 23.63202583960497449 ) ) ;
#1748 = AXIS2_PLACEMENT_3D ( 'NONE', #21, #2175, #1952 ) ;
#1749 = AXIS2_PLACEMENT_3D ( 'NONE', #1062, #2129, #407 ) ;
#1750 = LINE ( 'NONE', #1799, #1567 ) ;
#1751 = LINE ( 'NONE', #1767, #1656 ) ;
#1752 = CIRCLE ( 'NONE', #674, 10.00000000000000355 ) ;
#1753 = VECTOR ( 'NONE', #1823, 1000.000000000000227 ) ;
#1754 = VERTEX_POINT ( 'NONE', #515 ) ;
#1755 = CARTESIAN_POINT ( 'NONE',  ( 28.32709166908012932, 35.39815890440326029, 0.000000000000000000 ) ) ;
#1756 = VECTOR ( 'NONE', #2123, 1000.000000000000227 ) ;
#1757 = CARTESIAN_POINT ( 'NONE',  ( 3.412254142346849761, -5.168420706209046145, 23.18554323824601227 ) ) ;
#1758 = ORIENTED_EDGE ( 'NONE', *, *, #1078, .F. ) ;
#1759 =( LENGTH_UNIT ( ) NAMED_UNIT ( * ) SI_UNIT ( .MILLI., .METRE. ) );
#1760 = CARTESIAN_POINT ( 'NONE',  ( 7.044403649903377307, -5.347695266580231532, 26.07805391805865725 ) ) ;
#1761 = EDGE_CURVE ( 'NONE', #2688, #2210, #948, .T. ) ;
#1762 = ORIENTED_EDGE ( 'NONE', *, *, #1019, .F. ) ;
#1763 = CARTESIAN_POINT ( 'NONE',  ( 96.55665125994539721, 38.76581017619304248, 26.64362907087304677 ) ) ;
#1764 = DIRECTION ( 'NONE',  ( 0.000000000000000000, 0.000000000000000000, 1.000000000000000000 ) ) ;
#1765 = CARTESIAN_POINT ( 'NONE',  ( 5.653759264586025068, -5.279056316528320636, 25.36096822824264052 ) ) ;
#1766 = DIRECTION ( 'NONE',  ( 0.000000000000000000, 0.000000000000000000, 1.000000000000000000 ) ) ;
#1767 = CARTESIAN_POINT ( 'NONE',  ( 136.3014027943036979, 50.99999999999995737, -80.95677859203634341 ) ) ;
#1768 = CARTESIAN_POINT ( 'NONE',  ( 8.017535831557255577, -5.395726792048336939, 26.39534644343670067 ) ) ;
#1769 = VERTEX_POINT ( 'NONE', #75 ) ;
#1770 = CARTESIAN_POINT ( 'NONE',  ( 2.407430761710035728E-42, -5.000000000000000000, 28.64362907087304322 ) ) ;
#1771 = CARTESIAN_POINT ( 'NONE',  ( 9.483295901364968472, -8.972333995196725809, 18.86422222443294672 ) ) ;
#1772 = VERTEX_POINT ( 'NONE', #1589 ) ;
#1773 = CARTESIAN_POINT ( 'NONE',  ( 101.3014027943036979, 38.99999999999995737, 136.1735104717425315 ) ) ;
#1774 = ORIENTED_EDGE ( 'NONE', *, *, #2619, .T. ) ;
#1775 = LINE ( 'NONE', #2616, #2235 ) ;
#1776 = CARTESIAN_POINT ( 'NONE',  ( 6.654148706726641826, 37.83269391536565962, 23.57457209857623326 ) ) ;
#1777 = CARTESIAN_POINT ( 'NONE',  ( 10.00000000000000000, 33.99999999999995737, 18.64362907087305388 ) ) ;
#1778 = LINE ( 'NONE', #226, #2410 ) ;
#1779 = VERTEX_POINT ( 'NONE', #1785 ) ;
#1780 = CARTESIAN_POINT ( 'NONE',  ( 0.9723897185506615859, 34.04799487922782930, 22.94505355644922062 ) ) ;
#1781 = CARTESIAN_POINT ( 'NONE',  ( 6.226341787667626804, -8.811578367739601347, 22.12617890970300039 ) ) ;
#1782 = ORIENTED_EDGE ( 'NONE', *, *, #1503, .F. ) ;
#1783 = VERTEX_POINT ( 'NONE', #2193 ) ;
#1784 = CARTESIAN_POINT ( 'NONE',  ( 76.50000000000000000, 21.99999999999998579, 28.64362907087304322 ) ) ;
#1785 = CARTESIAN_POINT ( 'NONE',  ( 40.84999999999999432, 6.499999999999979572, 0.000000000000000000 ) ) ;
#1786 = CARTESIAN_POINT ( 'NONE',  ( 2.559783172840731424, 37.63060562137611242, 19.09831749837309545 ) ) ;
#1787 = CIRCLE ( 'NONE', #1030, 2.549999999999996714 ) ;
#1788 = ORIENTED_EDGE ( 'NONE', *, *, #2161, .F. ) ;
#1789 = CARTESIAN_POINT ( 'NONE',  ( 0.4754799468567791898, 34.02346857663069812, 22.04199820720632275 ) ) ;
#1790 = EDGE_CURVE ( 'NONE', #1262, #1261, #1750, .T. ) ;
#1791 = VECTOR ( 'NONE', #275, 1000.000000000000000 ) ;
#1792 = CARTESIAN_POINT ( 'NONE',  ( 5.663212538394129858, -8.783783626811040079, 21.43007388515622580 ) ) ;
#1793 = VERTEX_POINT ( 'NONE', #2618 ) ;
#1794 = VECTOR ( 'NONE', #1601, 1000.000000000000000 ) ;
#1795 = ADVANCED_FACE ( 'NONE', ( #893 ), #2438, .T. ) ;
#1796 = ORIENTED_EDGE ( 'NONE', *, *, #1295, .F. ) ;
#1797 = LINE ( 'NONE', #2204, #678 ) ;
#1798 = LINE ( 'NONE', #959, #810 ) ;
#1799 = CARTESIAN_POINT ( 'NONE',  ( 96.85280558860736733, 22.49999999999997868, 88.00000000000001421 ) ) ;
#1800 = CARTESIAN_POINT ( 'NONE',  ( -0.1830017125783082177, 33.99096714677393294, 19.87126749585821628 ) ) ;
#1801 = EDGE_LOOP ( 'NONE', ( #1347, #1546, #1543, #2455 ) ) ;
#1802 = CYLINDRICAL_SURFACE ( 'NONE', #2152, 2.549999999999996714 ) ;
#1803 = EDGE_CURVE ( 'NONE', #773, #204, #1561, .T. ) ;
#1804 = CARTESIAN_POINT ( 'NONE',  ( 6.290954723788124703, -8.814767510946813545, 22.19139309683498240 ) ) ;
#1805 = CARTESIAN_POINT ( 'NONE',  ( 94.30280558860737017, 6.499999999999979572, 0.000000000000000000 ) ) ;
#1806 = CARTESIAN_POINT ( 'NONE',  ( 6.945076896952900647, -5.342792122453784209, 26.03775789539403362 ) ) ;
#1807 = CARTESIAN_POINT ( 'NONE',  ( 9.422966105819780225, -8.969356257777448604, 18.72134487631167232 ) ) ;
#1808 = ORIENTED_EDGE ( 'NONE', *, *, #2202, .F. ) ;
#1809 = DIRECTION ( 'NONE',  ( -0.04929764565683240896, -0.9987841318987268346, 0.000000000000000000 ) ) ;
#1810 = EDGE_CURVE ( 'NONE', #69, #137, #910, .T. ) ;
#1811 = CARTESIAN_POINT ( 'NONE',  ( 7.162717215027189610, 37.85779566589762624, 18.77893741486959556 ) ) ;
#1812 = DIRECTION ( 'NONE',  ( 1.000000000000000000, 7.161174186840735016E-31, 0.000000000000000000 ) ) ;
#1813 = VERTEX_POINT ( 'NONE', #286 ) ;
#1814 = CARTESIAN_POINT ( 'NONE',  ( 3.090446003544638831, -5.152537177092202825, 22.68151034474222172 ) ) ;
#1815 = FACE_OUTER_BOUND ( 'NONE', #2354, .T. ) ;
#1816 = CARTESIAN_POINT ( 'NONE',  ( 4.293869056123038597, -5.211934332208246090, 24.25283099009030607 ) ) ;
#1817 = CARTESIAN_POINT ( 'NONE',  ( 8.007314119105434003, 27.88730950872504621, 19.04428699408790493 ) ) ;
#1818 = CARTESIAN_POINT ( 'NONE',  ( 7.447126826714221437, 37.87183345825992120, 19.03771660110691144 ) ) ;
#1819 = CARTESIAN_POINT ( 'NONE',  ( 7.674495851518575051, -5.378796908483566952, 26.29839030790822108 ) ) ;
#1820 = CARTESIAN_POINT ( 'NONE',  ( 2.135132601851442047, -5.105384964461840980, 20.12094399032926262 ) ) ;
#1821 = ORIENTED_EDGE ( 'NONE', *, *, #574, .F. ) ;
#1822 = CARTESIAN_POINT ( 'NONE',  ( 2.407430761710035728E-42, -5.000000000000000000, 0.000000000000000000 ) ) ;
#1823 = DIRECTION ( 'NONE',  ( 0.9987841318987268346, -0.04929764565683238120, 0.000000000000000000 ) ) ;
#1824 = EDGE_CURVE ( 'NONE', #175, #1827, #721, .T. ) ;
#1825 = CARTESIAN_POINT ( 'NONE',  ( 2.543667731402894816, 37.62981020092814788, 18.85349746155165462 ) ) ;
#1826 = LINE ( 'NONE', #549, #1835 ) ;
#1827 = VERTEX_POINT ( 'NONE', #684 ) ;
#1828 = CARTESIAN_POINT ( 'NONE',  ( 4.371942941142759054, -5.215788864741594644, 24.33083806776893709 ) ) ;
#1829 = FACE_OUTER_BOUND ( 'NONE', #418, .T. ) ;
#1830 = CIRCLE ( 'NONE', #2009, 10.00000000000000178 ) ;
#1831 = AXIS2_PLACEMENT_3D ( 'NONE', #553, #1408, #779 ) ;
#1832 = CARTESIAN_POINT ( 'NONE',  ( 9.543362673450955569, -8.975298750394044234, 18.93382786217127389 ) ) ;
#1833 = LINE ( 'NONE', #1158, #1702 ) ;
#1834 = CARTESIAN_POINT ( 'NONE',  ( 6.111373028350090664, 37.80590377902969124, 23.44821906956614654 ) ) ;
#1835 = VECTOR ( 'NONE', #2677, 1000.000000000000000 ) ;
#1836 = CARTESIAN_POINT ( 'NONE',  ( 7.195176433989161957, -5.355135097959965229, 26.13723188215822546 ) ) ;
#1837 = CARTESIAN_POINT ( 'NONE',  ( 9.422639156055739207, -8.969340120302794261, 18.71971925411007831 ) ) ;
#1838 = VECTOR ( 'NONE', #514, 1000.000000000000000 ) ;
#1839 = EDGE_LOOP ( 'NONE', ( #1788, #4, #579, #1028 ) ) ;
#1840 = LINE ( 'NONE', #148, #2414 ) ;
#1841 = ADVANCED_FACE ( 'NONE', ( #1140 ), #1540, .T. ) ;
#1842 = CARTESIAN_POINT ( 'NONE',  ( 2.540842163495241390, 37.62967073751352132, 18.64362907087300414 ) ) ;
#1843 = CARTESIAN_POINT ( 'NONE',  ( -1.027151774350089639E-41, 33.99999999999995737, 136.1735104717425315 ) ) ;
#1844 = ORIENTED_EDGE ( 'NONE', *, *, #2087, .F. ) ;
#1845 = CARTESIAN_POINT ( 'NONE',  ( 2.159236445554654438, -5.106574854147827303, 20.24367809989082545 ) ) ;
#1846 = LINE ( 'NONE', #2274, #215 ) ;
#1847 = CARTESIAN_POINT ( 'NONE',  ( 9.540916109897571218, -8.975177993746756400, 18.93158953463278849 ) ) ;
#1848 = CARTESIAN_POINT ( 'NONE',  ( 96.38410950014646517, 42.26155463783860711, 2.000000000000000000 ) ) ;
#1849 = CARTESIAN_POINT ( 'NONE',  ( 7.430192197689519773, 37.87099760463117093, 19.03408780071674045 ) ) ;
#1850 = CARTESIAN_POINT ( 'NONE',  ( 9.670605350278348666, -8.981579150927379018, 19.01413866610143444 ) ) ;
#1851 = CARTESIAN_POINT ( 'NONE',  ( 5.023123208381575999, -8.752190316533178915, 20.07122020876907698 ) ) ;
#1852 = ORIENTED_EDGE ( 'NONE', *, *, #686, .F. ) ;
#1853 = CARTESIAN_POINT ( 'NONE',  ( 6.194153442147586119, 34.30572890756134541, 26.50191781031211491 ) ) ;
#1854 = CARTESIAN_POINT ( 'NONE',  ( 0.8720723924947174632, 34.04304158970839467, 22.78707790846155135 ) ) ;
#1855 = CARTESIAN_POINT ( 'NONE',  ( 7.207028519316699189, 37.85998276810288843, 18.87097618934343402 ) ) ;
#1856 = ORIENTED_EDGE ( 'NONE', *, *, #152, .F. ) ;
#1857 = CARTESIAN_POINT ( 'NONE',  ( 2.860311517297723150, -5.141178277812481490, 22.25756102477266651 ) ) ;
#1858 = DIRECTION ( 'NONE',  ( -0.04929764565683238120, 0.9987841318987268346, 0.000000000000000000 ) ) ;
#1859 = EDGE_CURVE ( 'NONE', #48, #408, #1334, .T. ) ;
#1860 = CARTESIAN_POINT ( 'NONE',  ( 4.343491381456723310, -5.214383240272450593, 24.30254853285690331 ) ) ;
#1861 = DIRECTION ( 'NONE',  ( -1.000000000000000000, 0.000000000000000000, 0.000000000000000000 ) ) ;
#1862 = CARTESIAN_POINT ( 'NONE',  ( 7.387709136928034326, 37.86890074024481123, 19.02045724209742161 ) ) ;
#1863 = CARTESIAN_POINT ( 'NONE',  ( 7.926764767038060988, -8.895507263710728196, 23.27605441834871058 ) ) ;
#1864 = CARTESIAN_POINT ( 'NONE',  ( 2.163019194341560869, -5.106761828306021656, 20.26207576834348245 ) ) ;
#1865 = EDGE_LOOP ( 'NONE', ( #281, #1486, #905, #1451, #92, #2641, #2655, #896, #656 ) ) ;
#1866 = CARTESIAN_POINT ( 'NONE',  ( 2.010392384282542633, 34.09922825986742367, 24.25452530758779801 ) ) ;
#1867 = CARTESIAN_POINT ( 'NONE',  ( 7.173209670130092697, 37.85831354890878941, 18.80635774621072187 ) ) ;
#1868 = CARTESIAN_POINT ( 'NONE',  ( 7.204932463076900717, 37.85987931167573350, 18.86767556612001329 ) ) ;
#1869 = LINE ( 'NONE', #1007, #897 ) ;
#1870 = ORIENTED_EDGE ( 'NONE', *, *, #1552, .T. ) ;
#1871 = CARTESIAN_POINT ( 'NONE',  ( 6.772054545314274421, -8.838513471429866541, 22.61264885283999249 ) ) ;
#1872 = CIRCLE ( 'NONE', #1379, 2.549999999999996714 ) ;
#1873 = DIRECTION ( 'NONE',  ( -1.000000000000000000, -7.161174186840735016E-31, 0.000000000000000000 ) ) ;
#1874 = CARTESIAN_POINT ( 'NONE',  ( 3.924277136503518726, 37.69795384785805936, 22.10864176368447076 ) ) ;
#1875 = ADVANCED_FACE ( 'NONE', ( #2008 ), #1324, .F. ) ;
#1876 = AXIS2_PLACEMENT_3D ( 'NONE', #1208, #376, #177 ) ;
#1877 = CARTESIAN_POINT ( 'NONE',  ( 9.709003684604887496, -8.983474402783096835, 19.02738611234004651 ) ) ;
#1878 = CARTESIAN_POINT ( 'NONE',  ( 2.411682186678355766, -5.119035464522633028, 21.18732467923492990 ) ) ;
#1879 = EDGE_LOOP ( 'NONE', ( #2342, #367 ) ) ;
#1880 = CARTESIAN_POINT ( 'NONE',  ( 7.537126705040219754, 34.37201492265334224, 26.64362907087305388 ) ) ;
#1881 = VECTOR ( 'NONE', #136, 1000.000000000000227 ) ;
#1882 = EDGE_CURVE ( 'NONE', #386, #1375, #265, .T. ) ;
#1883 = VECTOR ( 'NONE', #1115, 1000.000000000000000 ) ;
#1884 = DIRECTION ( 'NONE',  ( -5.782411586589357639E-16, 0.000000000000000000, -1.000000000000000000 ) ) ;
#1885 = LINE ( 'NONE', #1461, #394 ) ;
#1886 = CARTESIAN_POINT ( 'NONE',  ( 10.32043469676946401, 0.9985202767535481527, 19.04428699408773440 ) ) ;
#1887 = CARTESIAN_POINT ( 'NONE',  ( 9.599776459578528431, -8.978083202759531645, 18.97763536546043284 ) ) ;
#1888 = DIRECTION ( 'NONE',  ( -0.000000000000000000, -0.000000000000000000, -1.000000000000000000 ) ) ;
#1889 = EDGE_CURVE ( 'NONE', #676, #2076, #1551, .T. ) ;
#1890 = CARTESIAN_POINT ( 'NONE',  ( 7.256389845410602391, 37.86241912755756545, 18.93304603365191952 ) ) ;
#1891 = CARTESIAN_POINT ( 'NONE',  ( 5.560426473862454699, -5.274449628558106618, 25.29961587735381201 ) ) ;
#1892 = CARTESIAN_POINT ( 'NONE',  ( 9.193391499877023421, -8.958024992878343085, 23.61047070478251442 ) ) ;
#1893 = CARTESIAN_POINT ( 'NONE',  ( 9.442389457990373103, -8.970314948952239575, 18.78688129976224630 ) ) ;
#1894 = ORIENTED_EDGE ( 'NONE', *, *, #650, .F. ) ;
#1895 = CARTESIAN_POINT ( 'NONE',  ( 2.756309991200737830, 34.13604500604976266, 24.92846101780286361 ) ) ;
#1896 = CARTESIAN_POINT ( 'NONE',  ( 61.50000000000000000, 21.99999999999998579, 8.643629070873043219 ) ) ;
#1897 = CARTESIAN_POINT ( 'NONE',  ( 5.374614181207007846, -5.265278368954096067, 25.17221696019258559 ) ) ;
#1898 = LINE ( 'NONE', #390, #2549 ) ;
#1899 = DIRECTION ( 'NONE',  ( -1.000000000000000000, -7.161174186840735016E-31, 0.000000000000000000 ) ) ;
#1900 = EDGE_LOOP ( 'NONE', ( #2447, #1569 ) ) ;
#1901 = CARTESIAN_POINT ( 'NONE',  ( 9.612560868508337464, -8.978714211243973509, 18.98565861195184823 ) ) ;
#1902 = FACE_BOUND ( 'NONE', #603, .T. ) ;
#1903 = CARTESIAN_POINT ( 'NONE',  ( 7.227125136850673925, 37.86097469007926719, 18.89960333309348073 ) ) ;
#1904 = CARTESIAN_POINT ( 'NONE',  ( 136.3014027943036979, -22.00000000000000000, -2.775557561562891351E-14 ) ) ;
#1905 = ADVANCED_BREP_SHAPE_REPRESENTATION ( '4. Body Back', ( #2645, #1164 ), #2069 ) ;
#1906 = CARTESIAN_POINT ( 'NONE',  ( 2.710592412066669787, -5.133788874769138033, 21.94738355524516393 ) ) ;
#1907 = VERTEX_POINT ( 'NONE', #490 ) ;
#1908 = CARTESIAN_POINT ( 'NONE',  ( 9.908105239730348401, 1.018871893101667814, 2.000000000000001776 ) ) ;
#1909 = ORIENTED_EDGE ( 'NONE', *, *, #2575, .T. ) ;
#1910 = CARTESIAN_POINT ( 'NONE',  ( -8.646011524884108583E-42, 28.99999999999996092, 136.1735104717425315 ) ) ;
#1911 = CARTESIAN_POINT ( 'NONE',  ( 76.50000000000000000, 6.999999999999985789, 8.643629070873043219 ) ) ;
#1912 = EDGE_CURVE ( 'NONE', #2037, #261, #1350, .T. ) ;
#1913 = DIRECTION ( 'NONE',  ( -1.000000000000000000, -7.161174186840735892E-31, 0.000000000000000000 ) ) ;
#1914 = DIRECTION ( 'NONE',  ( -0.9987841318987269457, -0.04929764565683236732, 0.000000000000000000 ) ) ;
#1915 = CARTESIAN_POINT ( 'NONE',  ( 30.15211817307867648, -9.992498657362508752, 13.99999999999999822 ) ) ;
#1916 = CARTESIAN_POINT ( 'NONE',  ( 8.451126044431061857, -5.417127789513013880, 26.49241053670303714 ) ) ;
#1917 = CARTESIAN_POINT ( 'NONE',  ( 5.629374389122496325, -5.277852877470938786, 25.34512807682096636 ) ) ;
#1918 = DIRECTION ( 'NONE',  ( 0.000000000000000000, 0.000000000000000000, -1.000000000000000000 ) ) ;
#1919 = CARTESIAN_POINT ( 'NONE',  ( 2.966991555891757226, 34.14644337376922323, 25.08776860686065646 ) ) ;
#1920 = CARTESIAN_POINT ( 'NONE',  ( 5.432667450665239706, -5.268143742377213279, 25.21335795214382713 ) ) ;
#1921 = CARTESIAN_POINT ( 'NONE',  ( 7.890911049598599902, -5.389477248817233779, 26.36178832227339086 ) ) ;
#1922 = CARTESIAN_POINT ( 'NONE',  ( 5.164383705819209247, -8.759162603862924001, 20.48029862335627271 ) ) ;
#1923 = ORIENTED_EDGE ( 'NONE', *, *, #2623, .T. ) ;
#1924 = CARTESIAN_POINT ( 'NONE',  ( 0.000000000000000000, 0.000000000000000000, 8.643629070873043219 ) ) ;
#1925 = AXIS2_PLACEMENT_3D ( 'NONE', #1962, #2172, #239 ) ;
#1926 = ORIENTED_EDGE ( 'NONE', *, *, #1506, .T. ) ;
#1927 = LINE ( 'NONE', #636, #1344 ) ;
#1928 = CARTESIAN_POINT ( 'NONE',  ( 96.85280558860736733, 22.49999999999997868, 0.000000000000000000 ) ) ;
#1929 = ADVANCED_FACE ( 'NONE', ( #1995 ), #504, .F. ) ;
#1930 = AXIS2_PLACEMENT_3D ( 'NONE', #2538, #2114, #1034 ) ;
#1931 = DIRECTION ( 'NONE',  ( 0.9987841318987268346, -0.04929764565683241589, -1.824738671216032969E-16 ) ) ;
#1932 = CIRCLE ( 'NONE', #2634, 2.549999999999996714 ) ;
#1933 = DIRECTION ( 'NONE',  ( 0.5202576841382980932, -0.8540093337282999020, -0.000000000000000000 ) ) ;
#1934 = CARTESIAN_POINT ( 'NONE',  ( 38.29999999999999716, 6.499999999999979572, 88.00000000000001421 ) ) ;
#1935 = ORIENTED_EDGE ( 'NONE', *, *, #2372, .F. ) ;
#1936 = CARTESIAN_POINT ( 'NONE',  ( 5.211031973764615799, -5.257202511823962254, 25.05421135711568326 ) ) ;
#1937 = ADVANCED_FACE ( 'NONE', ( #11 ), #1688, .F. ) ;
#1938 = CARTESIAN_POINT ( 'NONE',  ( 99.30383453050622222, -9.901404708686337486, 2.000000000000000000 ) ) ;
#1939 = CARTESIAN_POINT ( 'NONE',  ( 8.703143953952251266, -8.933827522142419042, 23.52255336687439424 ) ) ;
#1940 = CARTESIAN_POINT ( 'NONE',  ( 9.441172224155094383, -8.970254869140820375, 18.78376087564542019 ) ) ;
#1941 = ORIENTED_EDGE ( 'NONE', *, *, #2707, .T. ) ;
#1942 = LINE ( 'NONE', #2548, #357 ) ;
#1943 = ORIENTED_EDGE ( 'NONE', *, *, #821, .F. ) ;
#1944 =( BOUNDED_CURVE ( )  B_SPLINE_CURVE ( 3, ( #593, #1002, #788, #193 ),
 .UNSPECIFIED., .F., .T. ) 
 B_SPLINE_CURVE_WITH_KNOTS ( ( 4, 4 ),
 ( 0.000000000000000000, 0.4446505631070665765 ),
 .UNSPECIFIED. ) 
 CURVE ( )  GEOMETRIC_REPRESENTATION_ITEM ( )  RATIONAL_B_SPLINE_CURVE ( ( 1.000000000000000000, 0.9835915774435994852, 0.9835915774435994852, 1.000000000000000000 ) ) 
 REPRESENTATION_ITEM ( '' )  );
#1945 = LINE ( 'NONE', #693, #904 ) ;
#1946 = CARTESIAN_POINT ( 'NONE',  ( 96.85280558860736733, 22.49999999999997868, 28.64362907087304677 ) ) ;
#1947 = CARTESIAN_POINT ( 'NONE',  ( 30.32465993287758010, -6.496754195716963665, 2.000000000000000000 ) ) ;
#1948 = EDGE_CURVE ( 'NONE', #950, #857, #1709, .T. ) ;
#1949 = FACE_BOUND ( 'NONE', #1900, .T. ) ;
#1950 = EDGE_LOOP ( 'NONE', ( #2613, #703, #470, #2247, #2028 ) ) ;
#1951 = CARTESIAN_POINT ( 'NONE',  ( 7.892942402537308055, -8.893837871008958729, 23.26207350648983052 ) ) ;
#1952 = DIRECTION ( 'NONE',  ( 0.000000000000000000, 0.000000000000000000, 1.000000000000000000 ) ) ;
#1953 = EDGE_CURVE ( 'NONE', #1238, #2348, #917, .T. ) ;
#1954 = CARTESIAN_POINT ( 'NONE',  ( 3.345274581355285104, -5.165115709477103856, 23.08677472687132592 ) ) ;
#1955 = ORIENTED_EDGE ( 'NONE', *, *, #933, .F. ) ;
#1956 = DIRECTION ( 'NONE',  ( -0.000000000000000000, 0.000000000000000000, 1.000000000000000000 ) ) ;
#1957 = ORIENTED_EDGE ( 'NONE', *, *, #2289, .T. ) ;
#1958 = FACE_OUTER_BOUND ( 'NONE', #690, .T. ) ;
#1959 = PLANE ( 'NONE',  #1707 ) ;
#1960 =( BOUNDED_SURFACE ( )  B_SPLINE_SURFACE ( 3, 2, ( 
 ( #986, #1842, #1602 ),
 ( #2053, #949, #2228 ),
 ( #332, #1825, #76 ),
 ( #1362, #1786, #775 ),
 ( #2674, #934, #1391 ),
 ( #1800, #1590, #2631 ),
 ( #2427, #505, #733 ),
 ( #2658, #722, #1178 ),
 ( #2412, #1576, #761 ),
 ( #2027, #2439, #2216 ),
 ( #303, #492, #960 ),
 ( #2452, #530, #1351 ),
 ( #118, #2206, #287 ),
 ( #276, #1151, #2011 ),
 ( #1166, #91, #1811 ),
 ( #546, #744, #2244 ),
 ( #2039, #972, #104 ),
 ( #1619, #2468, #1403 ),
 ( #2257, #1191, #1867 ),
 ( #562, #1434, #1017 ),
 ( #805, #1475, #347 ),
 ( #2113, #2301, #606 ),
 ( #1060, #1032, #1632 ),
 ( #2525, #1418, #1689 ),
 ( #1854, #2514, #2330 ),
 ( #1664, #2127, #2270 ) ),
 .UNSPECIFIED., .F., .F., .T. ) 
 B_SPLINE_SURFACE_WITH_KNOTS ( ( 4, 2, 2, 2, 2, 2, 2, 2, 2, 2, 2, 2, 4 ),
 ( 3, 3 ),
 ( 0.01887366272533784473, 0.01890310770854118638, 0.01893255269174452457, 0.01894727518334619193, 0.01895463642914702734, 0.01896199767494786276, 0.01899144265815120441, 0.01902088764135454260, 0.01903561013295620996, 0.01904297137875704538, 0.01905033262455788079, 0.01907977760776122245, 0.01910922259096456063 ),
 ( 0.000000000000000000, 1.000000000000000000 ),
 .UNSPECIFIED. ) 
 GEOMETRIC_REPRESENTATION_ITEM ( )  RATIONAL_B_SPLINE_SURFACE ( (
 ( 1.000000000000000000, 0.9082951062292474731, 1.000000000000000000),
 ( 1.000000000000000000, 0.9082951062292474731, 1.000000000000000000),
 ( 1.000000000000000000, 0.9082951062292471400, 1.000000000000000000),
 ( 1.000000000000000000, 0.9082951062292471400, 1.000000000000000000),
 ( 1.000000000000000000, 0.9082951062292475841, 1.000000000000000000),
 ( 1.000000000000000000, 0.9082951062292475841, 1.000000000000000000),
 ( 1.000000000000000000, 0.9082951062292474731, 1.000000000000000000),
 ( 1.000000000000000000, 0.9082951062292474731, 1.000000000000000000),
 ( 1.000000000000000000, 0.9082951062292469180, 1.000000000000000000),
 ( 1.000000000000000000, 0.9082951062292469180, 1.000000000000000000),
 ( 1.000000000000000000, 0.9082951062292478062, 1.000000000000000000),
 ( 1.000000000000000000, 0.9082951062292478062, 1.000000000000000000),
 ( 1.000000000000000000, 0.9082951062292474731, 1.000000000000000000),
 ( 1.000000000000000000, 0.9082951062292474731, 1.000000000000000000),
 ( 1.000000000000000000, 0.9082951062292472511, 1.000000000000000000),
 ( 1.000000000000000000, 0.9082951062292472511, 1.000000000000000000),
 ( 1.000000000000000000, 0.9082951062292474731, 1.000000000000000000),
 ( 1.000000000000000000, 0.9082951062292474731, 1.000000000000000000),
 ( 1.000000000000000000, 0.9082951062292473621, 1.000000000000000000),
 ( 1.000000000000000000, 0.9082951062292473621, 1.000000000000000000),
 ( 1.000000000000000000, 0.9082951062292475841, 1.000000000000000000),
 ( 1.000000000000000000, 0.9082951062292475841, 1.000000000000000000),
 ( 1.000000000000000000, 0.9082951062292472511, 1.000000000000000000),
 ( 1.000000000000000000, 0.9082951062292472511, 1.000000000000000000),
 ( 1.000000000000000000, 0.9082951062292474731, 1.000000000000000000),
 ( 1.000000000000000000, 0.9082951062292474731, 1.000000000000000000) ) ) 
 REPRESENTATION_ITEM ( '' )  SURFACE ( )  );
#1961 = DIRECTION ( 'NONE',  ( 1.000000000000000000, 0.000000000000000000, 0.000000000000000000 ) ) ;
#1962 = CARTESIAN_POINT ( 'NONE',  ( 94.30280558860737017, 22.49999999999997868, 28.64362907087304677 ) ) ;
#1963 = VERTEX_POINT ( 'NONE', #2224 ) ;
#1964 = DIRECTION ( 'NONE',  ( -0.000000000000000000, -0.000000000000000000, 1.000000000000000000 ) ) ;
#1965 = ADVANCED_FACE ( 'NONE', ( #2614 ), #1651, .T. ) ;
#1966 = CARTESIAN_POINT ( 'NONE',  ( 9.481901810809906905, -8.972265186151807015, 18.86215306425495797 ) ) ;
#1967 = VERTEX_POINT ( 'NONE', #1904 ) ;
#1968 = CARTESIAN_POINT ( 'NONE',  ( 20.65698164548375360, -9.523840955411669640, 2.000000000000000000 ) ) ;
#1969 = CARTESIAN_POINT ( 'NONE',  ( 9.415914931662316079, -8.969008228334471866, 18.67041332688863520 ) ) ;
#1970 = ORIENTED_EDGE ( 'NONE', *, *, #1824, .F. ) ;
#1971 = CARTESIAN_POINT ( 'NONE',  ( 20.65698164548375360, -9.523840955411669640, 2.000000000000000000 ) ) ;
#1972 = CARTESIAN_POINT ( 'NONE',  ( 6.781853327927588992, 37.83899711639140406, 23.59572323535607552 ) ) ;
#1973 = VECTOR ( 'NONE', #324, 1000.000000000000000 ) ;
#1974 = CIRCLE ( 'NONE', #2229, 2.549999999999996714 ) ;
#1975 = CARTESIAN_POINT ( 'NONE',  ( 136.3014027943036979, 50.99999999999995737, 0.000000000000000000 ) ) ;
#1976 = FACE_BOUND ( 'NONE', #2773, .T. ) ;
#1977 = VECTOR ( 'NONE', #1311, 1000.000000000000114 ) ;
#1978 = AXIS2_PLACEMENT_3D ( 'NONE', #1446, #375, #852 ) ;
#1979 = ORIENTED_EDGE ( 'NONE', *, *, #901, .T. ) ;
#1980 = LINE ( 'NONE', #46, #2107 ) ;
#1981 = CARTESIAN_POINT ( 'NONE',  ( 3.577734303354486833, -5.176588087865382271, 23.41864108312912052 ) ) ;
#1982 = ORIENTED_EDGE ( 'NONE', *, *, #2537, .T. ) ;
#1983 = ORIENTED_EDGE ( 'NONE', *, *, #2596, .F. ) ;
#1984 = CARTESIAN_POINT ( 'NONE',  ( 35.75000000000001421, 22.49999999999997868, 28.64362907087304677 ) ) ;
#1985 = CARTESIAN_POINT ( 'NONE',  ( 2.059968364031353527, 34.10167521412382996, 24.30465772932940993 ) ) ;
#1986 = ADVANCED_FACE ( 'NONE', ( #862 ), #842, .F. ) ;
#1987 = CARTESIAN_POINT ( 'NONE',  ( 0.000000000000000000, 0.000000000000000000, 0.000000000000000000 ) ) ;
#1988 = DIRECTION ( 'NONE',  ( 1.000000000000000000, 0.000000000000000000, -0.000000000000000000 ) ) ;
#1989 = ORIENTED_EDGE ( 'NONE', *, *, #1300, .F. ) ;
#1990 = DIRECTION ( 'NONE',  ( 1.000000000000000000, 0.000000000000000000, 0.000000000000000000 ) ) ;
#1991 = CARTESIAN_POINT ( 'NONE',  ( 5.650715033830604028, -8.783166779254202083, 21.41135590082884121 ) ) ;
#1992 = ORIENTED_EDGE ( 'NONE', *, *, #1412, .T. ) ;
#1993 = VERTEX_POINT ( 'NONE', #200 ) ;
#1994 = LINE ( 'NONE', #2038, #2682 ) ;
#1995 = FACE_OUTER_BOUND ( 'NONE', #1420, .T. ) ;
#1996 = CARTESIAN_POINT ( 'NONE',  ( 94.30280558860737017, 22.49999999999997868, 0.000000000000000000 ) ) ;
#1997 = EDGE_CURVE ( 'NONE', #765, #1963, #1068, .T. ) ;
#1998 = VERTEX_POINT ( 'NONE', #1915 ) ;
#1999 = CARTESIAN_POINT ( 'NONE',  ( -0.1368269622527913676, 33.99324654158370151, 20.13681642176510422 ) ) ;
#2000 = ADVANCED_FACE ( 'NONE', ( #2315 ), #180, .F. ) ;
#2001 = CARTESIAN_POINT ( 'NONE',  ( 3.353531663418750419, -5.165521882467822401, 23.09910978358950828 ) ) ;
#2002 = ORIENTED_EDGE ( 'NONE', *, *, #2520, .T. ) ;
#2003 = SHAPE_DEFINITION_REPRESENTATION ( #547, #1905 ) ;
#2004 = CARTESIAN_POINT ( 'NONE',  ( 61.50000000000000000, 21.99999999999998579, 8.643629070873043219 ) ) ;
#2005 = ORIENTED_EDGE ( 'NONE', *, *, #254, .F. ) ;
#2006 = DIRECTION ( 'NONE',  ( 0.9987841318987269457, -0.04929764565683241589, -0.000000000000000000 ) ) ;
#2007 = LINE ( 'NONE', #501, #2284 ) ;
#2008 = FACE_OUTER_BOUND ( 'NONE', #801, .T. ) ;
#2009 = AXIS2_PLACEMENT_3D ( 'NONE', #1817, #1397, #2461 ) ;
#2010 = EDGE_CURVE ( 'NONE', #1064, #1779, #1932, .T. ) ;
#2011 = CARTESIAN_POINT ( 'NONE',  ( 7.159701298871426367, 37.85764680733927889, 18.76963588318593779 ) ) ;
#2012 = CARTESIAN_POINT ( 'NONE',  ( 7.608794960133377749, -5.375552299881935170, 26.27814868122094083 ) ) ;
#2013 = VECTOR ( 'NONE', #1553, 1000.000000000000000 ) ;
#2014 = ORIENTED_EDGE ( 'NONE', *, *, #1661, .F. ) ;
#2015 = VECTOR ( 'NONE', #248, 1000.000000000000000 ) ;
#2016 = CARTESIAN_POINT ( 'NONE',  ( 0.9723897185506615859, 34.04799487922782930, 22.94505355644922062 ) ) ;
#2017 = VECTOR ( 'NONE', #1293, 1000.000000000000000 ) ;
#2018 = EDGE_CURVE ( 'NONE', #2547, #1742, #2730, .T. ) ;
#2019 = CARTESIAN_POINT ( 'NONE',  ( 9.532378264926714806, -8.974756585714125379, 18.92341392625226604 ) ) ;
#2020 = PLANE ( 'NONE',  #213 ) ;
#2021 = DIRECTION ( 'NONE',  ( 1.000000000000000000, 0.000000000000000000, 0.000000000000000000 ) ) ;
#2022 = VECTOR ( 'NONE', #283, 1000.000000000000000 ) ;
#2023 = CARTESIAN_POINT ( 'NONE',  ( 7.511171746610584954, -5.370732517339784629, 26.24717158286576080 ) ) ;
#2024 = ORIENTED_EDGE ( 'NONE', *, *, #2184, .F. ) ;
#2025 = DIRECTION ( 'NONE',  ( 1.000000000000000000, -0.000000000000000000, 2.019944223980065338E-46 ) ) ;
#2026 = LINE ( 'NONE', #331, #2196 ) ;
#2027 = CARTESIAN_POINT ( 'NONE',  ( -0.1210385427485388132, 33.99402562386506332, 20.21796661117832627 ) ) ;
#2028 = ORIENTED_EDGE ( 'NONE', *, *, #1596, .F. ) ;
#2029 = CARTESIAN_POINT ( 'NONE',  ( 4.339181478345601306, -5.214171835663342414, 24.29824203524405135 ) ) ;
#2030 = DIRECTION ( 'NONE',  ( -0.000000000000000000, -0.000000000000000000, -1.000000000000000000 ) ) ;
#2031 = CARTESIAN_POINT ( 'NONE',  ( 6.327371049380024814, -8.816564935493138577, 22.22724789873171503 ) ) ;
#2032 = CARTESIAN_POINT ( 'NONE',  ( 38.30000000000000426, 22.49999999999997868, 0.000000000000000000 ) ) ;
#2033 = CARTESIAN_POINT ( 'NONE',  ( 5.216243769856577117, 37.76172229517054291, 23.08507001156946714 ) ) ;
#2034 = EDGE_CURVE ( 'NONE', #2348, #408, #2007, .T. ) ;
#2035 = CARTESIAN_POINT ( 'NONE',  ( 9.704220726440686562, -8.983238327169518200, 19.02595871275016037 ) ) ;
#2036 = CARTESIAN_POINT ( 'NONE',  ( 2.158981176636274757, -5.106563684777650991, 20.24240650898947180 ) ) ;
#2037 = VERTEX_POINT ( 'NONE', #2449 ) ;
#2038 = CARTESIAN_POINT ( 'NONE',  ( 128.9910702685402271, 38.99999999999995737, 0.000000000000000000 ) ) ;
#2039 = CARTESIAN_POINT ( 'NONE',  ( 0.2768549292158246078, 34.01366531541009408, 21.57537757326600314 ) ) ;
#2040 = PLANE ( 'NONE',  #2326 ) ;
#2041 = EDGE_LOOP ( 'NONE', ( #944, #270, #871, #1739 ) ) ;
#2042 = CARTESIAN_POINT ( 'NONE',  ( 4.415431878335418503, -5.217935376832887329, 24.37353524377135017 ) ) ;
#2043 = DIRECTION ( 'NONE',  ( -0.000000000000000000, -0.000000000000000000, -1.000000000000000000 ) ) ;
#2044 = CARTESIAN_POINT ( 'NONE',  ( 4.376430342858916411, -5.216010817142819889, 24.33526039642124417 ) ) ;
#2045 = FACE_OUTER_BOUND ( 'NONE', #1839, .T. ) ;
#2046 = EDGE_CURVE ( 'NONE', #773, #2162, #545, .T. ) ;
#2047 = CARTESIAN_POINT ( 'NONE',  ( 6.630189192470246518, 37.83151132985373266, 23.57026329411640120 ) ) ;
#2048 = CARTESIAN_POINT ( 'NONE',  ( 9.666196775498015370, -8.981361554000843128, 19.01235041888398669 ) ) ;
#2049 = CARTESIAN_POINT ( 'NONE',  ( 9.424660345321671073, -8.969439881471449993, 18.72946262439782572 ) ) ;
#2050 = ORIENTED_EDGE ( 'NONE', *, *, #1641, .F. ) ;
#2051 = DIRECTION ( 'NONE',  ( -0.000000000000000000, -0.000000000000000000, -1.000000000000000000 ) ) ;
#2052 = LINE ( 'NONE', #133, #987 ) ;
#2053 = CARTESIAN_POINT ( 'NONE',  ( -0.2766574810242833360, 33.98634345094799869, 18.79826864785495388 ) ) ;
#2054 = CARTESIAN_POINT ( 'NONE',  ( 61.50000000000000000, 21.99999999999998579, 8.643629070873043219 ) ) ;
#2055 = EDGE_LOOP ( 'NONE', ( #970, #681, #1989, #1100 ) ) ;
#2056 = CARTESIAN_POINT ( 'NONE',  ( 2.196769247022351212, -5.108427385328656811, 20.42349902217109303 ) ) ;
#2057 = DIRECTION ( 'NONE',  ( -1.000000000000000000, 0.000000000000000000, 0.000000000000000000 ) ) ;
#2058 = VECTOR ( 'NONE', #294, 1000.000000000000000 ) ;
#2059 = CARTESIAN_POINT ( 'NONE',  ( 9.536089232562288132, -8.974939750385749093, 18.92703787444678198 ) ) ;
#2060 = PLANE ( 'NONE',  #2501 ) ;
#2061 = CARTESIAN_POINT ( 'NONE',  ( 4.840907299251306029, 37.74319656599734429, 22.86601838701057687 ) ) ;
#2062 = CIRCLE ( 'NONE', #1383, 10.00000000000000000 ) ;
#2063 = CARTESIAN_POINT ( 'NONE',  ( 9.665432422340913377, -8.981323827319080522, 19.01203376484457408 ) ) ;
#2064 = CARTESIAN_POINT ( 'NONE',  ( 2.151797111695732401, -5.106206926264388102, 20.20669197037713971 ) ) ;
#2065 = VECTOR ( 'NONE', #1246, 1000.000000000000000 ) ;
#2066 = ORIENTED_EDGE ( 'NONE', *, *, #1717, .F. ) ;
#2067 = CARTESIAN_POINT ( 'NONE',  ( 6.306339400507195769, 34.31126614373307859, 26.52260928481908309 ) ) ;
#2068 = LINE ( 'NONE', #2436, #1753 ) ;
#2069 =( GEOMETRIC_REPRESENTATION_CONTEXT ( 3 ) GLOBAL_UNCERTAINTY_ASSIGNED_CONTEXT ( ( #2697 ) ) GLOBAL_UNIT_ASSIGNED_CONTEXT ( ( #311, #471, #510 ) ) REPRESENTATION_CONTEXT ( 'NONE', 'WORKASPACE' ) );
#2070 = CARTESIAN_POINT ( 'NONE',  ( 76.50000000000000000, 21.99999999999998579, 8.643629070873043219 ) ) ;
#2071 = ADVANCED_FACE ( 'NONE', ( #2214 ), #73, .F. ) ;
#2072 = CARTESIAN_POINT ( 'NONE',  ( 1.123359264809755231, 34.05544671171784898, 23.17451352340260939 ) ) ;
#2073 = EDGE_LOOP ( 'NONE', ( #499, #2638, #918, #1821 ) ) ;
#2074 = CARTESIAN_POINT ( 'NONE',  ( 4.490099883880068532, -5.221620814718497705, 24.44535591459799662 ) ) ;
#2075 = DIRECTION ( 'NONE',  ( 7.178166107490247270E-16, -1.000000000000000000, 4.468881905167832530E-16 ) ) ;
#2076 = VERTEX_POINT ( 'NONE', #1417 ) ;
#2077 = CARTESIAN_POINT ( 'NONE',  ( 4.953054888372583342, -5.244470973318424711, 24.85264715810478720 ) ) ;
#2078 = DIRECTION ( 'NONE',  ( -0.8540093337283000130, 0.5202576841382982042, 0.000000000000000000 ) ) ;
#2079 = CARTESIAN_POINT ( 'NONE',  ( 5.243691747965653960, 34.25881753768566540, 26.26006586173715718 ) ) ;
#2080 = CARTESIAN_POINT ( 'NONE',  ( 6.957791689151459735, -5.343421519474089720, 26.04299745381525000 ) ) ;
#2081 = CARTESIAN_POINT ( 'NONE',  ( 4.832014815640318872, -8.742757653832065046, 19.06674199329627584 ) ) ;
#2082 = ORIENTED_EDGE ( 'NONE', *, *, #436, .F. ) ;
#2083 = CARTESIAN_POINT ( 'NONE',  ( 1.051226684456079807, 34.05188608723364752, 23.06721879682021026 ) ) ;
#2084 = EDGE_CURVE ( 'NONE', #723, #1125, #2068, .T. ) ;
#2085 = CARTESIAN_POINT ( 'NONE',  ( 99.13129277070730438, -13.39714917033188257, 2.000000000000000000 ) ) ;
#2086 = CARTESIAN_POINT ( 'NONE',  ( 136.3014027943036979, 50.99999999999995737, 28.64362907087304322 ) ) ;
#2087 = EDGE_CURVE ( 'NONE', #137, #2190, #946, .T. ) ;
#2088 = DIRECTION ( 'NONE',  ( -0.000000000000000000, -0.000000000000000000, -1.000000000000000000 ) ) ;
#2089 = EDGE_CURVE ( 'NONE', #2415, #687, #1798, .T. ) ;
#2090 = CARTESIAN_POINT ( 'NONE',  ( 7.058588309568252228, -8.852656106988218809, 22.81677741810669602 ) ) ;
#2091 = CARTESIAN_POINT ( 'NONE',  ( 61.50000000000000000, 21.99999999999998579, 28.64362907087304322 ) ) ;
#2092 = CARTESIAN_POINT ( 'NONE',  ( 2.230703084487544174, 34.11010313269586192, 24.47254463297111116 ) ) ;
#2093 = CARTESIAN_POINT ( 'NONE',  ( 9.707008199260663162, -8.983375910299814748, 19.02679757062482579 ) ) ;
#2094 = CARTESIAN_POINT ( 'NONE',  ( 9.446186937054466881, -8.970502383625371223, 18.79616041999587850 ) ) ;
#2095 = ORIENTED_EDGE ( 'NONE', *, *, #2084, .F. ) ;
#2096 = CARTESIAN_POINT ( 'NONE',  ( 3.830983972797670667, 34.18908839695810542, 25.64559841098020243 ) ) ;
#2097 = PLANE ( 'NONE',  #1611 ) ;
#2098 = CARTESIAN_POINT ( 'NONE',  ( 10.00000000000000000, 0.000000000000000000, 18.64362907087305388 ) ) ;
#2099 = EDGE_CURVE ( 'NONE', #137, #2498, #2026, .T. ) ;
#2100 = FACE_OUTER_BOUND ( 'NONE', #1517, .T. ) ;
#2101 = EDGE_LOOP ( 'NONE', ( #240, #1511, #564, #1194 ) ) ;
#2102 = CARTESIAN_POINT ( 'NONE',  ( 9.594527739113555498, -8.977824138209577143, 18.97418732525639840 ) ) ;
#2103 = AXIS2_PLACEMENT_3D ( 'NONE', #1715, #410, #2132 ) ;
#2104 = LINE ( 'NONE', #2118, #1607 ) ;
#2105 = CARTESIAN_POINT ( 'NONE',  ( 7.261857895316127909, 37.86268901769505391, 18.93853103923071757 ) ) ;
#2106 = CARTESIAN_POINT ( 'NONE',  ( 5.579123065850208008, -5.275372448552310800, 25.31205995504150508 ) ) ;
#2107 = VECTOR ( 'NONE', #913, 1000.000000000000000 ) ;
#2108 = CARTESIAN_POINT ( 'NONE',  ( 9.742248694335772896, -8.985115298605554912, 19.03563503089421971 ) ) ;
#2109 = CARTESIAN_POINT ( 'NONE',  ( 5.195565116990114696, -8.760701645293281103, 20.55738633315604247 ) ) ;
#2110 = ORIENTED_EDGE ( 'NONE', *, *, #1516, .T. ) ;
#2111 = CARTESIAN_POINT ( 'NONE',  ( 76.50000000000000000, 21.99999999999998579, 28.64362907087304322 ) ) ;
#2112 = VECTOR ( 'NONE', #742, 1000.000000000000227 ) ;
#2113 = CARTESIAN_POINT ( 'NONE',  ( 0.4754810422839423900, 34.02346954110473121, 22.04199886781109896 ) ) ;
#2114 = DIRECTION ( 'NONE',  ( -0.000000000000000000, 0.000000000000000000, 1.000000000000000000 ) ) ;
#2115 = LINE ( 'NONE', #195, #713 ) ;
#2116 = VERTEX_POINT ( 'NONE', #1618 ) ;
#2117 = CARTESIAN_POINT ( 'NONE',  ( 7.182372486378004517, -8.858765804060281468, 22.89680539850466090 ) ) ;
#2118 = CARTESIAN_POINT ( 'NONE',  ( 99.13129277070730438, -13.39714917033188257, 2.000000000000000000 ) ) ;
#2119 = CARTESIAN_POINT ( 'NONE',  ( 4.570011094414931918, 37.72982576374960928, 22.67884297405633731 ) ) ;
#2120 = CARTESIAN_POINT ( 'NONE',  ( 9.792482253463287378, -5.483332092215457365, 26.64363069266922679 ) ) ;
#2121 = CARTESIAN_POINT ( 'NONE',  ( 9.450164959284450106, -8.970698729486349166, 18.80533779615148759 ) ) ;
#2122 = ORIENTED_EDGE ( 'NONE', *, *, #339, .T. ) ;
#2123 = DIRECTION ( 'NONE',  ( -0.9987841318987268346, -0.04929764565683231875, -0.000000000000000000 ) ) ;
#2124 = EDGE_CURVE ( 'NONE', #811, #1967, #2052, .T. ) ;
#2125 = ORIENTED_EDGE ( 'NONE', *, *, #874, .T. ) ;
#2126 = CARTESIAN_POINT ( 'NONE',  ( 4.398957182870781857, -5.217122224447526158, 24.35746378670997103 ) ) ;
#2127 = CARTESIAN_POINT ( 'NONE',  ( 3.323065196808321353, 37.66827943451764327, 21.33881239484205139 ) ) ;
#2128 = CARTESIAN_POINT ( 'NONE',  ( 4.142135623730948346, -5.204446113749365388, 28.64362907087305032 ) ) ;
#2129 = DIRECTION ( 'NONE',  ( -0.000000000000000000, 0.000000000000000000, 1.000000000000000000 ) ) ;
#2130 = ORIENTED_EDGE ( 'NONE', *, *, #2526, .F. ) ;
#2131 = CARTESIAN_POINT ( 'NONE',  ( 5.374634998797065855, -5.265280307696931672, 25.17223105078617706 ) ) ;
#2132 = DIRECTION ( 'NONE',  ( 1.000000000000000000, 0.000000000000000000, 0.000000000000000000 ) ) ;
#2133 = CARTESIAN_POINT ( 'NONE',  ( 3.442320540209627300, 37.67416559897894501, 21.51841136311477243 ) ) ;
#2134 = CARTESIAN_POINT ( 'NONE',  ( 8.505393938212058913, -8.924067044484390365, 23.47330005515657447 ) ) ;
#2135 = CARTESIAN_POINT ( 'NONE',  ( 9.432912921308183485, -8.969847209295100043, 18.75999399799582790 ) ) ;
#2136 = EDGE_CURVE ( 'NONE', #2255, #2415, #25, .T. ) ;
#2137 = ORIENTED_EDGE ( 'NONE', *, *, #1953, .F. ) ;
#2138 = CARTESIAN_POINT ( 'NONE',  ( 22.82709166908013287, 35.12669178507974266, 136.1735104717425315 ) ) ;
#2139 = EDGE_LOOP ( 'NONE', ( #467, #2369 ) ) ;
#2140 = DIRECTION ( 'NONE',  ( -0.000000000000000000, -0.000000000000000000, -1.000000000000000000 ) ) ;
#2141 = CARTESIAN_POINT ( 'NONE',  ( 7.697908919645209735, 27.87203799268846183, 18.86767556612046093 ) ) ;
#2142 = CARTESIAN_POINT ( 'NONE',  ( 96.87708595671480793, 32.27371331885095884, 19.04428699408801862 ) ) ;
#2143 = FACE_OUTER_BOUND ( 'NONE', #415, .T. ) ;
#2144 = VERTEX_POINT ( 'NONE', #697 ) ;
#2145 = CARTESIAN_POINT ( 'NONE',  ( 7.038576027279332514, -8.851668347602021925, 22.80346220484934605 ) ) ;
#2146 = FACE_OUTER_BOUND ( 'NONE', #1315, .T. ) ;
#2147 = CARTESIAN_POINT ( 'NONE',  ( 2.608963993620354138, 34.12877322215683762, 24.80886817999186178 ) ) ;
#2148 = CARTESIAN_POINT ( 'NONE',  ( 9.761869633474828944, -8.986083742210372094, 19.03927344746522365 ) ) ;
#2149 = CARTESIAN_POINT ( 'NONE',  ( 9.478918560352672884, -8.972117939895833061, 18.85764887545574453 ) ) ;
#2150 = ORIENTED_EDGE ( 'NONE', *, *, #1859, .T. ) ;
#2151 = CARTESIAN_POINT ( 'NONE',  ( 28.32709166908012932, -10.00000000000000000, 0.000000000000000000 ) ) ;
#2152 = AXIS2_PLACEMENT_3D ( 'NONE', #736, #2043, #1593 ) ;
#2153 = ORIENTED_EDGE ( 'NONE', *, *, #2246, .F. ) ;
#2154 = DIRECTION ( 'NONE',  ( 1.000000000000000000, 0.000000000000000000, -1.822520029672541842E-16 ) ) ;
#2155 = CARTESIAN_POINT ( 'NONE',  ( 96.38410950014650780, 42.26155463783823052, 19.04428699408757097 ) ) ;
#2156 = VECTOR ( 'NONE', #1333, 1000.000000000000000 ) ;
#2157 = B_SPLINE_CURVE_WITH_KNOTS ( 'NONE', 3,
 ( #1525, #2331, #2580, #437 ),
 .UNSPECIFIED., .F., .F.,
 ( 4, 4 ),
 ( 0.000000000000000000, 0.0003711964699903675486 ),
 .UNSPECIFIED. ) ;
#2158 = DIRECTION ( 'NONE',  ( 0.9987841318987268346, 0.04929764565683233957, -0.000000000000000000 ) ) ;
#2159 = STYLED_ITEM ( 'NONE', ( #233 ), #2645 ) ;
#2160 = CARTESIAN_POINT ( 'NONE',  ( 18.29122399891002715, 38.40707269844202898, 2.000000000000000000 ) ) ;
#2161 = EDGE_CURVE ( 'NONE', #2174, #2037, #1527, .T. ) ;
#2162 = VERTEX_POINT ( 'NONE', #1242 ) ;
#2163 = CARTESIAN_POINT ( 'NONE',  ( 9.656866453792863680, -8.980901031172541238, 19.00839217764461608 ) ) ;
#2164 = CARTESIAN_POINT ( 'NONE',  ( 28.30000000000001847, 2.026612294875929794E-29, 23.64362907087304322 ) ) ;
#2165 = CARTESIAN_POINT ( 'NONE',  ( 5.663576036876373010, -8.783801568244827607, 21.43061354537958962 ) ) ;
#2166 = ORIENTED_EDGE ( 'NONE', *, *, #624, .T. ) ;
#2167 = FACE_OUTER_BOUND ( 'NONE', #522, .T. ) ;
#2168 = VERTEX_POINT ( 'NONE', #763 ) ;
#2169 = LINE ( 'NONE', #235, #304 ) ;
#2170 = DIRECTION ( 'NONE',  ( -0.8441681665785351063, 0.000000000000000000, 0.5360784518477070826 ) ) ;
#2171 = DIRECTION ( 'NONE',  ( 0.9987841318987269457, 0.04929764565683238120, -0.000000000000000000 ) ) ;
#2172 = DIRECTION ( 'NONE',  ( -0.000000000000000000, 0.000000000000000000, 1.000000000000000000 ) ) ;
#2173 = EDGE_CURVE ( 'NONE', #2037, #1056, #2691, .T. ) ;
#2174 = VERTEX_POINT ( 'NONE', #548 ) ;
#2175 = DIRECTION ( 'NONE',  ( 0.000000000000000000, 1.000000000000000000, -0.000000000000000000 ) ) ;
#2176 = EDGE_CURVE ( 'NONE', #1429, #2116, #1366, .T. ) ;
#2177 = CARTESIAN_POINT ( 'NONE',  ( 9.482075452658200732, -8.972273756706778514, 18.86241205837662349 ) ) ;
#2178 = EDGE_LOOP ( 'NONE', ( #1058, #864, #2703, #543, #1215, #306, #1808, #1668, #1782 ) ) ;
#2179 = ORIENTED_EDGE ( 'NONE', *, *, #2217, .T. ) ;
#2180 = LINE ( 'NONE', #1971, #172 ) ;
#2181 = CARTESIAN_POINT ( 'NONE',  ( 7.514337662537114326, 37.87515082771253816, 23.64994885880593856 ) ) ;
#2182 = CARTESIAN_POINT ( 'NONE',  ( -0.4491981282964623845, 37.48208935120943153, 2.000000000000000000 ) ) ;
#2183 = FACE_OUTER_BOUND ( 'NONE', #252, .T. ) ;
#2184 = EDGE_CURVE ( 'NONE', #1704, #1245, #2191, .T. ) ;
#2185 = ORIENTED_EDGE ( 'NONE', *, *, #37, .F. ) ;
#2186 = DIRECTION ( 'NONE',  ( 0.000000000000000000, 0.000000000000000000, -1.000000000000000000 ) ) ;
#2187 = CARTESIAN_POINT ( 'NONE',  ( 9.485406740975216522, -8.972438181296425341, 18.86731486074769393 ) ) ;
#2188 = ORIENTED_EDGE ( 'NONE', *, *, #2714, .F. ) ;
#2189 = CARTESIAN_POINT ( 'NONE',  ( 7.455503684487225335, -5.367986201515186906, 26.22863700107421892 ) ) ;
#2190 = VERTEX_POINT ( 'NONE', #2385 ) ;
#2191 = LINE ( 'NONE', #223, #1529 ) ;
#2192 = CARTESIAN_POINT ( 'NONE',  ( 1.339745962155599823, 28.99999999999996092, 23.64362907087302901 ) ) ;
#2193 = CARTESIAN_POINT ( 'NONE',  ( 22.82709166908013287, 28.99999999999995737, 12.00000000000000000 ) ) ;
#2194 = DIRECTION ( 'NONE',  ( -0.000000000000000000, 0.000000000000000000, 1.000000000000000000 ) ) ;
#2195 = AXIS2_PLACEMENT_3D ( 'NONE', #2141, #2779, #2170 ) ;
#2196 = VECTOR ( 'NONE', #90, 1000.000000000000000 ) ;
#2197 = VERTEX_POINT ( 'NONE', #247 ) ;
#2198 = CARTESIAN_POINT ( 'NONE',  ( 10.00000000000002309, 34.49357658058816156, 28.64362907087304322 ) ) ;
#2199 = CARTESIAN_POINT ( 'NONE',  ( 5.754545763101944544, -8.788291620885575028, 21.56267287081681516 ) ) ;
#2200 = ORIENTED_EDGE ( 'NONE', *, *, #1997, .T. ) ;
#2201 = CARTESIAN_POINT ( 'NONE',  ( 4.825034161949210976, -8.742413105114165361, 18.97228071212390077 ) ) ;
#2202 = EDGE_CURVE ( 'NONE', #1233, #518, #2776, .T. ) ;
#2203 = EDGE_LOOP ( 'NONE', ( #2207, #334, #456, #2225, #65, #2212, #2564, #131 ) ) ;
#2204 = CARTESIAN_POINT ( 'NONE',  ( 18.29122399891002715, 38.40707269844202898, 2.000000000000000000 ) ) ;
#2205 = DIRECTION ( 'NONE',  ( -0.9987841318987268346, -0.04929764565683199956, 1.833651161538482355E-16 ) ) ;
#2206 = CARTESIAN_POINT ( 'NONE',  ( 2.696119869485023468, 37.63733488142995043, 19.89135062360135819 ) ) ;
#2207 = ORIENTED_EDGE ( 'NONE', *, *, #2675, .F. ) ;
#2208 = DIRECTION ( 'NONE',  ( -1.000000000000000000, 0.000000000000000000, 0.000000000000000000 ) ) ;
#2209 = CARTESIAN_POINT ( 'NONE',  ( 9.480979916194574031, -8.972219683592614459, 18.86076939806772046 ) ) ;
#2210 = VERTEX_POINT ( 'NONE', #665 ) ;
#2211 = EDGE_CURVE ( 'NONE', #2422, #1813, #1927, .T. ) ;
#2212 = ORIENTED_EDGE ( 'NONE', *, *, #2639, .T. ) ;
#2213 = CARTESIAN_POINT ( 'NONE',  ( 76.50000000000000000, 21.99999999999998579, 8.643629070873043219 ) ) ;
#2214 = FACE_OUTER_BOUND ( 'NONE', #2752, .T. ) ;
#2215 = DIRECTION ( 'NONE',  ( 0.04929764565683170119, 0.9987841318987268346, 0.000000000000000000 ) ) ;
#2216 = CARTESIAN_POINT ( 'NONE',  ( 7.149065283742690902, 37.85712183854143831, 18.72679497892239553 ) ) ;
#2217 = EDGE_CURVE ( 'NONE', #2210, #1406, #473, .T. ) ;
#2218 = EDGE_LOOP ( 'NONE', ( #2569, #1796, #1114, #106 ) ) ;
#2219 = CARTESIAN_POINT ( 'NONE',  ( -0.2766563684975489879, 33.98634488956388822, 18.64362907087316756 ) ) ;
#2220 = CARTESIAN_POINT ( 'NONE',  ( 6.317201995573892503, -8.816063014812593579, 22.21733261343943155 ) ) ;
#2221 = DIRECTION ( 'NONE',  ( 0.000000000000000000, 0.000000000000000000, -1.000000000000000000 ) ) ;
#2222 = CARTESIAN_POINT ( 'NONE',  ( 6.784569272123513350, -5.334870450209846737, 25.96969017201409713 ) ) ;
#2223 = CARTESIAN_POINT ( 'NONE',  ( 9.667153239702850342, -8.981408762834012904, 19.01274378123873277 ) ) ;
#2224 = CARTESIAN_POINT ( 'NONE',  ( -1.027151774350089639E-41, 33.99999999999995737, 2.000000000000057288 ) ) ;
#2225 = ORIENTED_EDGE ( 'NONE', *, *, #624, .F. ) ;
#2226 = CARTESIAN_POINT ( 'NONE',  ( -8.623281116488023763E-42, 28.99999999999996092, 23.64362907087302901 ) ) ;
#2227 = AXIS2_PLACEMENT_3D ( 'NONE', #1023, #1873, #628 ) ;
#2228 = CARTESIAN_POINT ( 'NONE',  ( 7.140904090173616048, 37.85671902113990228, 18.65344407201380861 ) ) ;
#2229 = AXIS2_PLACEMENT_3D ( 'NONE', #2622, #1353, #1990 ) ;
#2230 = ORIENTED_EDGE ( 'NONE', *, *, #498, .T. ) ;
#2231 = EDGE_CURVE ( 'NONE', #1331, #2758, #1103, .T. ) ;
#2232 = CARTESIAN_POINT ( 'NONE',  ( 2.606042520520738037, -5.128628155614605610, 21.70418718885794718 ) ) ;
#2233 = VECTOR ( 'NONE', #1931, 1000.000000000000000 ) ;
#2234 = CARTESIAN_POINT ( 'NONE',  ( -0.1135131945905839129, 33.99439725455603423, 20.25514089371247550 ) ) ;
#2235 = VECTOR ( 'NONE', #2642, 1000.000000000000000 ) ;
#2236 = CARTESIAN_POINT ( 'NONE',  ( 9.531863733311695341, -8.974731189638612605, 18.92290090835921745 ) ) ;
#2237 = FACE_OUTER_BOUND ( 'NONE', #2041, .T. ) ;
#2238 = CARTESIAN_POINT ( 'NONE',  ( 7.449015060399432286, 37.87192665705249794, 19.03808299261089587 ) ) ;
#2239 = VECTOR ( 'NONE', #1502, 1000.000000000000000 ) ;
#2240 = CARTESIAN_POINT ( 'NONE',  ( 7.920394751929002553, -8.895192854683150685, 23.27344096794091399 ) ) ;
#2241 = CARTESIAN_POINT ( 'NONE',  ( 4.915981267245912889, -8.746902041238842074, 19.64320021095289803 ) ) ;
#2242 = ORIENTED_EDGE ( 'NONE', *, *, #1025, .F. ) ;
#2243 = FACE_OUTER_BOUND ( 'NONE', #1044, .T. ) ;
#2244 = CARTESIAN_POINT ( 'NONE',  ( 7.167754635806348418, 37.85804430118994190, 18.79271757228776707 ) ) ;
#2245 = CARTESIAN_POINT ( 'NONE',  ( -8.646011524884108583E-42, 28.99999999999996092, 0.000000000000000000 ) ) ;
#2246 = EDGE_CURVE ( 'NONE', #1783, #551, #1945, .T. ) ;
#2247 = ORIENTED_EDGE ( 'NONE', *, *, #1859, .F. ) ;
#2248 = CARTESIAN_POINT ( 'NONE',  ( 2.991461759229973261, -5.147651546608104312, 22.50519276845556504 ) ) ;
#2249 = CARTESIAN_POINT ( 'NONE',  ( 9.908105239730348401, 1.018871893101667814, 18.64362907087307875 ) ) ;
#2250 = CARTESIAN_POINT ( 'NONE',  ( 6.282853087667476188, -8.814367633161454663, 22.18332299510495176 ) ) ;
#2251 = CARTESIAN_POINT ( 'NONE',  ( 0.000000000000000000, 0.000000000000000000, 0.000000000000000000 ) ) ;
#2252 = CARTESIAN_POINT ( 'NONE',  ( 5.110244238836608055, 37.75649040656406186, 23.02766495773856192 ) ) ;
#2253 = CARTESIAN_POINT ( 'NONE',  ( 7.903279723011295665, -8.894348096938159642, 23.26636998425748004 ) ) ;
#2254 = CARTESIAN_POINT ( 'NONE',  ( 2.024698033529820140, -5.099934477189223436, 19.32003726652109066 ) ) ;
#2255 = VERTEX_POINT ( 'NONE', #27 ) ;
#2256 = LINE ( 'NONE', #51, #1386 ) ;
#2257 = CARTESIAN_POINT ( 'NONE',  ( 0.3401916811884827530, 34.01679086420480047, 21.73108160855711546 ) ) ;
#2258 = DIRECTION ( 'NONE',  ( 0.000000000000000000, 0.000000000000000000, 1.000000000000000000 ) ) ;
#2259 = ORIENTED_EDGE ( 'NONE', *, *, #710, .T. ) ;
#2260 = CARTESIAN_POINT ( 'NONE',  ( 2.273497047866251730, -5.112214489886317104, 20.72720374920970698 ) ) ;
#2261 = CARTESIAN_POINT ( 'NONE',  ( -0.1446780436362435918, 33.99285903059336533, 20.09480725593222417 ) ) ;
#2262 = CARTESIAN_POINT ( 'NONE',  ( 4.747202858319062635, -5.234310968582766677, 24.67893498727720925 ) ) ;
#2263 = LINE ( 'NONE', #2651, #1119 ) ;
#2264 = CARTESIAN_POINT ( 'NONE',  ( 3.530253383762404162, 34.17424396436822320, 25.46967452776199181 ) ) ;
#2265 = CARTESIAN_POINT ( 'NONE',  ( 8.362764062042840507, -8.917027167827461298, 23.43143937209968541 ) ) ;
#2266 = CARTESIAN_POINT ( 'NONE',  ( 9.430977081040218479, -8.969751660753091826, 18.75360091022110964 ) ) ;
#2267 = VERTEX_POINT ( 'NONE', #2565 ) ;
#2268 = CARTESIAN_POINT ( 'NONE',  ( 1.287970883904915542, 34.06357122647746394, 23.40805668002139228 ) ) ;
#2269 = DIRECTION ( 'NONE',  ( -1.000000000000000000, 0.000000000000000000, 0.000000000000000000 ) ) ;
#2270 = CARTESIAN_POINT ( 'NONE',  ( 7.204932463077061477, 37.85987931167574061, 18.86767556612020513 ) ) ;
#2271 = PLANE ( 'NONE',  #1528 ) ;
#2272 = ORIENTED_EDGE ( 'NONE', *, *, #2136, .T. ) ;
#2273 = CARTESIAN_POINT ( 'NONE',  ( 2.149113338222624403, -5.106075201277639586, 20.19322435036434982 ) ) ;
#2274 = CARTESIAN_POINT ( 'NONE',  ( 28.29999999999999716, 28.99999999999996092, 136.1735104717425315 ) ) ;
#2275 = AXIS2_PLACEMENT_3D ( 'NONE', #586, #2728, #1440 ) ;
#2276 = AXIS2_PLACEMENT_3D ( 'NONE', #2160, #922, #209 ) ;
#2277 = ORIENTED_EDGE ( 'NONE', *, *, #134, .T. ) ;
#2278 = CARTESIAN_POINT ( 'NONE',  ( 4.872458465566287700, -5.240492832517215760, 24.78632740732741624 ) ) ;
#2279 = CARTESIAN_POINT ( 'NONE',  ( -0.2766563684975489879, 33.98634488956388822, 18.64362907087316756 ) ) ;
#2280 = CARTESIAN_POINT ( 'NONE',  ( 4.332624851624165885, 34.21384758692761352, 25.90179966552279112 ) ) ;
#2281 = AXIS2_PLACEMENT_3D ( 'NONE', #1987, #1106, #1961 ) ;
#2282 = CARTESIAN_POINT ( 'NONE',  ( 9.666770478952367185, -8.981389870659771901, 19.01258685655963276 ) ) ;
#2283 = CARTESIAN_POINT ( 'NONE',  ( 4.904531163193956544, -8.746336890918298579, 19.58546453866263093 ) ) ;
#2284 = VECTOR ( 'NONE', #1587, 1000.000000000000227 ) ;
#2285 = ORIENTED_EDGE ( 'NONE', *, *, #1340, .F. ) ;
#2286 = LINE ( 'NONE', #1045, #861 ) ;
#2287 = ADVANCED_FACE ( 'NONE', ( #1278 ), #1735, .F. ) ;
#2288 = CARTESIAN_POINT ( 'NONE',  ( 7.686879422336021506, 34.37940636606699485, 26.64362907087304677 ) ) ;
#2289 = EDGE_CURVE ( 'NONE', #2747, #1070, #1705, .T. ) ;
#2290 = CARTESIAN_POINT ( 'NONE',  ( 3.372510170670930396, 37.67071992263029045, 21.41543899868978329 ) ) ;
#2291 = DIRECTION ( 'NONE',  ( 0.04929764565683170119, -0.9987841318987268346, 0.000000000000000000 ) ) ;
#2292 = ORIENTED_EDGE ( 'NONE', *, *, #1223, .T. ) ;
#2293 = CARTESIAN_POINT ( 'NONE',  ( 5.557647697407232634, -5.274314946401987392, 25.29776195328911115 ) ) ;
#2294 = LINE ( 'NONE', #2091, #752 ) ;
#2295 = CARTESIAN_POINT ( 'NONE',  ( 7.452796255847903950, 37.87211328800449195, 19.03878943975621851 ) ) ;
#2296 = CARTESIAN_POINT ( 'NONE',  ( 8.421040019884985739, -8.919903532627689202, 23.44884626744543255 ) ) ;
#2297 = CARTESIAN_POINT ( 'NONE',  ( 4.851451205835511260, -8.743716988533233092, 19.25378980961454545 ) ) ;
#2298 = EDGE_LOOP ( 'NONE', ( #1136, #1992, #590, #2185 ) ) ;
#2299 = CARTESIAN_POINT ( 'NONE',  ( 1.715564883338443813, 34.08467626488950231, 23.93928078528400505 ) ) ;
#2300 = ADVANCED_FACE ( 'NONE', ( #2761 ), #2552, .F. ) ;
#2301 = CARTESIAN_POINT ( 'NONE',  ( 3.012494245293162010, 37.65295037968974867, 20.77444325813024761 ) ) ;
#2302 = CARTESIAN_POINT ( 'NONE',  ( 28.32709166908013643, -6.398158904403297598, 11.99999999999999822 ) ) ;
#2303 = CARTESIAN_POINT ( 'NONE',  ( 2.407430761710035728E-42, -5.000000000000000000, 18.64362907087305388 ) ) ;
#2304 = ORIENTED_EDGE ( 'NONE', *, *, #814, .F. ) ;
#2305 = CARTESIAN_POINT ( 'NONE',  ( 9.596271793605067657, -8.977910220654802487, 18.97534292035917147 ) ) ;
#2306 = FACE_OUTER_BOUND ( 'NONE', #2603, .T. ) ;
#2307 = CARTESIAN_POINT ( 'NONE',  ( 3.166196099646504614, 34.15627551402742057, 25.23016871120878335 ) ) ;
#2308 = CARTESIAN_POINT ( 'NONE',  ( 8.476460784594216591, -5.418378128264588867, 26.49735519915505222 ) ) ;
#2309 = CARTESIAN_POINT ( 'NONE',  ( 5.103050546380244690, -8.756135342751672823, 20.31839859403554271 ) ) ;
#2310 = ORIENTED_EDGE ( 'NONE', *, *, #2654, .T. ) ;
#2311 = LINE ( 'NONE', #2111, #720 ) ;
#2312 = CARTESIAN_POINT ( 'NONE',  ( 20.82952340528267143, -6.028096493766122776, 2.000000000000001776 ) ) ;
#2313 = DIRECTION ( 'NONE',  ( 0.04929764565683168037, -0.9987841318987268346, 0.000000000000000000 ) ) ;
#2314 = PLANE ( 'NONE',  #623 ) ;
#2315 = FACE_OUTER_BOUND ( 'NONE', #846, .T. ) ;
#2316 = CARTESIAN_POINT ( 'NONE',  ( 8.732059442403391714, -5.430994004107431827, 26.54366567038665536 ) ) ;
#2317 = ADVANCED_FACE ( 'NONE', ( #1958 ), #1507, .F. ) ;
#2318 = VERTEX_POINT ( 'NONE', #13 ) ;
#2319 = CARTESIAN_POINT ( 'NONE',  ( 7.055529745100589167, -8.852505143409066690, 22.81475398838961866 ) ) ;
#2320 = VECTOR ( 'NONE', #183, 1000.000000000000000 ) ;
#2321 = DIRECTION ( 'NONE',  ( 0.000000000000000000, -0.000000000000000000, 1.000000000000000000 ) ) ;
#2322 = CARTESIAN_POINT ( 'NONE',  ( 3.521232960489919517, 37.67806053123570820, 21.62955866128625004 ) ) ;
#2323 = CARTESIAN_POINT ( 'NONE',  ( 9.716200883003764943, -8.983829639640649845, 19.02947257217952171 ) ) ;
#2324 = CARTESIAN_POINT ( 'NONE',  ( 3.090480934659667334, -5.152537069053003904, 22.68157545259408536 ) ) ;
#2325 = ORIENTED_EDGE ( 'NONE', *, *, #594, .F. ) ;
#2326 = AXIS2_PLACEMENT_3D ( 'NONE', #1843, #1419, #150 ) ;
#2327 = VECTOR ( 'NONE', #2469, 1000.000000000000227 ) ;
#2328 = VERTEX_POINT ( 'NONE', #2578 ) ;
#2329 = CARTESIAN_POINT ( 'NONE',  ( 2.361218793349332490, -5.116544229804197208, 21.02790122405459172 ) ) ;
#2330 = CARTESIAN_POINT ( 'NONE',  ( 7.199618818713951818, 37.85961704263421979, 18.85930824204115552 ) ) ;
#2331 = CARTESIAN_POINT ( 'NONE',  ( 7.272018049762178471, 37.86319049912402335, 18.97331591879730794 ) ) ;
#2332 = CYLINDRICAL_SURFACE ( 'NONE', #1121, 2.549999999999996714 ) ;
#2333 = EDGE_CURVE ( 'NONE', #777, #551, #2169, .T. ) ;
#2334 = ORIENTED_EDGE ( 'NONE', *, *, #2526, .T. ) ;
#2335 = CARTESIAN_POINT ( 'NONE',  ( 7.103680005787388119, -8.854881727511489942, 22.84632209305135930 ) ) ;
#2336 = DIRECTION ( 'NONE',  ( 0.000000000000000000, 0.000000000000000000, -1.000000000000000000 ) ) ;
#2337 = CARTESIAN_POINT ( 'NONE',  ( 3.582182139545238453, 37.68106883997447909, 21.71100159253529327 ) ) ;
#2338 = CARTESIAN_POINT ( 'NONE',  ( 5.523485174243954354, -5.272626292523291625, 25.27485000768894707 ) ) ;
#2339 = CARTESIAN_POINT ( 'NONE',  ( 9.827458240201110584, -8.989321042233740400, 23.64994885880608066 ) ) ;
#2340 = CARTESIAN_POINT ( 'NONE',  ( 3.008461681118652198, -5.148491080979024304, 22.53580764882011778 ) ) ;
#2341 = ORIENTED_EDGE ( 'NONE', *, *, #2124, .F. ) ;
#2342 = ORIENTED_EDGE ( 'NONE', *, *, #1516, .F. ) ;
#2343 = CARTESIAN_POINT ( 'NONE',  ( 2.107487010795800586, -5.104020623242262467, 19.96691047416825882 ) ) ;
#2344 = CARTESIAN_POINT ( 'NONE',  ( 128.9910702685402271, 38.99999999999995737, 28.64362907087304322 ) ) ;
#2345 = CARTESIAN_POINT ( 'NONE',  ( 18.46376575870893788, 34.91132823679648567, 2.000000000000000000 ) ) ;
#2346 = CARTESIAN_POINT ( 'NONE',  ( 4.815066795790224674, -8.741921139263538976, 18.64362907087309296 ) ) ;
#2347 = DIRECTION ( 'NONE',  ( -0.9987841318987268346, 0.04929764565683210364, -1.183291357831517183E-30 ) ) ;
#2348 = VERTEX_POINT ( 'NONE', #1746 ) ;
#2349 = CARTESIAN_POINT ( 'NONE',  ( 7.707205565080007759, -8.884670335696823074, 23.18068270114478935 ) ) ;
#2350 = DIRECTION ( 'NONE',  ( -0.04929764565683089628, 0.9987841318987269457, -4.489153481157768858E-14 ) ) ;
#2351 = CARTESIAN_POINT ( 'NONE',  ( 1.880124544608602566, 34.09279816437032906, 24.11896839401109460 ) ) ;
#2352 = CARTESIAN_POINT ( 'NONE',  ( 8.800016068355670740, -8.938608902840588399, 23.54368486206232447 ) ) ;
#2353 = CARTESIAN_POINT ( 'NONE',  ( 3.245162311511139652, -5.160174002849390540, 22.93355178522233828 ) ) ;
#2354 = EDGE_LOOP ( 'NONE', ( #559, #2277, #883, #2024 ) ) ;
#2355 = DIRECTION ( 'NONE',  ( 0.9987841318987268346, -0.04929764565683239508, 0.000000000000000000 ) ) ;
#2356 = ORIENTED_EDGE ( 'NONE', *, *, #1744, .F. ) ;
#2357 = DIRECTION ( 'NONE',  ( 1.822520029672541842E-16, -8.995532042992719992E-18, 1.000000000000000000 ) ) ;
#2358 = CARTESIAN_POINT ( 'NONE',  ( 7.421174619136924555, 37.87055251807263545, 23.64995154813172462 ) ) ;
#2359 = DIRECTION ( 'NONE',  ( -0.000000000000000000, -0.000000000000000000, -1.000000000000000000 ) ) ;
#2360 = DIRECTION ( 'NONE',  ( -1.000000000000000000, 0.000000000000000000, 0.000000000000000000 ) ) ;
#2361 = EDGE_LOOP ( 'NONE', ( #2122, #1844, #1578, #1926 ) ) ;
#2362 = CARTESIAN_POINT ( 'NONE',  ( 6.618359814499327420, -5.326667330320550953, 25.89530909703265138 ) ) ;
#2363 = FACE_OUTER_BOUND ( 'NONE', #2576, .T. ) ;
#2364 = CARTESIAN_POINT ( 'NONE',  ( 2.769583588710404776, -5.136700420226296693, 22.07458878522491474 ) ) ;
#2365 = ORIENTED_EDGE ( 'NONE', *, *, #1019, .T. ) ;
#2366 = CARTESIAN_POINT ( 'NONE',  ( 2.407430761710035728E-42, -5.000000000000000000, 0.000000000000000000 ) ) ;
#2367 = CIRCLE ( 'NONE', #1156, 2.549999999999996714 ) ;
#2368 = VECTOR ( 'NONE', #1913, 1000.000000000000000 ) ;
#2369 = ORIENTED_EDGE ( 'NONE', *, *, #140, .F. ) ;
#2370 = DIRECTION ( 'NONE',  ( 1.000000000000000000, 0.000000000000000000, 0.000000000000000000 ) ) ;
#2371 = CARTESIAN_POINT ( 'NONE',  ( 0.9723897185506615859, 34.04799487922782930, 22.94505355644922062 ) ) ;
#2372 = EDGE_CURVE ( 'NONE', #2144, #1203, #682, .T. ) ;
#2373 = VECTOR ( 'NONE', #2563, 1000.000000000000000 ) ;
#2374 = CARTESIAN_POINT ( 'NONE',  ( 2.059968364031353527, 34.10167521412382996, 24.30465772932940993 ) ) ;
#2375 = AXIS2_PLACEMENT_3D ( 'NONE', #1101, #1956, #887 ) ;
#2376 = FACE_OUTER_BOUND ( 'NONE', #1415, .T. ) ;
#2377 = EDGE_CURVE ( 'NONE', #2255, #1125, #2180, .T. ) ;
#2378 = VECTOR ( 'NONE', #2355, 1000.000000000000227 ) ;
#2379 = VERTEX_POINT ( 'NONE', #1763 ) ;
#2380 = DIRECTION ( 'NONE',  ( -0.000000000000000000, 0.000000000000000000, 1.000000000000000000 ) ) ;
#2381 = CARTESIAN_POINT ( 'NONE',  ( 5.667191802921816901, -8.783980033988918024, 21.43600389817473939 ) ) ;
#2382 = EDGE_LOOP ( 'NONE', ( #1393, #2230, #2573, #1557 ) ) ;
#2383 = SURFACE_SIDE_STYLE ('',( #1291 ) ) ;
#2384 = ORIENTED_EDGE ( 'NONE', *, *, #814, .T. ) ;
#2385 = CARTESIAN_POINT ( 'NONE',  ( 76.50000000000000000, 6.999999999999985789, 28.64362907087304322 ) ) ;
#2386 = CARTESIAN_POINT ( 'NONE',  ( 6.950781144134450251, 37.84733499778041477, 23.61909840160694074 ) ) ;
#2387 = EDGE_CURVE ( 'NONE', #1769, #1444, #2396, .T. ) ;
#2388 = CARTESIAN_POINT ( 'NONE',  ( 22.82709166908013287, -10.00000000000000000, 12.00000000000000000 ) ) ;
#2389 = CARTESIAN_POINT ( 'NONE',  ( 136.3014027943036979, 38.99999999999995737, 28.64362907087304322 ) ) ;
#2390 = ORIENTED_EDGE ( 'NONE', *, *, #448, .T. ) ;
#2391 = EDGE_CURVE ( 'NONE', #2190, #2440, #958, .T. ) ;
#2392 = DIRECTION ( 'NONE',  ( -0.000000000000000000, -0.000000000000000000, -1.000000000000000000 ) ) ;
#2393 = CARTESIAN_POINT ( 'NONE',  ( 3.498937240733864140, -5.172700015732214496, 23.31021197779825016 ) ) ;
#2394 = VERTEX_POINT ( 'NONE', #1984 ) ;
#2395 = ORIENTED_EDGE ( 'NONE', *, *, #417, .T. ) ;
#2396 = LINE ( 'NONE', #1822, #531 ) ;
#2397 = LINE ( 'NONE', #2155, #1977 ) ;
#2398 = DIRECTION ( 'NONE',  ( -7.161174186840735016E-31, 1.000000000000000000, -0.000000000000000000 ) ) ;
#2399 = PLANE ( 'NONE',  #1431 ) ;
#2400 = ORIENTED_EDGE ( 'NONE', *, *, #1251, .T. ) ;
#2401 = CARTESIAN_POINT ( 'NONE',  ( 7.140904150867062761, 37.85671902413558598, 18.64362907087316756 ) ) ;
#2402 = EDGE_CURVE ( 'NONE', #2348, #2747, #1994, .T. ) ;
#2403 = CARTESIAN_POINT ( 'NONE',  ( 9.515291615455458540, -8.973913228712152801, 18.90551004853437433 ) ) ;
#2404 = EDGE_LOOP ( 'NONE', ( #534, #961, #1212, #1302 ) ) ;
#2405 = CARTESIAN_POINT ( 'NONE',  ( 9.415128783162034054, -8.968969425885608970, 18.64362907087299703 ) ) ;
#2406 = EDGE_LOOP ( 'NONE', ( #58, #991, #1501, #1364 ) ) ;
#2407 = LINE ( 'NONE', #2226, #125 ) ;
#2408 = CARTESIAN_POINT ( 'NONE',  ( 5.782914711978834887, 37.78969184576366303, 23.33706894538838483 ) ) ;
#2409 = AXIS2_PLACEMENT_3D ( 'NONE', #1670, #2350, #859 ) ;
#2410 = VECTOR ( 'NONE', #1933, 1000.000000000000114 ) ;
#2411 = DIRECTION ( 'NONE',  ( 0.04929764565683240896, 0.9987841318987268346, -0.000000000000000000 ) ) ;
#2412 = CARTESIAN_POINT ( 'NONE',  ( -0.1368268713421789962, 33.99324674320060780, 20.13681605813730968 ) ) ;
#2413 = AXIS2_PLACEMENT_3D ( 'NONE', #2566, #1105, #653 ) ;
#2414 = VECTOR ( 'NONE', #787, 1000.000000000000000 ) ;
#2415 = VERTEX_POINT ( 'NONE', #61 ) ;
#2416 = CARTESIAN_POINT ( 'NONE',  ( 4.872450725531127347, -5.240492756819213227, 24.78632043955082409 ) ) ;
#2417 = FACE_OUTER_BOUND ( 'NONE', #2406, .T. ) ;
#2418 = EDGE_CURVE ( 'NONE', #2318, #2255, #1402, .T. ) ;
#2419 = CARTESIAN_POINT ( 'NONE',  ( 3.333435527444327473, -5.164530374704891180, 23.06901186443175433 ) ) ;
#2420 = ORIENTED_EDGE ( 'NONE', *, *, #2575, .F. ) ;
#2421 = CARTESIAN_POINT ( 'NONE',  ( 4.816636115143257513, -8.741998597191546594, 18.79735097630358354 ) ) ;
#2422 = VERTEX_POINT ( 'NONE', #756 ) ;
#2423 = DIRECTION ( 'NONE',  ( -3.251012437233575605E-43, 1.000000000000000000, 0.000000000000000000 ) ) ;
#2424 = EDGE_CURVE ( 'NONE', #1444, #60, #2256, .T. ) ;
#2425 = CARTESIAN_POINT ( 'NONE',  ( 38.30000000000000426, 22.49999999999997868, 0.000000000000000000 ) ) ;
#2426 = DIRECTION ( 'NONE',  ( -0.9987841318987268346, 0.04929764565683240896, 0.000000000000000000 ) ) ;
#2427 = CARTESIAN_POINT ( 'NONE',  ( -0.1679092526441319511, 33.99171281976037307, 19.96438541620797125 ) ) ;
#2428 = CARTESIAN_POINT ( 'NONE',  ( 7.663418957712609725, -5.378248412476254181, 26.29501622436023922 ) ) ;
#2429 = EDGE_LOOP ( 'NONE', ( #2188, #692, #2625, #1534 ) ) ;
#2430 = CARTESIAN_POINT ( 'NONE',  ( -0.2721768594899658944, 33.98656598763749770, 18.97714734849115814 ) ) ;
#2431 = CARTESIAN_POINT ( 'NONE',  ( 9.483062724445453284, -8.972322486130064334, 18.86387783129619322 ) ) ;
#2432 = LINE ( 'NONE', #965, #346 ) ;
#2433 = CARTESIAN_POINT ( 'NONE',  ( 6.940303401340444545, -5.342558005160888079, 26.03578346510828467 ) ) ;
#2434 = ORIENTED_EDGE ( 'NONE', *, *, #229, .F. ) ;
#2435 = CARTESIAN_POINT ( 'NONE',  ( 27.91275102580917888, 35.37770802061283604, 2.000000000000000000 ) ) ;
#2436 = CARTESIAN_POINT ( 'NONE',  ( 1.997568263797453447, -5.098595291313667843, 2.000000000000000000 ) ) ;
#2437 = ADVANCED_FACE ( 'NONE', ( #2243 ), #2448, .F. ) ;
#2438 = CYLINDRICAL_SURFACE ( 'NONE', #856, 10.00000000000000000 ) ;
#2439 = CARTESIAN_POINT ( 'NONE',  ( 2.638370846370047484, 37.63448452489381424, 19.63053538878227755 ) ) ;
#2440 = VERTEX_POINT ( 'NONE', #1784 ) ;
#2441 = CARTESIAN_POINT ( 'NONE',  ( 3.395476543077528664, -5.167592770159969540, 23.16111192440454758 ) ) ;
#2442 = CARTESIAN_POINT ( 'NONE',  ( 0.07944689674205568375, 34.00392131276306174, 21.01797802035401475 ) ) ;
#2443 = CARTESIAN_POINT ( 'NONE',  ( 6.300323351102391278, -8.815229924450273202, 22.20068699114486677 ) ) ;
#2444 = CARTESIAN_POINT ( 'NONE',  ( 9.461003456764723651, -8.971233692338845600, 18.85628366211163254 ) ) ;
#2445 = CARTESIAN_POINT ( 'NONE',  ( 7.909494397047814651, -8.894654838694201260, 23.26894477398935379 ) ) ;
#2446 = CARTESIAN_POINT ( 'NONE',  ( 4.863769172488788151, -8.744324974519269489, 19.34537255713172499 ) ) ;
#2447 = ORIENTED_EDGE ( 'NONE', *, *, #511, .F. ) ;
#2448 = PLANE ( 'NONE',  #630 ) ;
#2449 = CARTESIAN_POINT ( 'NONE',  ( 96.38410950014646517, 42.26155463783860711, 2.000000000000000000 ) ) ;
#2450 = EDGE_CURVE ( 'NONE', #819, #2267, #89, .T. ) ;
#2451 = CIRCLE ( 'NONE', #1563, 2.549999999999996714 ) ;
#2452 = CARTESIAN_POINT ( 'NONE',  ( -0.07205012276787715886, 33.99644450440504784, 20.45265909469890531 ) ) ;
#2453 = AXIS2_PLACEMENT_3D ( 'NONE', #56, #1339, #291 ) ;
#2454 = CARTESIAN_POINT ( 'NONE',  ( 7.213513085870554953, 37.86030283112151551, 18.88070598375323073 ) ) ;
#2455 = ORIENTED_EDGE ( 'NONE', *, *, #2707, .F. ) ;
#2456 = CARTESIAN_POINT ( 'NONE',  ( 4.462273750836291519, -5.220247381958621702, 24.41888920442502453 ) ) ;
#2457 = VECTOR ( 'NONE', #2158, 1000.000000000000114 ) ;
#2458 = CARTESIAN_POINT ( 'NONE',  ( -0.1210384518379299251, 33.99402582548202645, 20.21796624755047489 ) ) ;
#2459 = AXIS2_PLACEMENT_3D ( 'NONE', #1910, #419, #205 ) ;
#2460 = CARTESIAN_POINT ( 'NONE',  ( 4.569067209548450137, -5.225517059597242664, 24.51957198985869724 ) ) ;
#2461 = DIRECTION ( 'NONE',  ( 0.04929764565683082689, -0.9987841318987269457, 0.000000000000000000 ) ) ;
#2462 = CARTESIAN_POINT ( 'NONE',  ( 4.662753775783388122, 34.23014194833375967, 26.04444589069883165 ) ) ;
#2463 = AXIS2_PLACEMENT_3D ( 'NONE', #1924, #460, #1518 ) ;
#2464 = CARTESIAN_POINT ( 'NONE',  ( 9.705414359878178132, -8.983297242120574566, 19.02632061847863909 ) ) ;
#2465 = CARTESIAN_POINT ( 'NONE',  ( 4.998341943348901140, -8.750967171327424410, 19.98570161499528908 ) ) ;
#2466 = ORIENTED_EDGE ( 'NONE', *, *, #1378, .T. ) ;
#2467 = PLANE ( 'NONE',  #2550 ) ;
#2468 = CARTESIAN_POINT ( 'NONE',  ( 2.917879357096126558, 37.64828041039082507, 20.55588309140108905 ) ) ;
#2469 = DIRECTION ( 'NONE',  ( 0.04929764565683238120, -0.9987841318987268346, -0.000000000000000000 ) ) ;
#2470 = CARTESIAN_POINT ( 'NONE',  ( 3.417940209451542977, 37.67296224295002105, 21.48301345343055146 ) ) ;
#2471 = ORIENTED_EDGE ( 'NONE', *, *, #2289, .F. ) ;
#2472 = CARTESIAN_POINT ( 'NONE',  ( 2.366187650415013888, -5.116789480952186331, 21.04375557190099855 ) ) ;
#2473 = CYLINDRICAL_SURFACE ( 'NONE', #1831, 2.549999999999996714 ) ;
#2474 = ADVANCED_FACE ( 'NONE', ( #1348 ), #2467, .F. ) ;
#2475 = CARTESIAN_POINT ( 'NONE',  ( 6.508272014397474159, -8.825493783466978215, 22.39498164433291549 ) ) ;
#2476 = LINE ( 'NONE', #1368, #2058 ) ;
#2477 = CARTESIAN_POINT ( 'NONE',  ( 5.832803972291603856, 37.79215426281500356, 23.35550674920910552 ) ) ;
#2478 = CARTESIAN_POINT ( 'NONE',  ( 7.292932019525408371, -5.359961576115457760, 26.17282139865166712 ) ) ;
#2479 = CARTESIAN_POINT ( 'NONE',  ( 9.423132985941366613, -8.969364494589424197, 18.72215709424004615 ) ) ;
#2480 = ORIENTED_EDGE ( 'NONE', *, *, #84, .T. ) ;
#2481 = CARTESIAN_POINT ( 'NONE',  ( 6.160433106100965617, 34.30406455074513161, 26.49537938467046416 ) ) ;
#2482 = CARTESIAN_POINT ( 'NONE',  ( 7.514337662537120544, 37.87515082771231789, 19.04428699408757097 ) ) ;
#2483 = CARTESIAN_POINT ( 'NONE',  ( 1.051225817866575429, 34.05188571521262020, 23.06721798740531426 ) ) ;
#2484 = EDGE_LOOP ( 'NONE', ( #2626, #2150, #424, #2760, #1480, #2551, #315, #1558 ) ) ;
#2485 = CARTESIAN_POINT ( 'NONE',  ( 2.947673146280349599, -5.145490243223271420, 22.42449757757890083 ) ) ;
#2486 = DIRECTION ( 'NONE',  ( -0.000000000000000000, -0.000000000000000000, -1.000000000000000000 ) ) ;
#2487 = CARTESIAN_POINT ( 'NONE',  ( 6.356507284385586765, -8.818003031817662318, 22.25546330101381542 ) ) ;
#2488 = DIRECTION ( 'NONE',  ( 0.000000000000000000, 0.000000000000000000, -1.000000000000000000 ) ) ;
#2489 = CARTESIAN_POINT ( 'NONE',  ( 4.734359821853131756, 37.73793763204093210, 22.79506380716470915 ) ) ;
#2490 = EDGE_CURVE ( 'NONE', #1783, #2144, #1357, .T. ) ;
#2491 = CARTESIAN_POINT ( 'NONE',  ( 8.267719477415434781, -8.912335989719084139, 23.40156864324453423 ) ) ;
#2492 = CARTESIAN_POINT ( 'NONE',  ( 9.432417604595851657, -8.969822761622181062, 18.75839770431200648 ) ) ;
#2493 = ORIENTED_EDGE ( 'NONE', *, *, #1588, .T. ) ;
#2494 = CARTESIAN_POINT ( 'NONE',  ( 2.608971341088341056, 34.12877271533865553, 24.80887551194100382 ) ) ;
#2495 = ADVANCED_FACE ( 'NONE', ( #1586 ), #704, .F. ) ;
#2496 = FACE_OUTER_BOUND ( 'NONE', #1801, .T. ) ;
#2497 = DIRECTION ( 'NONE',  ( 0.000000000000000000, -0.000000000000000000, 1.000000000000000000 ) ) ;
#2498 = VERTEX_POINT ( 'NONE', #2213 ) ;
#2499 = CARTESIAN_POINT ( 'NONE',  ( 4.362548553106783800, -5.215325179749239481, 24.32153667546615594 ) ) ;
#2500 = CARTESIAN_POINT ( 'NONE',  ( 1.997568263797516286, -5.098595291313667843, 2.000000000000001776 ) ) ;
#2501 = AXIS2_PLACEMENT_3D ( 'NONE', #2251, #995, #1626 ) ;
#2502 = CIRCLE ( 'NONE', #1299, 10.00000000000000178 ) ;
#2503 = CARTESIAN_POINT ( 'NONE',  ( 7.043226980126525483, -8.851897907742303673, 22.80656391113206638 ) ) ;
#2504 = PLANE ( 'NONE',  #2275 ) ;
#2505 = EDGE_CURVE ( 'NONE', #1827, #196, #1126, .T. ) ;
#2506 = CARTESIAN_POINT ( 'NONE',  ( 5.648401192765059697, 37.78305257347803092, 23.28430718894296803 ) ) ;
#2507 = VECTOR ( 'NONE', #578, 1000.000000000000000 ) ;
#2508 = CARTESIAN_POINT ( 'NONE',  ( 8.987910826677529386, -5.443622702205474617, 26.58052331259715118 ) ) ;
#2509 = CARTESIAN_POINT ( 'NONE',  ( 4.909761774656074884, -8.746595061650292990, 19.61217416886981724 ) ) ;
#2510 = VECTOR ( 'NONE', #2423, 1000.000000000000000 ) ;
#2511 = EDGE_LOOP ( 'NONE', ( #635, #902 ) ) ;
#2512 = CARTESIAN_POINT ( 'NONE',  ( 4.489857001224960342, 34.22160882659940739, 25.97221487376183546 ) ) ;
#2513 = EDGE_CURVE ( 'NONE', #2116, #1309, #353, .T. ) ;
#2514 = CARTESIAN_POINT ( 'NONE',  ( 3.260170258539528465, 37.66517508766089151, 21.23977539983564355 ) ) ;
#2515 = DIRECTION ( 'NONE',  ( -0.000000000000000000, 0.000000000000000000, 1.000000000000000000 ) ) ;
#2516 = DIRECTION ( 'NONE',  ( -0.000000000000000000, -0.000000000000000000, -1.000000000000000000 ) ) ;
#2517 = CARTESIAN_POINT ( 'NONE',  ( 5.550089004139276305, -5.273938547157786871, 25.29271636001196910 ) ) ;
#2518 = CARTESIAN_POINT ( 'NONE',  ( 101.3014027943036979, -10.00000000000000000, 28.64362907087304322 ) ) ;
#2519 = CARTESIAN_POINT ( 'NONE',  ( 4.694466954531372416, 37.73596861353667009, 22.76780988982065068 ) ) ;
#2520 = EDGE_CURVE ( 'NONE', #1963, #1548, #1148, .T. ) ;
#2521 = CARTESIAN_POINT ( 'NONE',  ( 9.708204936935418417, -8.983434978468750387, 19.02715202444101550 ) ) ;
#2522 = CARTESIAN_POINT ( 'NONE',  ( 9.462009445418754439, -8.971283345582850899, 18.82911401788634720 ) ) ;
#2523 = ORIENTED_EDGE ( 'NONE', *, *, #966, .T. ) ;
#2524 = CARTESIAN_POINT ( 'NONE',  ( 3.166197455679735207, 34.15627609136411280, 25.23016915430443774 ) ) ;
#2525 = CARTESIAN_POINT ( 'NONE',  ( 0.7617379669851125357, 34.03759793986866100, 22.59953566838053973 ) ) ;
#2526 = EDGE_CURVE ( 'NONE', #204, #386, #1797, .T. ) ;
#2527 = DIRECTION ( 'NONE',  ( -0.5202576841382979822, 0.8540093337282999020, -0.000000000000000000 ) ) ;
#2528 = CARTESIAN_POINT ( 'NONE',  ( 136.3014027943036979, -22.00000000000000000, -80.95677859203634341 ) ) ;
#2529 = CARTESIAN_POINT ( 'NONE',  ( 7.069671892834501925, -8.853203166701137050, 22.82409350085435307 ) ) ;
#2530 = DIRECTION ( 'NONE',  ( 3.251012437233575605E-43, -1.000000000000000000, 0.000000000000000000 ) ) ;
#2531 = CARTESIAN_POINT ( 'NONE',  ( 7.222467604892090165, 37.86074480520946395, 18.89340934312885167 ) ) ;
#2532 = CARTESIAN_POINT ( 'NONE',  ( 9.745517516413089609, -8.985276640007901605, 19.03629262040298187 ) ) ;
#2533 = CARTESIAN_POINT ( 'NONE',  ( 2.991488331444878135, -5.147651592829620704, 22.50524366076525951 ) ) ;
#2534 = ORIENTED_EDGE ( 'NONE', *, *, #909, .T. ) ;
#2535 = CARTESIAN_POINT ( 'NONE',  ( 1.599959200754398125, 34.07897023913886159, 23.80505510837325289 ) ) ;
#2536 = LINE ( 'NONE', #2070, #1159 ) ;
#2537 = EDGE_CURVE ( 'NONE', #1233, #1537, #2407, .T. ) ;
#2538 = CARTESIAN_POINT ( 'NONE',  ( 94.30280558860737017, 22.49999999999997868, 28.64362907087304677 ) ) ;
#2539 = LINE ( 'NONE', #1510, #984 ) ;
#2540 = ORIENTED_EDGE ( 'NONE', *, *, #363, .T. ) ;
#2541 = CARTESIAN_POINT ( 'NONE',  ( 6.827249693543907760, -8.841237774682680239, 22.65479457370782512 ) ) ;
#2542 = CARTESIAN_POINT ( 'NONE',  ( 136.3014027943036979, 38.99999999999995737, -80.95677859203634341 ) ) ;
#2543 = CARTESIAN_POINT ( 'NONE',  ( 3.988693478766970557, 37.70113328765286553, 22.17475424119253091 ) ) ;
#2544 = AXIS2_PLACEMENT_3D ( 'NONE', #454, #655, #2360 ) ;
#2545 = CARTESIAN_POINT ( 'NONE',  ( 28.29999999999999716, 28.99999999999996092, 136.1735104717425315 ) ) ;
#2546 = CARTESIAN_POINT ( 'NONE',  ( 2.606041324882525156, -5.128627845547036657, 21.70418477382290945 ) ) ;
#2547 = VERTEX_POINT ( 'NONE', #1600 ) ;
#2548 = CARTESIAN_POINT ( 'NONE',  ( 99.30383453050622222, -9.901404708686337486, 26.64362907087304677 ) ) ;
#2549 = VECTOR ( 'NONE', #1313, 1000.000000000000000 ) ;
#2550 = AXIS2_PLACEMENT_3D ( 'NONE', #1129, #2627, #719 ) ;
#2551 = ORIENTED_EDGE ( 'NONE', *, *, #2124, .T. ) ;
#2552 = CYLINDRICAL_SURFACE ( 'NONE', #489, 2.549999999999996714 ) ;
#2553 = CARTESIAN_POINT ( 'NONE',  ( 7.460375970892623165, 37.87248740498785082, 19.04010583683009727 ) ) ;
#2554 = CARTESIAN_POINT ( 'NONE',  ( 91.75280558860737301, 6.499999999999979572, 28.64362907087304677 ) ) ;
#2555 = LINE ( 'NONE', #2710, #1703 ) ;
#2556 = CARTESIAN_POINT ( 'NONE',  ( 6.498710227008216656, -5.320760799318845713, 25.83866741496077069 ) ) ;
#2557 = CARTESIAN_POINT ( 'NONE',  ( 18.29122399891002715, 38.40707269844202898, 2.000000000000000000 ) ) ;
#2558 = CARTESIAN_POINT ( 'NONE',  ( 3.035500616020267550, 34.14982571184889082, 25.13771911419902949 ) ) ;
#2559 = EDGE_CURVE ( 'NONE', #1277, #1813, #1775, .T. ) ;
#2560 = CARTESIAN_POINT ( 'NONE',  ( -1.027151774350089639E-41, 33.99999999999995737, 136.1735104717425315 ) ) ;
#2561 = CARTESIAN_POINT ( 'NONE',  ( 5.036754064326414593, -8.752863103659946020, 20.11621955975956766 ) ) ;
#2562 = ORIENTED_EDGE ( 'NONE', *, *, #954, .T. ) ;
#2563 = DIRECTION ( 'NONE',  ( 0.000000000000000000, 0.000000000000000000, 1.000000000000000000 ) ) ;
#2564 = ORIENTED_EDGE ( 'NONE', *, *, #1098, .T. ) ;
#2565 = CARTESIAN_POINT ( 'NONE',  ( 2.519534638856021094E-42, 1.804282641862683498E-72, 18.64362907087305388 ) ) ;
#2566 = CARTESIAN_POINT ( 'NONE',  ( 7.633880607435408194, 27.86887770514757179, 2.000000000000001776 ) ) ;
#2567 = LINE ( 'NONE', #1491, #443 ) ;
#2568 = CARTESIAN_POINT ( 'NONE',  ( 61.50000000000000000, 21.99999999999998579, 8.643629070873043219 ) ) ;
#2569 = ORIENTED_EDGE ( 'NONE', *, *, #1542, .F. ) ;
#2570 = CARTESIAN_POINT ( 'NONE',  ( 7.885329017077571834, -8.893462092132768504, 23.25888428067031910 ) ) ;
#2571 = CARTESIAN_POINT ( 'NONE',  ( 2.407430761710035728E-42, -5.000000000000000000, 11.99999999999999645 ) ) ;
#2572 = CARTESIAN_POINT ( 'NONE',  ( 2.531307431360695581, -5.124939284967567232, 21.51720054584549402 ) ) ;
#2573 = ORIENTED_EDGE ( 'NONE', *, *, #821, .T. ) ;
#2574 = CARTESIAN_POINT ( 'NONE',  ( 9.415128783162026949, -8.968969425885628510, 24.30465772932940993 ) ) ;
#2575 = EDGE_CURVE ( 'NONE', #1056, #2168, #730, .T. ) ;
#2576 = EDGE_LOOP ( 'NONE', ( #141, #2137, #1659, #2471 ) ) ;
#2577 = EDGE_CURVE ( 'NONE', #60, #2688, #1559, .T. ) ;
#2578 = CARTESIAN_POINT ( 'NONE',  ( 10.00000000000002309, 34.49357658058816156, 28.64362907087304322 ) ) ;
#2579 = PLANE ( 'NONE',  #1432 ) ;
#2580 = CARTESIAN_POINT ( 'NONE',  ( 7.389286040294826385, 37.86897857250198030, 19.04428699408745018 ) ) ;
#2581 = CARTESIAN_POINT ( 'NONE',  ( 20.82952340528266788, -6.028096493766125441, 14.00000000000000000 ) ) ;
#2582 = ORIENTED_EDGE ( 'NONE', *, *, #1744, .T. ) ;
#2583 = LINE ( 'NONE', #673, #2767 ) ;
#2584 = CIRCLE ( 'NONE', #117, 2.549999999999996714 ) ;
#2585 = CARTESIAN_POINT ( 'NONE',  ( 3.354092790411963954, -5.165550544524113441, 23.09994475911813439 ) ) ;
#2586 = EDGE_CURVE ( 'NONE', #2267, #1769, #2286, .T. ) ;
#2587 = ORIENTED_EDGE ( 'NONE', *, *, #2675, .T. ) ;
#2588 =( NAMED_UNIT ( * ) SI_UNIT ( $, .STERADIAN. ) SOLID_ANGLE_UNIT ( ) );
#2589 = CARTESIAN_POINT ( 'NONE',  ( 7.592024211525097321, -5.374724535006737192, 26.27287311350203325 ) ) ;
#2590 = VECTOR ( 'NONE', #1117, 1000.000000000000227 ) ;
#2591 = EDGE_LOOP ( 'NONE', ( #211, #671, #525, #1268 ) ) ;
#2592 = CARTESIAN_POINT ( 'NONE',  ( 128.9910702685402271, 38.99999999999995737, -80.95677859203634341 ) ) ;
#2593 = CARTESIAN_POINT ( 'NONE',  ( 7.475617309766925622, 37.87323968178036893, 19.04228239094357278 ) ) ;
#2594 = CARTESIAN_POINT ( 'NONE',  ( 5.890095776720919218, -5.290721333281089400, 25.50937686545622185 ) ) ;
#2595 = AXIS2_PLACEMENT_3D ( 'NONE', #544, #285, #971 ) ;
#2596 = EDGE_CURVE ( 'NONE', #2498, #950, #1840, .T. ) ;
#2597 = DIRECTION ( 'NONE',  ( 1.000000000000000000, 2.891205793294678819E-16, -0.000000000000000000 ) ) ;
#2598 = DIRECTION ( 'NONE',  ( -7.161174186840735016E-31, 1.000000000000000000, -0.000000000000000000 ) ) ;
#2599 = ORIENTED_EDGE ( 'NONE', *, *, #743, .F. ) ;
#2600 = LINE ( 'NONE', #1097, #162 ) ;
#2601 = CARTESIAN_POINT ( 'NONE',  ( 9.490160547778240030, -8.972672818067087164, 18.87415185323029476 ) ) ;
#2602 = ORIENTED_EDGE ( 'NONE', *, *, #2505, .F. ) ;
#2603 = EDGE_LOOP ( 'NONE', ( #1909, #440, #2356, #290, #844 ) ) ;
#2604 = DIRECTION ( 'NONE',  ( -0.000000000000000000, -0.000000000000000000, -1.000000000000000000 ) ) ;
#2605 = CARTESIAN_POINT ( 'NONE',  ( 6.984795950274403253, 34.34475407777354405, 26.61484990698990671 ) ) ;
#2606 = DIRECTION ( 'NONE',  ( -0.9987841318987268346, -0.04929764565683231875, -0.000000000000000000 ) ) ;
#2607 = CARTESIAN_POINT ( 'NONE',  ( 28.32709166908012932, -10.00000000000000000, 12.00000000000000000 ) ) ;
#2608 = EDGE_CURVE ( 'NONE', #1255, #1138, #2737, .T. ) ;
#2609 = CARTESIAN_POINT ( 'NONE',  ( 7.890915434534975681, -5.389477105788842870, 26.36178990803951905 ) ) ;
#2610 = ORIENTED_EDGE ( 'NONE', *, *, #2034, .T. ) ;
#2611 = CARTESIAN_POINT ( 'NONE',  ( 38.29999999999999716, 6.499999999999979572, 88.00000000000001421 ) ) ;
#2612 = CARTESIAN_POINT ( 'NONE',  ( 9.502285144389398752, -8.973271259760721819, 18.89015744160010968 ) ) ;
#2613 = ORIENTED_EDGE ( 'NONE', *, *, #1025, .T. ) ;
#2614 = FACE_OUTER_BOUND ( 'NONE', #2591, .T. ) ;
#2615 = ORIENTED_EDGE ( 'NONE', *, *, #229, .T. ) ;
#2616 = CARTESIAN_POINT ( 'NONE',  ( 101.3014027943036979, -10.00000000000000000, 0.000000000000000000 ) ) ;
#2617 = CARTESIAN_POINT ( 'NONE',  ( 5.976381664043407760, 34.29498287380925348, 26.45837088026338790 ) ) ;
#2618 = CARTESIAN_POINT ( 'NONE',  ( -1.027151774350089639E-41, 33.99999999999995737, 0.000000000000000000 ) ) ;
#2619 = EDGE_CURVE ( 'NONE', #1998, #676, #1676, .T. ) ;
#2620 = LINE ( 'NONE', #2389, #2013 ) ;
#2621 = ORIENTED_EDGE ( 'NONE', *, *, #2714, .T. ) ;
#2622 = CARTESIAN_POINT ( 'NONE',  ( 94.30280558860737017, 6.499999999999979572, 28.64362907087304677 ) ) ;
#2623 = EDGE_CURVE ( 'NONE', #2440, #857, #2311, .T. ) ;
#2624 = CARTESIAN_POINT ( 'NONE',  ( 4.253664017062193992, -5.209950555866288191, 24.21171740552076912 ) ) ;
#2625 = ORIENTED_EDGE ( 'NONE', *, *, #2513, .F. ) ;
#2626 = ORIENTED_EDGE ( 'NONE', *, *, #2668, .F. ) ;
#2627 = DIRECTION ( 'NONE',  ( 0.000000000000000000, 0.000000000000000000, 1.000000000000000000 ) ) ;
#2628 = CIRCLE ( 'NONE', #2103, 2.549999999999996714 ) ;
#2629 = AXIS2_PLACEMENT_3D ( 'NONE', #251, #1118, #44 ) ;
#2630 = CARTESIAN_POINT ( 'NONE',  ( 28.32709166908012932, -10.00000000000000000, 0.000000000000000000 ) ) ;
#2631 = CARTESIAN_POINT ( 'NONE',  ( 7.145581277249494434, 37.85694987614026985, 18.70733137967604520 ) ) ;
#2632 = VECTOR ( 'NONE', #2411, 1000.000000000000000 ) ;
#2633 = CARTESIAN_POINT ( 'NONE',  ( 7.679382627315813892, -5.379036341821894496, 26.29986962576563059 ) ) ;
#2634 = AXIS2_PLACEMENT_3D ( 'NONE', #1149, #317, #528 ) ;
#2635 = ORIENTED_EDGE ( 'NONE', *, *, #1153, .T. ) ;
#2636 = CARTESIAN_POINT ( 'NONE',  ( 0.5620563749170122136, 34.02774178636283153, 22.22380381783581882 ) ) ;
#2637 = CARTESIAN_POINT ( 'NONE',  ( 5.669267246974404983, -8.784082473046789019, 21.43908180860943347 ) ) ;
#2638 = ORIENTED_EDGE ( 'NONE', *, *, #503, .T. ) ;
#2639 = EDGE_CURVE ( 'NONE', #551, #1401, #36, .T. ) ;
#2640 = CARTESIAN_POINT ( 'NONE',  ( 7.511225939071834112, -5.370736521503244987, 26.24718763972700586 ) ) ;
#2641 = ORIENTED_EDGE ( 'NONE', *, *, #517, .T. ) ;
#2642 = DIRECTION ( 'NONE',  ( -1.000000000000000000, 0.000000000000000000, 0.000000000000000000 ) ) ;
#2643 = DIRECTION ( 'NONE',  ( 0.04929764565683240896, 0.9987841318987268346, -0.000000000000000000 ) ) ;
#2644 = CARTESIAN_POINT ( 'NONE',  ( -1.027151774350089639E-41, 33.99999999999995737, 11.99999999999999645 ) ) ;
#2645 = MANIFOLD_SOLID_BREP ( 'Fillet2', #389 ) ;
#2646 = DIRECTION ( 'NONE',  ( 0.000000000000000000, 0.000000000000000000, -1.000000000000000000 ) ) ;
#2647 = ORIENTED_EDGE ( 'NONE', *, *, #988, .T. ) ;
#2648 = CARTESIAN_POINT ( 'NONE',  ( 2.963369408359089352, -5.146264973959750577, 22.45361654891102532 ) ) ;
#2649 = FACE_OUTER_BOUND ( 'NONE', #404, .T. ) ;
#2650 = CARTESIAN_POINT ( 'NONE',  ( 4.356569533493653168, -5.215031960415532630, 24.31558112346180067 ) ) ;
#2651 = CARTESIAN_POINT ( 'NONE',  ( 35.75000000000000711, 6.499999999999979572, 88.00000000000001421 ) ) ;
#2652 = CARTESIAN_POINT ( 'NONE',  ( 7.608769290583853540, -5.375550461082330145, 26.27814121190703034 ) ) ;
#2653 = CARTESIAN_POINT ( 'NONE',  ( 4.939555189670168822, -8.748065594840957360, 19.75619121016112700 ) ) ;
#2654 = EDGE_CURVE ( 'NONE', #1827, #1429, #1942, .T. ) ;
#2655 = ORIENTED_EDGE ( 'NONE', *, *, #1596, .T. ) ;
#2656 = DIRECTION ( 'NONE',  ( -2.242077542919709305E-44, -1.000000000000000000, -0.000000000000000000 ) ) ;
#2657 = ADVANCED_FACE ( 'NONE', ( #403 ), #1275, .F. ) ;
#2658 = CARTESIAN_POINT ( 'NONE',  ( -0.1446782428426041656, 33.99285880714226948, 20.09480711796025787 ) ) ;
#2659 = CARTESIAN_POINT ( 'NONE',  ( 7.140904150867035227, 37.85671902413584888, 2.000000000000001776 ) ) ;
#2660 = EDGE_LOOP ( 'NONE', ( #1762, #1152 ) ) ;
#2661 = CARTESIAN_POINT ( 'NONE',  ( 4.705458729262939066, -5.232250422968848014, 24.64314448169612959 ) ) ;
#2662 = CARTESIAN_POINT ( 'NONE',  ( 0.2438858056929076312, 34.01203763220264875, 21.49023057843296414 ) ) ;
#2663 = UNCERTAINTY_MEASURE_WITH_UNIT (LENGTH_MEASURE( 1.000000000000000082E-05 ), #1759, 'distance_accuracy_value', 'NONE');
#2664 = CARTESIAN_POINT ( 'NONE',  ( 6.423102870901982620, -8.821290034005167868, 22.31824628914168684 ) ) ;
#2665 = CARTESIAN_POINT ( 'NONE',  ( 1.997568263797453447, -5.098595291313667843, 18.64362907087305388 ) ) ;
#2666 = PRODUCT_CONTEXT ( 'NONE', #1146, 'mechanical' ) ;
#2667 = CARTESIAN_POINT ( 'NONE',  ( 6.306339195188090052, 34.31126581518258689, 26.52260952286358275 ) ) ;
#2668 = EDGE_CURVE ( 'NONE', #48, #1813, #203, .T. ) ;
#2669 = CARTESIAN_POINT ( 'NONE',  ( 9.705812614972458618, -8.983316899059335725, 19.02644034803336126 ) ) ;
#2670 = CARTESIAN_POINT ( 'NONE',  ( 4.911151520165757844, -8.746663656233950590, 19.61917369220023133 ) ) ;
#2671 = ORIENTED_EDGE ( 'NONE', *, *, #326, .T. ) ;
#2672 = DIRECTION ( 'NONE',  ( 0.9987841318987268346, -0.04929764565683238120, 0.000000000000000000 ) ) ;
#2673 = VECTOR ( 'NONE', #978, 1000.000000000000000 ) ;
#2674 = CARTESIAN_POINT ( 'NONE',  ( -0.2244833298472616312, 33.98892066310974513, 19.57968645330003810 ) ) ;
#2675 = EDGE_CURVE ( 'NONE', #1495, #1963, #649, .T. ) ;
#2676 = VECTOR ( 'NONE', #2722, 1000.000000000000000 ) ;
#2677 = DIRECTION ( 'NONE',  ( 0.000000000000000000, 0.000000000000000000, 1.000000000000000000 ) ) ;
#2678 = EDGE_LOOP ( 'NONE', ( #2153, #1457, #2534, #486 ) ) ;
#2679 = CARTESIAN_POINT ( 'NONE',  ( 3.751778417421300915, -5.185178996239539373, 23.64415261823690884 ) ) ;
#2680 = VECTOR ( 'NONE', #1884, 1000.000000000000000 ) ;
#2681 = DIRECTION ( 'NONE',  ( 1.000000000000000000, 0.000000000000000000, 0.000000000000000000 ) ) ;
#2682 = VECTOR ( 'NONE', #526, 1000.000000000000000 ) ;
#2683 = CARTESIAN_POINT ( 'NONE',  ( 4.615549335793838637, -5.227813124862142224, 24.56198947444532621 ) ) ;
#2684 = CARTESIAN_POINT ( 'NONE',  ( 28.32709166908012932, -6.398158904403296710, 0.000000000000000000 ) ) ;
#2685 = CARTESIAN_POINT ( 'NONE',  ( 7.382279940321079259, 37.86863276781514998, 19.01828878079873419 ) ) ;
#2686 = CARTESIAN_POINT ( 'NONE',  ( 8.369670762475291070, -8.917368066385726877, 23.43353949774143885 ) ) ;
#2687 = CARTESIAN_POINT ( 'NONE',  ( 2.075629585155484236, -5.102448982959574053, 19.76690847411371976 ) ) ;
#2688 = VERTEX_POINT ( 'NONE', #1535 ) ;
#2689 = CARTESIAN_POINT ( 'NONE',  ( 4.693922969410389889, 34.23168104487856311, 26.05721904215566553 ) ) ;
#2690 = CARTESIAN_POINT ( 'NONE',  ( 128.9910702685402271, 38.99999999999995737, 28.64362907087304322 ) ) ;
#2691 = LINE ( 'NONE', #305, #2327 ) ;
#2692 = CARTESIAN_POINT ( 'NONE',  ( 40.85000000000000142, 22.49999999999997868, 88.00000000000001421 ) ) ;
#2693 = ORIENTED_EDGE ( 'NONE', *, *, #2387, .F. ) ;
#2694 = EDGE_CURVE ( 'NONE', #1309, #2318, #416, .T. ) ;
#2695 = CARTESIAN_POINT ( 'NONE',  ( 2.151546389477761334, -5.106195290989531621, 20.20554646495521212 ) ) ;
#2696 = CARTESIAN_POINT ( 'NONE',  ( 0.3401920781559905627, 34.01679108426781539, 21.73108213213089712 ) ) ;
#2697 = UNCERTAINTY_MEASURE_WITH_UNIT (LENGTH_MEASURE( 1.000000000000000082E-05 ), #311, 'distance_accuracy_value', 'NONE');
#2698 = CARTESIAN_POINT ( 'NONE',  ( 4.462322334284245073, -5.220247970146759897, 24.41893830914779784 ) ) ;
#2699 = DIRECTION ( 'NONE',  ( -0.000000000000000000, -0.000000000000000000, -1.000000000000000000 ) ) ;
#2700 = CARTESIAN_POINT ( 'NONE',  ( 5.991679709454939662, 37.79999599712373026, 23.41097838547908694 ) ) ;
#2701 = CARTESIAN_POINT ( 'NONE',  ( 7.644476005663327633, -5.377313036014344405, 26.28921340452923872 ) ) ;
#2702 = CARTESIAN_POINT ( 'NONE',  ( 2.330251907422772550, -5.115016786897725432, 20.92663287582288945 ) ) ;
#2703 = ORIENTED_EDGE ( 'NONE', *, *, #1223, .F. ) ;
#2704 = CARTESIAN_POINT ( 'NONE',  ( 6.510879053893628310, 34.32136174200438461, 26.55648679433834758 ) ) ;
#2705 = CARTESIAN_POINT ( 'NONE',  ( -1.027151774350089639E-41, 33.99999999999995737, 0.000000000000000000 ) ) ;
#2706 = CARTESIAN_POINT ( 'NONE',  ( 3.323065196809604771, 37.66827943451769301, 21.33881239484407644 ) ) ;
#2707 = EDGE_CURVE ( 'NONE', #1277, #1102, #24, .T. ) ;
#2708 = ORIENTED_EDGE ( 'NONE', *, *, #302, .F. ) ;
#2709 = CARTESIAN_POINT ( 'NONE',  ( 3.577729472317043857, -5.176588347921583733, 23.41863415876183652 ) ) ;
#2710 = CARTESIAN_POINT ( 'NONE',  ( 30.15211817307866937, -9.992498657362508752, 2.000000000000000000 ) ) ;
#2711 = CARTESIAN_POINT ( 'NONE',  ( 9.531643432243839698, -8.974720316093833361, 18.92268080298569899 ) ) ;
#2712 = DIRECTION ( 'NONE',  ( -0.9987841318987269457, -0.04929764565683238120, 0.000000000000000000 ) ) ;
#2713 = CARTESIAN_POINT ( 'NONE',  ( 6.268036286450137773, 34.30937587526670285, 26.51572162492388074 ) ) ;
#2714 = EDGE_CURVE ( 'NONE', #2318, #723, #491, .T. ) ;
#2715 = CARTESIAN_POINT ( 'NONE',  ( 9.684529540765348443, -8.982266416360181083, 19.01944034492198909 ) ) ;
#2716 = CARTESIAN_POINT ( 'NONE',  ( 9.429593090964022650, -8.969683350244155307, 18.74879426833542695 ) ) ;
#2717 = VERTEX_POINT ( 'NONE', #1487 ) ;
#2718 = CARTESIAN_POINT ( 'NONE',  ( 3.530246481337025788, 34.17424469868914372, 25.46966945721752751 ) ) ;
#2719 = LINE ( 'NONE', #362, #2680 ) ;
#2720 = VECTOR ( 'NONE', #1304, 1000.000000000000000 ) ;
#2721 = LINE ( 'NONE', #1405, #301 ) ;
#2722 = DIRECTION ( 'NONE',  ( 0.000000000000000000, 0.000000000000000000, 1.000000000000000000 ) ) ;
#2723 = VECTOR ( 'NONE', #149, 1000.000000000000227 ) ;
#2724 = EDGE_CURVE ( 'NONE', #2168, #478, #10, .T. ) ;
#2725 = VECTOR ( 'NONE', #1620, 1000.000000000000000 ) ;
#2726 = ORIENTED_EDGE ( 'NONE', *, *, #1137, .F. ) ;
#2727 = CARTESIAN_POINT ( 'NONE',  ( 9.593138125363594781, -8.977755550129270290, 18.97325647531064163 ) ) ;
#2728 = DIRECTION ( 'NONE',  ( 0.04929764565683239508, 0.9987841318987269457, -0.000000000000000000 ) ) ;
#2729 = CARTESIAN_POINT ( 'NONE',  ( 7.274477729475047560, 37.86331190315422646, 18.95059525565169523 ) ) ;
#2730 = CIRCLE ( 'NONE', #1435, 2.549999999999996714 ) ;
#2731 = CARTESIAN_POINT ( 'NONE',  ( 5.564729853316200625, -5.274662033289681418, 25.30248317256515733 ) ) ;
#2732 = CARTESIAN_POINT ( 'NONE',  ( 9.747152169283294754, -8.985357322645313616, 19.03661213896965521 ) ) ;
#2733 = CARTESIAN_POINT ( 'NONE',  ( 5.211054073663144770, -8.761466143920438654, 20.59437121373008139 ) ) ;
#2734 = ORIENTED_EDGE ( 'NONE', *, *, #207, .F. ) ;
#2735 = CARTESIAN_POINT ( 'NONE',  ( 7.686879422336021506, 34.37940636606699485, 26.64362907087304677 ) ) ;
#2736 = LINE ( 'NONE', #822, #625 ) ;
#2737 = B_SPLINE_CURVE_WITH_KNOTS ( 'NONE', 3,
 ( #1430, #1204, #2083, #1222, #1631, #2268, #1687, #2535, #2299, #1016, #2748, #1645, #1866, #833, #617, #1001, #1660, #374, #1471, #2494, #1895, #361, #330, #2524, #560, #820, #2718, #2096, #1234, #1189, #2512, #115, #2689, #159, #983, #387, #1029, #1416, #802, #774, #176, #2481, #1853, #344, #2067, #132, #2704, #573, #591, #1445, #1880, #2735 ),
 .UNSPECIFIED., .F., .F.,
 ( 4, 2, 2, 2, 2, 2, 2, 2, 2, 2, 2, 2, 2, 2, 2, 2, 2, 2, 2, 2, 2, 2, 2, 2, 2, 4 ),
 ( 0.000000000000000000, 0.03125000000000026368, 0.06250000000000052736, 0.1250000000000010547, 0.1875000000000015821, 0.2187500000000017764, 0.2265625000000021094, 0.2343750000000024147, 0.2500000000000018319, 0.3125000000000011102, 0.3750000000000003886, 0.4062500000000004441, 0.4375000000000004441, 0.5000000000000000000, 0.5624999999999995559, 0.6249999999999990008, 0.6406249999999987788, 0.6562499999999984457, 0.6874999999999983347, 0.7499999999999984457, 0.8124999999999985567, 0.8281249999999986677, 0.8437499999999987788, 0.8749999999999990008, 0.9374999999999995559, 1.000000000000000000 ),
 .UNSPECIFIED. ) ;
#2738 = DIRECTION ( 'NONE',  ( 1.000000000000000000, 0.000000000000000000, 0.000000000000000000 ) ) ;
#2739 = CYLINDRICAL_SURFACE ( 'NONE', #393, 10.00000000000000000 ) ;
#2740 = CARTESIAN_POINT ( 'NONE',  ( 5.123400783443493367, -5.252879280175926979, 24.98728630274075613 ) ) ;
#2741 = CARTESIAN_POINT ( 'NONE',  ( 27.74020926601026460, 38.87345248225837935, 2.000000000000000000 ) ) ;
#2742 = CARTESIAN_POINT ( 'NONE',  ( 1.933573182362381626, 34.09543705847435291, 24.17548629594840648 ) ) ;
#2743 = CARTESIAN_POINT ( 'NONE',  ( 5.550734087702181796, -5.273971235076238884, 25.29314514403186465 ) ) ;
#2744 = CARTESIAN_POINT ( 'NONE',  ( 9.278705498012676856, -8.962235892025965711, 23.62068222043222221 ) ) ;
#2745 = CARTESIAN_POINT ( 'NONE',  ( 5.419082562275463921, -8.771733942927866678, 21.02619773765387023 ) ) ;
#2746 = ADVANCED_FACE ( 'NONE', ( #1732 ), #661, .F. ) ;
#2747 = VERTEX_POINT ( 'NONE', #446 ) ;
#2748 = CARTESIAN_POINT ( 'NONE',  ( 1.933572707721018746, 34.09543662053953028, 24.17548629406820382 ) ) ;
#2749 = DIRECTION ( 'NONE',  ( -1.000000000000000000, 0.000000000000000000, -0.000000000000000000 ) ) ;
#2750 = LINE ( 'NONE', #621, #760 ) ;
#2751 = DIRECTION ( 'NONE',  ( -3.251012437233575605E-43, 1.000000000000000000, 0.000000000000000000 ) ) ;
#2752 = EDGE_LOOP ( 'NONE', ( #1321, #1004, #2480, #88, #1326, #2272, #2493, #1774, #1162 ) ) ;
#2753 = CARTESIAN_POINT ( 'NONE',  ( 7.251954305855222493, -8.862200199713161197, 22.93942988849360631 ) ) ;
#2754 = DIRECTION ( 'NONE',  ( -3.251012437233575605E-43, 1.000000000000000000, 0.000000000000000000 ) ) ;
#2755 = CARTESIAN_POINT ( 'NONE',  ( 7.215721882852219160, 37.86041185216765825, 18.88390791922010337 ) ) ;
#2756 = CARTESIAN_POINT ( 'NONE',  ( 8.451125208682784162, -5.417127642281405642, 26.49241045987676557 ) ) ;
#2757 = CARTESIAN_POINT ( 'NONE',  ( 2.352115699981966568, -5.116093912374252817, 20.99880342343102058 ) ) ;
#2758 = VERTEX_POINT ( 'NONE', #1308 ) ;
#2759 = DIRECTION ( 'NONE',  ( -0.000000000000000000, -0.000000000000000000, -1.000000000000000000 ) ) ;
#2760 = ORIENTED_EDGE ( 'NONE', *, *, #2402, .T. ) ;
#2761 = FACE_OUTER_BOUND ( 'NONE', #2382, .T. ) ;
#2762 = CARTESIAN_POINT ( 'NONE',  ( 28.30000000000001847, 2.026612294875929794E-29, 11.99999999999999645 ) ) ;
#2763 = FACE_OUTER_BOUND ( 'NONE', #2298, .T. ) ;
#2764 = FACE_OUTER_BOUND ( 'NONE', #320, .T. ) ;
#2765 = ADVANCED_FACE ( 'NONE', ( #2167 ), #1320, .F. ) ;
#2766 = CARTESIAN_POINT ( 'NONE',  ( 6.252720443153781282, -5.308619955459755957, 25.71377670740982424 ) ) ;
#2767 = VECTOR ( 'NONE', #1531, 1000.000000000000114 ) ;
#2768 = LINE ( 'NONE', #2518, #575 ) ;
#2769 = CARTESIAN_POINT ( 'NONE',  ( 4.438667837854546327, 37.72334296820400112, 22.57952579063028509 ) ) ;
#2770 = CIRCLE ( 'NONE', #1925, 2.549999999999996714 ) ;
#2771 = CARTESIAN_POINT ( 'NONE',  ( 8.742429402514730441, -8.935766559879258608, 23.53140570322172920 ) ) ;
#2772 = CARTESIAN_POINT ( 'NONE',  ( 9.458903265533853855, -8.971130031818221440, 18.82325170926448266 ) ) ;
#2773 = EDGE_LOOP ( 'NONE', ( #1410, #1488 ) ) ;
#2774 = CARTESIAN_POINT ( 'NONE',  ( 128.9910702685402271, -10.00000000000000000, -80.95677859203634341 ) ) ;
#2775 = AXIS2_PLACEMENT_3D ( 'NONE', #1666, #2515, #595 ) ;
#2776 = CIRCLE ( 'NONE', #1305, 10.00000000000000178 ) ;
#2777 = EDGE_LOOP ( 'NONE', ( #1758, #1145 ) ) ;
#2778 = CARTESIAN_POINT ( 'NONE',  ( 1.997568263797453891, -5.098595291313665179, 18.64362907087316401 ) ) ;
#2779 = DIRECTION ( 'NONE',  ( -0.5358908935945012608, -0.02645031948290971907, -0.8438728166979541090 ) ) ;
ENDSEC;
END-ISO-10303-21;
