ISO-10303-21;
HEADER;
FILE_DESCRIPTION (( 'STEP AP214' ),
    '1' );
FILE_NAME ('5. Bottom Motor Mount.STEP',
    '2026-06-02T07:39:15',
    ( '' ),
    ( '' ),
    'SwSTEP 2.0',
    'SolidWorks 2026',
    '' );
FILE_SCHEMA (( 'AUTOMOTIVE_DESIGN' ));
ENDSEC;

DATA;
#1 = DIRECTION ( 'NONE',  ( 0.000000000000000000, 0.000000000000000000, -1.000000000000000000 ) ) ;
#2 = EDGE_CURVE ( 'NONE', #361, #231, #1797, .T. ) ;
#3 = CARTESIAN_POINT ( 'NONE',  ( -11.00000000000000178, -10.99999999999991651, 0.000000000000000000 ) ) ;
#4 = ORIENTED_EDGE ( 'NONE', *, *, #919, .F. ) ;
#5 = EDGE_CURVE ( 'NONE', #180, #1051, #1086, .T. ) ;
#6 = ORIENTED_EDGE ( 'NONE', *, *, #1455, .F. ) ;
#7 = DIRECTION ( 'NONE',  ( 1.000000000000000000, 0.000000000000000000, 0.000000000000000000 ) ) ;
#8 = CYLINDRICAL_SURFACE ( 'NONE', #151, 1.250000000000000000 ) ;
#9 = DIRECTION ( 'NONE',  ( 0.000000000000000000, 0.000000000000000000, -1.000000000000000000 ) ) ;
#10 = CARTESIAN_POINT ( 'NONE',  ( -8.000000000000000000, -10.99999999999991651, 0.000000000000000000 ) ) ;
#11 = DIRECTION ( 'NONE',  ( -1.000000000000000000, 0.000000000000000000, 0.000000000000000000 ) ) ;
#12 = EDGE_LOOP ( 'NONE', ( #1080, #1362 ) ) ;
#13 = VECTOR ( 'NONE', #1856, 1000.000000000000000 ) ;
#14 = ORIENTED_EDGE ( 'NONE', *, *, #1186, .F. ) ;
#15 = CARTESIAN_POINT ( 'NONE',  ( -19.49999999999996092, 3.499999999999899192, -2.000000000000000000 ) ) ;
#16 = DIRECTION ( 'NONE',  ( 0.000000000000000000, 0.000000000000000000, 1.000000000000000000 ) ) ;
#17 = DIRECTION ( 'NONE',  ( -1.000000000000000000, 0.000000000000000000, 0.000000000000000000 ) ) ;
#18 = CIRCLE ( 'NONE', #607, 2.499999999999999112 ) ;
#19 = DIRECTION ( 'NONE',  ( 0.000000000000000000, 0.000000000000000000, 1.000000000000000000 ) ) ;
#20 = ADVANCED_FACE ( 'NONE', ( #388 ), #1622, .F. ) ;
#21 = FACE_BOUND ( 'NONE', #567, .T. ) ;
#22 = EDGE_LOOP ( 'NONE', ( #992, #1352, #980, #1759 ) ) ;
#23 = VECTOR ( 'NONE', #422, 1000.000000000000000 ) ;
#24 = ORIENTED_EDGE ( 'NONE', *, *, #1929, .F. ) ;
#25 = EDGE_CURVE ( 'NONE', #231, #1889, #1593, .T. ) ;
#26 =( LENGTH_UNIT ( ) NAMED_UNIT ( * ) SI_UNIT ( .MILLI., .METRE. ) );
#27 = CIRCLE ( 'NONE', #1928, 2.999999999999999112 ) ;
#28 = CARTESIAN_POINT ( 'NONE',  ( -3.000000000000055511, -19.00000000000000000, 0.000000000000000000 ) ) ;
#29 = FACE_OUTER_BOUND ( 'NONE', #1843, .T. ) ;
#30 = CIRCLE ( 'NONE', #1559, 1.249999999999999334 ) ;
#31 = LINE ( 'NONE', #1085, #1244 ) ;
#32 = DIRECTION ( 'NONE',  ( 1.000000000000000000, -7.888609052210118054E-31, -9.869695000471881156E-31 ) ) ;
#33 = EDGE_CURVE ( 'NONE', #1721, #1864, #1316, .T. ) ;
#34 = ORIENTED_EDGE ( 'NONE', *, *, #33, .T. ) ;
#35 = ORIENTED_EDGE ( 'NONE', *, *, #313, .F. ) ;
#36 = CARTESIAN_POINT ( 'NONE',  ( -5.586370142149010844E-14, -19.00000000000000000, 0.000000000000000000 ) ) ;
#37 = CARTESIAN_POINT ( 'NONE',  ( 4.049999999999998934, -11.00000000000000000, 2.000000000000000000 ) ) ;
#38 = CARTESIAN_POINT ( 'NONE',  ( 0.000000000000000000, -3.000000000000000000, 2.000000000000000000 ) ) ;
#39 = DIRECTION ( 'NONE',  ( 0.000000000000000000, 0.000000000000000000, 1.000000000000000000 ) ) ;
#40 = CARTESIAN_POINT ( 'NONE',  ( -3.000000000000055511, -19.00000000000000000, 0.000000000000000000 ) ) ;
#41 = ORIENTED_EDGE ( 'NONE', *, *, #768, .F. ) ;
#42 = EDGE_LOOP ( 'NONE', ( #124, #1222, #399, #530 ) ) ;
#43 = CYLINDRICAL_SURFACE ( 'NONE', #44, 2.500000000000001776 ) ;
#44 = AXIS2_PLACEMENT_3D ( 'NONE', #812, #1845, #1247 ) ;
#45 = DIRECTION ( 'NONE',  ( 1.000000000000000000, 0.000000000000000000, 0.000000000000000000 ) ) ;
#46 = EDGE_LOOP ( 'NONE', ( #1634, #830 ) ) ;
#47 = LINE ( 'NONE', #946, #1546 ) ;
#48 = AXIS2_PLACEMENT_3D ( 'NONE', #785, #671, #202 ) ;
#49 = FACE_OUTER_BOUND ( 'NONE', #903, .T. ) ;
#50 = EDGE_LOOP ( 'NONE', ( #1021, #1784, #436, #850 ) ) ;
#51 = ADVANCED_FACE ( 'NONE', ( #1910 ), #570, .F. ) ;
#52 = EDGE_LOOP ( 'NONE', ( #1271, #238, #1285, #1732, #986, #1605, #510, #789, #69, #1202 ) ) ;
#53 = EDGE_CURVE ( 'NONE', #400, #941, #583, .T. ) ;
#54 = CARTESIAN_POINT ( 'NONE',  ( -19.49999999999996092, -3.000000000000099920, 5.000000000000101252 ) ) ;
#55 = CARTESIAN_POINT ( 'NONE',  ( 2.999999999999943601, -19.00000000000000000, 0.000000000000000000 ) ) ;
#56 = ORIENTED_EDGE ( 'NONE', *, *, #504, .F. ) ;
#57 = DIRECTION ( 'NONE',  ( 0.000000000000000000, 0.000000000000000000, 1.000000000000000000 ) ) ;
#58 = AXIS2_PLACEMENT_3D ( 'NONE', #1774, #1304, #872 ) ;
#59 = AXIS2_PLACEMENT_3D ( 'NONE', #770, #32, #1370 ) ;
#60 = CARTESIAN_POINT ( 'NONE',  ( 0.000000000000000000, -19.00000000000000000, -2.000000000000000000 ) ) ;
#61 = EDGE_LOOP ( 'NONE', ( #1361, #485, #691, #1166 ) ) ;
#62 = ORIENTED_EDGE ( 'NONE', *, *, #1320, .T. ) ;
#63 = DIRECTION ( 'NONE',  ( 0.000000000000000000, 0.000000000000000000, 1.000000000000000000 ) ) ;
#64 = CARTESIAN_POINT ( 'NONE',  ( -14.00000000000018829, -22.24999999999989342, 4.000000000000102141 ) ) ;
#65 = EDGE_CURVE ( 'NONE', #535, #977, #1926, .T. ) ;
#66 = ORIENTED_EDGE ( 'NONE', *, *, #973, .F. ) ;
#67 = LINE ( 'NONE', #1114, #762 ) ;
#68 = CARTESIAN_POINT ( 'NONE',  ( 8.000000000000000000, -11.00000000000002665, 0.000000000000000000 ) ) ;
#69 = ORIENTED_EDGE ( 'NONE', *, *, #2, .T. ) ;
#70 = FACE_OUTER_BOUND ( 'NONE', #444, .T. ) ;
#71 = ORIENTED_EDGE ( 'NONE', *, *, #566, .F. ) ;
#72 = DIRECTION ( 'NONE',  ( -1.000000000000000000, -0.000000000000000000, -0.000000000000000000 ) ) ;
#73 = PLANE ( 'NONE',  #169 ) ;
#74 = ORIENTED_EDGE ( 'NONE', *, *, #390, .F. ) ;
#75 = DIRECTION ( 'NONE',  ( -3.155443620884047222E-30, -1.000000000000000000, -2.820688578824082862E-16 ) ) ;
#76 = ADVANCED_FACE ( 'NONE', ( #609 ), #1195, .F. ) ;
#77 = AXIS2_PLACEMENT_3D ( 'NONE', #730, #1324, #579 ) ;
#78 = EDGE_CURVE ( 'NONE', #1793, #796, #747, .T. ) ;
#79 = CARTESIAN_POINT ( 'NONE',  ( -3.299532720483756787, -22.49999999999989342, 5.000000000000101252 ) ) ;
#80 = EDGE_LOOP ( 'NONE', ( #339, #1776, #1011, #1351 ) ) ;
#81 = AXIS2_PLACEMENT_3D ( 'NONE', #1365, #1659, #1651 ) ;
#82 = FILL_AREA_STYLE ('',( #1438 ) ) ;
#83 = CIRCLE ( 'NONE', #758, 2.999999999999999556 ) ;
#84 = VERTEX_POINT ( 'NONE', #619 ) ;
#85 = PRODUCT_CONTEXT ( 'NONE', #179, 'mechanical' ) ;
#86 = CARTESIAN_POINT ( 'NONE',  ( -14.00000000000018829, -3.000000000000099920, 5.000000000000100364 ) ) ;
#87 = DIRECTION ( 'NONE',  ( 0.000000000000000000, -1.000000000000000000, 0.000000000000000000 ) ) ;
#88 = CARTESIAN_POINT ( 'NONE',  ( 13.99999999999981171, -22.25000000000010303, 5.250000000000082601 ) ) ;
#89 = DIRECTION ( 'NONE',  ( -0.000000000000000000, -0.000000000000000000, 1.000000000000000000 ) ) ;
#90 = AXIS2_PLACEMENT_3D ( 'NONE', #1147, #1131, #1853 ) ;
#91 = ADVANCED_FACE ( 'NONE', ( #913 ), #440, .F. ) ;
#92 = CARTESIAN_POINT ( 'NONE',  ( -3.000000000000000444, -2.999999999999999556, 2.000000000000000000 ) ) ;
#93 = EDGE_LOOP ( 'NONE', ( #1749, #892, #1159, #774 ) ) ;
#94 = CIRCLE ( 'NONE', #123, 3.499999999999996003 ) ;
#95 = DIRECTION ( 'NONE',  ( 1.000000000000000000, -0.000000000000000000, -0.000000000000000000 ) ) ;
#96 = VERTEX_POINT ( 'NONE', #1507 ) ;
#97 = ORIENTED_EDGE ( 'NONE', *, *, #973, .T. ) ;
#98 = CARTESIAN_POINT ( 'NONE',  ( -3.299532720483756787, -3.000000000000099920, 1.999999999999997780 ) ) ;
#99 = ORIENTED_EDGE ( 'NONE', *, *, #895, .F. ) ;
#100 = DIRECTION ( 'NONE',  ( -1.000000000000000000, 0.000000000000000000, 0.000000000000000000 ) ) ;
#101 = DIRECTION ( 'NONE',  ( 1.000000000000000000, 0.000000000000000000, 0.000000000000000000 ) ) ;
#102 = SURFACE_STYLE_USAGE ( .BOTH. , #375 ) ;
#103 = VERTEX_POINT ( 'NONE', #315 ) ;
#104 = DIRECTION ( 'NONE',  ( 1.000000000000000000, 0.000000000000000000, 0.000000000000000000 ) ) ;
#105 = ORIENTED_EDGE ( 'NONE', *, *, #175, .T. ) ;
#106 = FACE_OUTER_BOUND ( 'NONE', #1249, .T. ) ;
#107 = CARTESIAN_POINT ( 'NONE',  ( 13.99999999999981171, 0.4999999999998980815, 5.000000000000101252 ) ) ;
#108 = AXIS2_PLACEMENT_3D ( 'NONE', #1706, #1564, #220 ) ;
#109 = CARTESIAN_POINT ( 'NONE',  ( 19.49999999999996092, -18.99999999999990052, 5.000000000000101252 ) ) ;
#110 = ORIENTED_EDGE ( 'NONE', *, *, #357, .T. ) ;
#111 = VECTOR ( 'NONE', #1386, 1000.000000000000000 ) ;
#112 = VERTEX_POINT ( 'NONE', #468 ) ;
#113 = EDGE_CURVE ( 'NONE', #1287, #902, #1336, .T. ) ;
#114 = CARTESIAN_POINT ( 'NONE',  ( -16.22002647252318042, -22.25000000000010303, 5.250000000000082601 ) ) ;
#115 = DIRECTION ( 'NONE',  ( -1.000000000000000000, 0.000000000000000000, 0.000000000000000000 ) ) ;
#116 = EDGE_CURVE ( 'NONE', #1149, #670, #1555, .T. ) ;
#117 = DIRECTION ( 'NONE',  ( -1.000000000000000000, 0.000000000000000000, -0.000000000000000000 ) ) ;
#118 = DIRECTION ( 'NONE',  ( 0.000000000000000000, 0.000000000000000000, 1.000000000000000000 ) ) ;
#119 = VECTOR ( 'NONE', #398, 1000.000000000000000 ) ;
#120 = DIRECTION ( 'NONE',  ( 0.000000000000000000, 0.000000000000000000, 1.000000000000000000 ) ) ;
#121 = VECTOR ( 'NONE', #1286, 1000.000000000000000 ) ;
#122 = EDGE_LOOP ( 'NONE', ( #1396, #1675, #374, #35 ) ) ;
#123 = AXIS2_PLACEMENT_3D ( 'NONE', #483, #1654, #750 ) ;
#124 = ORIENTED_EDGE ( 'NONE', *, *, #687, .T. ) ;
#125 = DIRECTION ( 'NONE',  ( -1.000000000000000000, 0.000000000000000000, 0.000000000000000000 ) ) ;
#126 = DIRECTION ( 'NONE',  ( 1.000000000000000000, 0.000000000000000000, 0.000000000000000000 ) ) ;
#127 = DIRECTION ( 'NONE',  ( 0.000000000000000000, 1.000000000000000000, -0.000000000000000000 ) ) ;
#128 = ADVANCED_FACE ( 'NONE', ( #172 ), #8, .F. ) ;
#129 = DIRECTION ( 'NONE',  ( 0.000000000000000000, 0.000000000000000000, 1.000000000000000000 ) ) ;
#130 = DIRECTION ( 'NONE',  ( -1.000000000000000000, 0.000000000000000000, 0.000000000000000000 ) ) ;
#131 = ORIENTED_EDGE ( 'NONE', *, *, #65, .T. ) ;
#132 = VERTEX_POINT ( 'NONE', #28 ) ;
#133 = PLANE ( 'NONE',  #77 ) ;
#134 = DIRECTION ( 'NONE',  ( 0.000000000000000000, -0.000000000000000000, -1.000000000000000000 ) ) ;
#135 = CYLINDRICAL_SURFACE ( 'NONE', #672, 1.250000000000000000 ) ;
#136 = EDGE_CURVE ( 'NONE', #1619, #247, #1277, .T. ) ;
#137 = CARTESIAN_POINT ( 'NONE',  ( -16.22002647252318042, -18.99999999999990052, 2.000000000000000000 ) ) ;
#138 = EDGE_CURVE ( 'NONE', #670, #1149, #1210, .T. ) ;
#139 = DIRECTION ( 'NONE',  ( -1.000000000000000000, 0.000000000000000000, 0.000000000000000000 ) ) ;
#140 = ORIENTED_EDGE ( 'NONE', *, *, #1032, .F. ) ;
#141 = AXIS2_PLACEMENT_3D ( 'NONE', #350, #87, #1248 ) ;
#142 = VERTEX_POINT ( 'NONE', #1668 ) ;
#143 = CARTESIAN_POINT ( 'NONE',  ( -14.00000000000018829, -18.99999999999990052, 2.000000000000000000 ) ) ;
#144 = DIRECTION ( 'NONE',  ( 1.000000000000000000, -7.888609052210118054E-31, -9.869695000471881156E-31 ) ) ;
#145 = ADVANCED_FACE ( 'NONE', ( #1053 ), #1043, .T. ) ;
#146 = LINE ( 'NONE', #316, #1854 ) ;
#147 = FACE_BOUND ( 'NONE', #376, .T. ) ;
#148 = EDGE_CURVE ( 'NONE', #539, #1345, #1209, .T. ) ;
#149 = CARTESIAN_POINT ( 'NONE',  ( -14.49999999999996092, 0.2499999999998961386, 5.250000000000102141 ) ) ;
#150 = VERTEX_POINT ( 'NONE', #1809 ) ;
#151 = AXIS2_PLACEMENT_3D ( 'NONE', #1364, #1771, #1630 ) ;
#152 = EDGE_LOOP ( 'NONE', ( #246, #1252, #62, #1646, #1497, #1418 ) ) ;
#153 = VECTOR ( 'NONE', #1661, 1000.000000000000000 ) ;
#154 = CARTESIAN_POINT ( 'NONE',  ( -14.00000000000018829, 1.299999999999898570, 2.000000000000105693 ) ) ;
#155 = CARTESIAN_POINT ( 'NONE',  ( 8.000000000000000000, -11.00000000000002665, 0.000000000000000000 ) ) ;
#156 = FACE_OUTER_BOUND ( 'NONE', #50, .T. ) ;
#157 = FACE_OUTER_BOUND ( 'NONE', #1657, .T. ) ;
#158 = LINE ( 'NONE', #613, #617 ) ;
#159 = VERTEX_POINT ( 'NONE', #1206 ) ;
#160 = EDGE_LOOP ( 'NONE', ( #1152, #505 ) ) ;
#161 = CYLINDRICAL_SURFACE ( 'NONE', #1390, 2.999999999999999556 ) ;
#162 = DIRECTION ( 'NONE',  ( 9.869695000471881156E-31, -0.000000000000000000, 1.000000000000000000 ) ) ;
#163 = CARTESIAN_POINT ( 'NONE',  ( -19.49999999999996092, -18.99999999999990052, 5.000000000000101252 ) ) ;
#164 = EDGE_CURVE ( 'NONE', #1627, #1793, #1709, .T. ) ;
#165 = CARTESIAN_POINT ( 'NONE',  ( -3.299532720483756787, 0.4999999999998963607, 8.500000000000097700 ) ) ;
#166 = FACE_OUTER_BOUND ( 'NONE', #1474, .T. ) ;
#167 = ADVANCED_FACE ( 'NONE', ( #1779 ), #1638, .T. ) ;
#168 = ORIENTED_EDGE ( 'NONE', *, *, #1623, .F. ) ;
#169 = AXIS2_PLACEMENT_3D ( 'NONE', #1256, #1723, #230 ) ;
#170 = ORIENTED_EDGE ( 'NONE', *, *, #1534, .T. ) ;
#171 = LINE ( 'NONE', #1373, #1789 ) ;
#172 = FACE_OUTER_BOUND ( 'NONE', #1134, .T. ) ;
#173 = CARTESIAN_POINT ( 'NONE',  ( -16.22002647252318042, 0.4999999999998963607, 5.000000000000101252 ) ) ;
#174 = VECTOR ( 'NONE', #1772, 1000.000000000000114 ) ;
#175 = EDGE_CURVE ( 'NONE', #96, #274, #297, .T. ) ;
#176 = CIRCLE ( 'NONE', #1172, 2.499999999999999112 ) ;
#177 = CARTESIAN_POINT ( 'NONE',  ( -5.586370142149010844E-14, -19.00000000000000000, 0.000000000000000000 ) ) ;
#178 = DIRECTION ( 'NONE',  ( 0.000000000000000000, 0.000000000000000000, 1.000000000000000000 ) ) ;
#179 = APPLICATION_CONTEXT ( 'automotive_design' ) ;
#180 = VERTEX_POINT ( 'NONE', #305 ) ;
#181 = AXIS2_PLACEMENT_3D ( 'NONE', #1354, #287, #1189 ) ;
#182 = ORIENTED_EDGE ( 'NONE', *, *, #743, .T. ) ;
#183 = DIRECTION ( 'NONE',  ( -1.000000000000000000, 0.000000000000000000, 0.000000000000000000 ) ) ;
#184 = DIRECTION ( 'NONE',  ( 0.000000000000000000, 0.000000000000000000, 1.000000000000000000 ) ) ;
#185 = PLANE ( 'NONE',  #890 ) ;
#186 = AXIS2_PLACEMENT_3D ( 'NONE', #394, #269, #557 ) ;
#187 = CARTESIAN_POINT ( 'NONE',  ( -3.299532720483756787, -18.99999999999990052, 5.000000000000101252 ) ) ;
#188 = DIRECTION ( 'NONE',  ( 0.000000000000000000, 1.000000000000000000, 0.000000000000000000 ) ) ;
#189 = ORIENTED_EDGE ( 'NONE', *, *, #1155, .T. ) ;
#190 = ORIENTED_EDGE ( 'NONE', *, *, #760, .T. ) ;
#191 = DIRECTION ( 'NONE',  ( 0.000000000000000000, 0.000000000000000000, 1.000000000000000000 ) ) ;
#192 = ORIENTED_EDGE ( 'NONE', *, *, #1467, .F. ) ;
#193 = FACE_OUTER_BOUND ( 'NONE', #1193, .T. ) ;
#194 = EDGE_CURVE ( 'NONE', #408, #1457, #905, .T. ) ;
#195 = DIRECTION ( 'NONE',  ( 1.000000000000000000, 0.000000000000000000, 0.000000000000000000 ) ) ;
#196 = ORIENTED_EDGE ( 'NONE', *, *, #851, .F. ) ;
#197 = VERTEX_POINT ( 'NONE', #366 ) ;
#198 = FACE_OUTER_BOUND ( 'NONE', #52, .T. ) ;
#199 = VECTOR ( 'NONE', #256, 1000.000000000000000 ) ;
#200 = DIRECTION ( 'NONE',  ( -7.888609052210118054E-31, -1.000000000000000000, 0.000000000000000000 ) ) ;
#201 = ORIENTED_EDGE ( 'NONE', *, *, #1561, .T. ) ;
#202 = DIRECTION ( 'NONE',  ( 0.000000000000000000, 0.000000000000000000, -1.000000000000000000 ) ) ;
#203 = AXIS2_PLACEMENT_3D ( 'NONE', #1188, #1216, #1666 ) ;
#204 = CIRCLE ( 'NONE', #295, 2.499999999999998224 ) ;
#205 = DIRECTION ( 'NONE',  ( 0.000000000000000000, 0.000000000000000000, -1.000000000000000000 ) ) ;
#206 = ORIENTED_EDGE ( 'NONE', *, *, #1758, .T. ) ;
#207 = ORIENTED_EDGE ( 'NONE', *, *, #454, .F. ) ;
#208 = FACE_BOUND ( 'NONE', #46, .T. ) ;
#209 = DIRECTION ( 'NONE',  ( -0.000000000000000000, -0.000000000000000000, 1.000000000000000000 ) ) ;
#210 = ORIENTED_EDGE ( 'NONE', *, *, #116, .T. ) ;
#211 = VECTOR ( 'NONE', #1904, 1000.000000000000000 ) ;
#212 = CARTESIAN_POINT ( 'NONE',  ( 13.99999999999981171, -3.000000000000099920, 2.000000000000000000 ) ) ;
#213 = VECTOR ( 'NONE', #195, 1000.000000000000000 ) ;
#214 = FACE_BOUND ( 'NONE', #1712, .T. ) ;
#215 = EDGE_LOOP ( 'NONE', ( #196, #1225, #1552, #1586 ) ) ;
#216 = DIRECTION ( 'NONE',  ( -1.000000000000000000, 0.000000000000000000, 0.000000000000000000 ) ) ;
#217 = VERTEX_POINT ( 'NONE', #1517 ) ;
#218 = EDGE_CURVE ( 'NONE', #1381, #96, #529, .T. ) ;
#219 = LINE ( 'NONE', #1531, #821 ) ;
#220 = DIRECTION ( 'NONE',  ( 0.000000000000000000, 0.000000000000000000, 1.000000000000000000 ) ) ;
#221 = EDGE_LOOP ( 'NONE', ( #960, #1473 ) ) ;
#222 = EDGE_CURVE ( 'NONE', #1828, #1775, #27, .T. ) ;
#223 = CARTESIAN_POINT ( 'NONE',  ( -14.49999999999996092, -22.25000000000011013, 5.250000000000102141 ) ) ;
#224 = DIRECTION ( 'NONE',  ( -7.888609052210095283E-31, -1.000000000000000000, 2.312964634635740689E-15 ) ) ;
#225 = ORIENTED_EDGE ( 'NONE', *, *, #1022, .T. ) ;
#226 = EDGE_CURVE ( 'NONE', #319, #806, #1120, .T. ) ;
#227 = DIRECTION ( 'NONE',  ( 0.000000000000000000, 0.000000000000000000, 1.000000000000000000 ) ) ;
#228 = ORIENTED_EDGE ( 'NONE', *, *, #1240, .T. ) ;
#229 = DIRECTION ( 'NONE',  ( 1.000000000000000000, 0.000000000000000000, 0.000000000000000000 ) ) ;
#230 = DIRECTION ( 'NONE',  ( 0.000000000000000000, -1.000000000000000000, -2.312964634635740689E-15 ) ) ;
#231 = VERTEX_POINT ( 'NONE', #1082 ) ;
#232 = DIRECTION ( 'NONE',  ( -1.000000000000000000, 0.000000000000000000, 0.000000000000000000 ) ) ;
#233 = AXIS2_PLACEMENT_3D ( 'NONE', #813, #209, #45 ) ;
#234 = AXIS2_PLACEMENT_3D ( 'NONE', #765, #1205, #1796 ) ;
#235 = PLANE ( 'NONE',  #1829 ) ;
#236 = ORIENTED_EDGE ( 'NONE', *, *, #1183, .F. ) ;
#237 = CIRCLE ( 'NONE', #1329, 3.000000000000000888 ) ;
#238 = ORIENTED_EDGE ( 'NONE', *, *, #832, .F. ) ;
#239 = CARTESIAN_POINT ( 'NONE',  ( 0.000000000000000000, -19.00000000000000000, -2.000000000000000000 ) ) ;
#240 = ORIENTED_EDGE ( 'NONE', *, *, #1667, .F. ) ;
#241 = CARTESIAN_POINT ( 'NONE',  ( 9.250000000000000000, -11.00000000000000000, 0.000000000000000000 ) ) ;
#242 = LINE ( 'NONE', #1436, #1800 ) ;
#243 = VERTEX_POINT ( 'NONE', #549 ) ;
#244 = AXIS2_PLACEMENT_3D ( 'NONE', #1068, #1525, #1228 ) ;
#245 = CARTESIAN_POINT ( 'NONE',  ( -3.299532720483756787, -25.49999999999989697, 8.500000000000104805 ) ) ;
#246 = ORIENTED_EDGE ( 'NONE', *, *, #1608, .T. ) ;
#247 = VERTEX_POINT ( 'NONE', #688 ) ;
#248 = FACE_OUTER_BOUND ( 'NONE', #559, .T. ) ;
#249 = CARTESIAN_POINT ( 'NONE',  ( -14.00000000000018829, -18.99999999999990052, 1.999999999999997780 ) ) ;
#250 = LINE ( 'NONE', #846, #174 ) ;
#251 = FACE_BOUND ( 'NONE', #367, .T. ) ;
#252 = EDGE_CURVE ( 'NONE', #1915, #1100, #1420, .T. ) ;
#253 = CARTESIAN_POINT ( 'NONE',  ( -18.96273862543355193, 3.499999999999899192, 4.200000000000092548 ) ) ;
#254 = VERTEX_POINT ( 'NONE', #1374 ) ;
#255 = VERTEX_POINT ( 'NONE', #37 ) ;
#256 = DIRECTION ( 'NONE',  ( 1.000000000000000000, 0.000000000000000000, 0.000000000000000000 ) ) ;
#257 = VERTEX_POINT ( 'NONE', #935 ) ;
#258 = PLANE ( 'NONE',  #547 ) ;
#259 = CARTESIAN_POINT ( 'NONE',  ( -14.49999999999996092, 0.2499999999998961386, 5.250000000000102141 ) ) ;
#260 = CIRCLE ( 'NONE', #108, 1.250000000000000222 ) ;
#261 = FACE_OUTER_BOUND ( 'NONE', #787, .T. ) ;
#262 = ORIENTED_EDGE ( 'NONE', *, *, #218, .F. ) ;
#263 = VECTOR ( 'NONE', #1788, 1000.000000000000000 ) ;
#264 = ADVANCED_FACE ( 'NONE', ( #629, #1867, #1224 ), #1587, .F. ) ;
#265 = ORIENTED_EDGE ( 'NONE', *, *, #116, .F. ) ;
#266 = FACE_OUTER_BOUND ( 'NONE', #1725, .T. ) ;
#267 = DIRECTION ( 'NONE',  ( 7.888609052210112799E-31, 1.000000000000000000, -5.622914353474954473E-16 ) ) ;
#268 = LINE ( 'NONE', #562, #639 ) ;
#269 = DIRECTION ( 'NONE',  ( 0.000000000000000000, 0.000000000000000000, 1.000000000000000000 ) ) ;
#270 = CIRCLE ( 'NONE', #1520, 3.499999999999996003 ) ;
#271 = PRESENTATION_LAYER_ASSIGNMENT (  '', '', ( #1618 ) ) ;
#272 = DIRECTION ( 'NONE',  ( 0.000000000000000000, 0.7071067811865497932, 0.7071067811865453523 ) ) ;
#273 = AXIS2_PLACEMENT_3D ( 'NONE', #345, #663, #354 ) ;
#274 = VERTEX_POINT ( 'NONE', #518 ) ;
#275 = EDGE_LOOP ( 'NONE', ( #1323, #1819, #1844, #446 ) ) ;
#276 = EDGE_CURVE ( 'NONE', #1568, #1601, #1739, .T. ) ;
#277 = DIRECTION ( 'NONE',  ( -1.000000000000000000, 0.000000000000000000, 0.000000000000000000 ) ) ;
#278 = DIRECTION ( 'NONE',  ( 0.000000000000000000, 0.000000000000000000, -1.000000000000000000 ) ) ;
#279 = CARTESIAN_POINT ( 'NONE',  ( -16.22002647252318042, -22.49999999999989342, 8.500000000000097700 ) ) ;
#280 = CARTESIAN_POINT ( 'NONE',  ( -16.22002647252318042, 3.499999999999899192, 8.500000000000104805 ) ) ;
#281 = MANIFOLD_SOLID_BREP ( 'Cut-Extrude8', #864 ) ;
#282 = DIRECTION ( 'NONE',  ( 1.000000000000000000, -7.888609052210118054E-31, -9.869695000471881156E-31 ) ) ;
#283 = ORIENTED_EDGE ( 'NONE', *, *, #1174, .F. ) ;
#284 = EDGE_CURVE ( 'NONE', #1545, #606, #1588, .T. ) ;
#285 = ORIENTED_EDGE ( 'NONE', *, *, #1318, .F. ) ;
#286 = FACE_OUTER_BOUND ( 'NONE', #1261, .T. ) ;
#287 = DIRECTION ( 'NONE',  ( 1.000000000000000000, 0.000000000000000000, 0.000000000000000000 ) ) ;
#288 = DIRECTION ( 'NONE',  ( -7.888609052210118054E-31, -1.000000000000000000, 0.000000000000000000 ) ) ;
#289 = EDGE_CURVE ( 'NONE', #977, #535, #1861, .T. ) ;
#290 = CARTESIAN_POINT ( 'NONE',  ( 1.250000000000000666, -19.00000000000000000, -2.000000000000000000 ) ) ;
#291 = CARTESIAN_POINT ( 'NONE',  ( 13.99999999999981171, 3.499999999999899192, 4.200000000000092548 ) ) ;
#292 = ORIENTED_EDGE ( 'NONE', *, *, #1561, .F. ) ;
#293 = AXIS2_PLACEMENT_3D ( 'NONE', #239, #1715, #669 ) ;
#294 = ORIENTED_EDGE ( 'NONE', *, *, #851, .T. ) ;
#295 = AXIS2_PLACEMENT_3D ( 'NONE', #223, #533, #652 ) ;
#296 = DIRECTION ( 'NONE',  ( 0.000000000000000000, 0.000000000000000000, -1.000000000000000000 ) ) ;
#297 = LINE ( 'NONE', #1650, #868 ) ;
#298 = CARTESIAN_POINT ( 'NONE',  ( -1.250000000000000000, -3.000000000000000000, 0.000000000000000000 ) ) ;
#299 = CARTESIAN_POINT ( 'NONE',  ( -14.49999999999996092, -22.24999999999989342, 6.500000000000101252 ) ) ;
#300 = DIRECTION ( 'NONE',  ( -0.000000000000000000, -0.000000000000000000, 1.000000000000000000 ) ) ;
#301 = EDGE_LOOP ( 'NONE', ( #1757, #1108 ) ) ;
#302 = EDGE_CURVE ( 'NONE', #1864, #1881, #384, .T. ) ;
#303 = ORIENTED_EDGE ( 'NONE', *, *, #484, .T. ) ;
#304 = CARTESIAN_POINT ( 'NONE',  ( -19.49999999999996092, 0.4999999999998963607, 5.000000000000101252 ) ) ;
#305 = CARTESIAN_POINT ( 'NONE',  ( 2.999999999999943601, -19.00000000000000000, 2.000000000000000000 ) ) ;
#306 = CARTESIAN_POINT ( 'NONE',  ( -3.299532720483756787, -3.000000000000099920, 5.000000000000101252 ) ) ;
#307 = EDGE_CURVE ( 'NONE', #1721, #931, #1885, .T. ) ;
#308 = LINE ( 'NONE', #187, #512 ) ;
#309 = DIRECTION ( 'NONE',  ( -0.000000000000000000, -0.000000000000000000, 1.000000000000000000 ) ) ;
#310 = EDGE_LOOP ( 'NONE', ( #1868, #321, #383, #1484, #1808, #1752, #1693, #656 ) ) ;
#311 = ADVANCED_FACE ( 'NONE', ( #70 ), #1730, .F. ) ;
#312 = ORIENTED_EDGE ( 'NONE', *, *, #566, .T. ) ;
#313 = EDGE_CURVE ( 'NONE', #1187, #217, #727, .T. ) ;
#314 = ADVANCED_FACE ( 'NONE', ( #261 ), #1483, .T. ) ;
#315 = CARTESIAN_POINT ( 'NONE',  ( 6.750000000000000000, -11.00000000000000000, 0.000000000000000000 ) ) ;
#316 = CARTESIAN_POINT ( 'NONE',  ( 3.000000000000000444, -3.000000000000000000, 0.000000000000000000 ) ) ;
#317 = DIRECTION ( 'NONE',  ( -1.000000000000000000, 0.000000000000000000, 0.000000000000000000 ) ) ;
#318 = DIRECTION ( 'NONE',  ( 0.000000000000000000, 0.000000000000000000, 1.000000000000000000 ) ) ;
#319 = VERTEX_POINT ( 'NONE', #1456 ) ;
#320 = CIRCLE ( 'NONE', #1818, 2.999999999999999556 ) ;
#321 = ORIENTED_EDGE ( 'NONE', *, *, #218, .T. ) ;
#322 = LINE ( 'NONE', #1636, #1449 ) ;
#323 = DIRECTION ( 'NONE',  ( -0.000000000000000000, -0.000000000000000000, 1.000000000000000000 ) ) ;
#324 = DIRECTION ( 'NONE',  ( 0.000000000000000000, 0.000000000000000000, -1.000000000000000000 ) ) ;
#325 = DIRECTION ( 'NONE',  ( -0.000000000000000000, -0.000000000000000000, 1.000000000000000000 ) ) ;
#326 = FACE_OUTER_BOUND ( 'NONE', #865, .T. ) ;
#327 = ORIENTED_EDGE ( 'NONE', *, *, #517, .T. ) ;
#328 = AXIS2_PLACEMENT_3D ( 'NONE', #1902, #723, #115 ) ;
#329 = ORIENTED_EDGE ( 'NONE', *, *, #1528, .F. ) ;
#330 = AXIS2_PLACEMENT_3D ( 'NONE', #1157, #120, #1002 ) ;
#331 = CARTESIAN_POINT ( 'NONE',  ( -14.49999999999996092, 0.2499999999998961386, 5.250000000000102141 ) ) ;
#332 = LINE ( 'NONE', #1235, #13 ) ;
#333 = EDGE_CURVE ( 'NONE', #1793, #1627, #1489, .T. ) ;
#334 = EDGE_LOOP ( 'NONE', ( #1599, #1121, #371, #1132, #1414, #956, #303, #105, #182, #1574 ) ) ;
#335 = DIRECTION ( 'NONE',  ( 1.000000000000000000, 0.000000000000000000, -0.000000000000000000 ) ) ;
#336 = ADVANCED_BREP_SHAPE_REPRESENTATION ( '5. Bottom Motor Mount', ( #281, #1328 ), #1421 ) ;
#337 = CARTESIAN_POINT ( 'NONE',  ( 0.000000000000000000, 0.000000000000000000, 2.000000000000000000 ) ) ;
#338 = EDGE_LOOP ( 'NONE', ( #712, #1106, #940, #1344 ) ) ;
#339 = ORIENTED_EDGE ( 'NONE', *, *, #826, .F. ) ;
#340 = EDGE_CURVE ( 'NONE', #1457, #1824, #1164, .T. ) ;
#341 = CARTESIAN_POINT ( 'NONE',  ( -14.49999999999996092, 0.2499999999998961386, 5.250000000000102141 ) ) ;
#342 = DIRECTION ( 'NONE',  ( 0.000000000000000000, 0.000000000000000000, 1.000000000000000000 ) ) ;
#343 = ORIENTED_EDGE ( 'NONE', *, *, #1549, .T. ) ;
#344 = DIRECTION ( 'NONE',  ( 0.000000000000000000, 1.000000000000000000, 0.000000000000000000 ) ) ;
#345 = CARTESIAN_POINT ( 'NONE',  ( -19.49999999999996092, -22.25000000000011013, 5.250000000000102141 ) ) ;
#346 = ORIENTED_EDGE ( 'NONE', *, *, #726, .F. ) ;
#347 = ORIENTED_EDGE ( 'NONE', *, *, #416, .F. ) ;
#348 = DIRECTION ( 'NONE',  ( -0.000000000000000000, -0.000000000000000000, 1.000000000000000000 ) ) ;
#349 = VECTOR ( 'NONE', #1562, 1000.000000000000000 ) ;
#350 = CARTESIAN_POINT ( 'NONE',  ( -16.22002647252318042, -3.000000000000099920, 5.000000000000100364 ) ) ;
#351 = EDGE_LOOP ( 'NONE', ( #959, #1401 ) ) ;
#352 = CARTESIAN_POINT ( 'NONE',  ( -14.00000000000018829, -11.00000000000012079, 48.50000000000009948 ) ) ;
#353 = AXIS2_PLACEMENT_3D ( 'NONE', #854, #127, #724 ) ;
#354 = DIRECTION ( 'NONE',  ( 0.000000000000000000, 0.000000000000000000, -1.000000000000000000 ) ) ;
#355 = EDGE_LOOP ( 'NONE', ( #689, #751 ) ) ;
#356 = ORIENTED_EDGE ( 'NONE', *, *, #1357, .T. ) ;
#357 = EDGE_CURVE ( 'NONE', #1806, #817, #898, .T. ) ;
#358 = CARTESIAN_POINT ( 'NONE',  ( -8.000000000000000000, -11.00000000000000000, 0.000000000000000000 ) ) ;
#359 = VECTOR ( 'NONE', #1530, 1000.000000000000000 ) ;
#360 = CARTESIAN_POINT ( 'NONE',  ( -11.00000000000000178, -10.99999999999991651, 2.000000000000000000 ) ) ;
#361 = VERTEX_POINT ( 'NONE', #109 ) ;
#362 = DIRECTION ( 'NONE',  ( 0.000000000000000000, -1.000000000000000000, -2.312964634635740689E-15 ) ) ;
#363 = EDGE_CURVE ( 'NONE', #1381, #951, #415, .T. ) ;
#364 = LINE ( 'NONE', #1129, #1865 ) ;
#365 = EDGE_LOOP ( 'NONE', ( #346, #207, #475, #1023 ) ) ;
#366 = CARTESIAN_POINT ( 'NONE',  ( -14.00000000000018829, 3.499999999999899192, 4.200000000000092548 ) ) ;
#367 = EDGE_LOOP ( 'NONE', ( #240, #1607 ) ) ;
#368 = DIRECTION ( 'NONE',  ( -1.000000000000000000, 0.000000000000000000, 0.000000000000000000 ) ) ;
#369 = EDGE_CURVE ( 'NONE', #1627, #1707, #718, .T. ) ;
#370 = CYLINDRICAL_SURFACE ( 'NONE', #233, 4.049999999999998934 ) ;
#371 = ORIENTED_EDGE ( 'NONE', *, *, #1913, .T. ) ;
#372 = DIRECTION ( 'NONE',  ( 1.000000000000000000, 0.000000000000000000, 0.000000000000000000 ) ) ;
#373 = LINE ( 'NONE', #495, #1491 ) ;
#374 = ORIENTED_EDGE ( 'NONE', *, *, #1734, .T. ) ;
#375 = SURFACE_SIDE_STYLE ('',( #841 ) ) ;
#376 = EDGE_LOOP ( 'NONE', ( #1565, #1214 ) ) ;
#377 = DIRECTION ( 'NONE',  ( 1.000000000000000000, 0.000000000000000000, 0.000000000000000000 ) ) ;
#378 = ORIENTED_EDGE ( 'NONE', *, *, #673, .T. ) ;
#379 = DIRECTION ( 'NONE',  ( -1.000000000000000000, 0.000000000000000000, 0.000000000000000000 ) ) ;
#380 = AXIS2_PLACEMENT_3D ( 'NONE', #995, #1909, #277 ) ;
#381 = CIRCLE ( 'NONE', #705, 1.249999999999999334 ) ;
#382 = DIRECTION ( 'NONE',  ( 0.000000000000000000, 1.000000000000000000, 0.000000000000000000 ) ) ;
#383 = ORIENTED_EDGE ( 'NONE', *, *, #484, .F. ) ;
#384 = LINE ( 'NONE', #536, #359 ) ;
#385 = EDGE_LOOP ( 'NONE', ( #631, #763 ) ) ;
#386 = EDGE_LOOP ( 'NONE', ( #1439, #650, #568, #1192 ) ) ;
#387 = DIRECTION ( 'NONE',  ( -0.000000000000000000, -0.000000000000000000, 1.000000000000000000 ) ) ;
#388 = FACE_OUTER_BOUND ( 'NONE', #990, .T. ) ;
#389 = LINE ( 'NONE', #1180, #858 ) ;
#390 = EDGE_CURVE ( 'NONE', #217, #1674, #1150, .T. ) ;
#391 = AXIS2_PLACEMENT_3D ( 'NONE', #1016, #1451, #126 ) ;
#392 = VECTOR ( 'NONE', #1883, 1000.000000000000000 ) ;
#393 = AXIS2_PLACEMENT_3D ( 'NONE', #558, #708, #1313 ) ;
#394 = CARTESIAN_POINT ( 'NONE',  ( 0.000000000000000000, -3.000000000000000000, 0.000000000000000000 ) ) ;
#395 = CIRCLE ( 'NONE', #682, 3.000000000000000888 ) ;
#396 = VECTOR ( 'NONE', #1710, 1000.000000000000000 ) ;
#397 = APPLICATION_CONTEXT ( 'automotive_design' ) ;
#398 = DIRECTION ( 'NONE',  ( -0.000000000000000000, -0.000000000000000000, -1.000000000000000000 ) ) ;
#399 = ORIENTED_EDGE ( 'NONE', *, *, #832, .T. ) ;
#400 = VERTEX_POINT ( 'NONE', #1616 ) ;
#401 = LINE ( 'NONE', #540, #199 ) ;
#402 = ORIENTED_EDGE ( 'NONE', *, *, #2, .F. ) ;
#403 = FACE_BOUND ( 'NONE', #1322, .T. ) ;
#404 = CARTESIAN_POINT ( 'NONE',  ( -1.250000000000000222, -3.000000000000000000, -2.000000000000000000 ) ) ;
#405 = ADVANCED_FACE ( 'NONE', ( #734 ), #1472, .F. ) ;
#406 = CARTESIAN_POINT ( 'NONE',  ( -3.299532720483756787, -25.49999999999989697, 8.500000000000104805 ) ) ;
#407 = EDGE_LOOP ( 'NONE', ( #752, #410, #728, #1203 ) ) ;
#408 = VERTEX_POINT ( 'NONE', #291 ) ;
#409 = CYLINDRICAL_SURFACE ( 'NONE', #1509, 1.249999999999999334 ) ;
#410 = ORIENTED_EDGE ( 'NONE', *, *, #826, .T. ) ;
#411 = EDGE_CURVE ( 'NONE', #1100, #243, #1321, .T. ) ;
#412 = FACE_BOUND ( 'NONE', #577, .T. ) ;
#413 = DIRECTION ( 'NONE',  ( -1.000000000000000000, 0.000000000000000000, 0.000000000000000000 ) ) ;
#414 = CIRCLE ( 'NONE', #788, 1.249999999999999334 ) ;
#415 = LINE ( 'NONE', #1184, #1339 ) ;
#416 = EDGE_CURVE ( 'NONE', #255, #1814, #994, .T. ) ;
#417 = AXIS2_PLACEMENT_3D ( 'NONE', #1624, #1375, #1488 ) ;
#418 = ORIENTED_EDGE ( 'NONE', *, *, #635, .F. ) ;
#419 = AXIS2_PLACEMENT_3D ( 'NONE', #739, #1338, #1935 ) ;
#420 = ORIENTED_EDGE ( 'NONE', *, *, #1045, .F. ) ;
#421 = DIRECTION ( 'NONE',  ( 1.000000000000000000, 0.000000000000000000, 0.000000000000000000 ) ) ;
#422 = DIRECTION ( 'NONE',  ( 0.000000000000000000, -1.000000000000000000, 2.312964634635740689E-15 ) ) ;
#423 = FACE_OUTER_BOUND ( 'NONE', #12, .T. ) ;
#424 = CARTESIAN_POINT ( 'NONE',  ( 0.000000000000000000, -11.00000000000000000, 2.000000000000000000 ) ) ;
#425 = VECTOR ( 'NONE', #766, 1000.000000000000000 ) ;
#426 = PRODUCT_DEFINITION ( 'UNKNOWN', '', #605, #942 ) ;
#427 = AXIS2_PLACEMENT_3D ( 'NONE', #1569, #227, #818 ) ;
#428 = DIRECTION ( 'NONE',  ( -1.400839308129313758E-31, 0.7071067811865453523, -0.7071067811865497932 ) ) ;
#429 = CIRCLE ( 'NONE', #1931, 4.049999999999998934 ) ;
#430 = ORIENTED_EDGE ( 'NONE', *, *, #1298, .F. ) ;
#431 = DIRECTION ( 'NONE',  ( 0.000000000000000000, 0.000000000000000000, -1.000000000000000000 ) ) ;
#432 = DIRECTION ( 'NONE',  ( 0.000000000000000000, -1.000000000000000000, 0.000000000000000000 ) ) ;
#433 = DIRECTION ( 'NONE',  ( -0.000000000000000000, -0.000000000000000000, -1.000000000000000000 ) ) ;
#434 = FACE_OUTER_BOUND ( 'NONE', #152, .T. ) ;
#435 = DIRECTION ( 'NONE',  ( -0.000000000000000000, -0.000000000000000000, -1.000000000000000000 ) ) ;
#436 = ORIENTED_EDGE ( 'NONE', *, *, #1523, .F. ) ;
#437 = VERTEX_POINT ( 'NONE', #3 ) ;
#438 = ADVANCED_FACE ( 'NONE', ( #1173 ), #1747, .F. ) ;
#439 = CARTESIAN_POINT ( 'NONE',  ( 11.00000000000000000, -11.00000000000002665, 0.000000000000000000 ) ) ;
#440 = CYLINDRICAL_SURFACE ( 'NONE', #486, 2.999999999999999112 ) ;
#441 = DIRECTION ( 'NONE',  ( 1.000000000000000000, 0.000000000000000000, 0.000000000000000000 ) ) ;
#442 = CARTESIAN_POINT ( 'NONE',  ( 6.750000000000000888, -11.00000000000000000, 2.000000000000000000 ) ) ;
#443 = CARTESIAN_POINT ( 'NONE',  ( 13.99999999999981171, 0.4999999999998963607, 5.000000000000101252 ) ) ;
#444 = EDGE_LOOP ( 'NONE', ( #1148, #500, #735, #589 ) ) ;
#445 = AXIS2_PLACEMENT_3D ( 'NONE', #1270, #823, #342 ) ;
#446 = ORIENTED_EDGE ( 'NONE', *, *, #947, .F. ) ;
#447 = CIRCLE ( 'NONE', #1079, 1.249999999999999334 ) ;
#448 = DIRECTION ( 'NONE',  ( 1.000000000000000000, 0.000000000000000000, 0.000000000000000000 ) ) ;
#449 = DIRECTION ( 'NONE',  ( 1.000000000000000000, 0.000000000000000000, 0.000000000000000000 ) ) ;
#450 = CARTESIAN_POINT ( 'NONE',  ( -3.299532720483756787, -18.99999999999990052, 1.999999999999997780 ) ) ;
#451 = CARTESIAN_POINT ( 'NONE',  ( -3.299532720483756787, 0.2499999999998961386, 6.500000000000102141 ) ) ;
#452 = ADVANCED_FACE ( 'NONE', ( #565 ), #1756, .F. ) ;
#453 = FACE_BOUND ( 'NONE', #542, .T. ) ;
#454 = EDGE_CURVE ( 'NONE', #941, #400, #1308, .T. ) ;
#455 = EDGE_CURVE ( 'NONE', #860, #1158, #1213, .T. ) ;
#456 = ORIENTED_EDGE ( 'NONE', *, *, #1623, .T. ) ;
#457 = AXIS2_PLACEMENT_3D ( 'NONE', #1038, #585, #879 ) ;
#458 = VERTEX_POINT ( 'NONE', #1332 ) ;
#459 = VECTOR ( 'NONE', #633, 1000.000000000000000 ) ;
#460 = LINE ( 'NONE', #912, #1821 ) ;
#461 = CARTESIAN_POINT ( 'NONE',  ( 19.49999999999996092, 0.2499999999998961386, 5.250000000000102141 ) ) ;
#462 = DIRECTION ( 'NONE',  ( 0.000000000000000000, 0.000000000000000000, -1.000000000000000000 ) ) ;
#463 = CARTESIAN_POINT ( 'NONE',  ( -14.49999999999996092, -22.24999999999989342, 5.250000000000102141 ) ) ;
#464 = CYLINDRICAL_SURFACE ( 'NONE', #244, 3.499999999999996003 ) ;
#465 = ORIENTED_EDGE ( 'NONE', *, *, #175, .F. ) ;
#466 = EDGE_LOOP ( 'NONE', ( #140, #1783 ) ) ;
#467 = DIRECTION ( 'NONE',  ( 1.000000000000000000, 0.000000000000000000, 0.000000000000000000 ) ) ;
#468 = CARTESIAN_POINT ( 'NONE',  ( -19.49999999999996092, -22.25000000000011013, 7.750000000000100364 ) ) ;
#469 = CARTESIAN_POINT ( 'NONE',  ( 1.250000000000000222, -3.000000000000000000, -2.000000000000000000 ) ) ;
#470 = LINE ( 'NONE', #1680, #1340 ) ;
#471 = CYLINDRICAL_SURFACE ( 'NONE', #684, 2.499999999999998668 ) ;
#472 = EDGE_LOOP ( 'NONE', ( #236, #1265, #481, #1422 ) ) ;
#473 = EDGE_CURVE ( 'NONE', #861, #1696, #1923, .T. ) ;
#474 = VECTOR ( 'NONE', #1838, 1000.000000000000000 ) ;
#475 = ORIENTED_EDGE ( 'NONE', *, *, #1837, .T. ) ;
#476 = LINE ( 'NONE', #737, #1640 ) ;
#477 = EDGE_CURVE ( 'NONE', #437, #1568, #1048, .T. ) ;
#478 = CARTESIAN_POINT ( 'NONE',  ( 8.000000000000000000, -11.00000000000002665, 0.000000000000000000 ) ) ;
#479 = DIRECTION ( 'NONE',  ( 1.000000000000000000, 0.000000000000000000, 0.000000000000000000 ) ) ;
#480 = VECTOR ( 'NONE', #1044, 1000.000000000000000 ) ;
#481 = ORIENTED_EDGE ( 'NONE', *, *, #276, .T. ) ;
#482 = DIRECTION ( 'NONE',  ( 1.000000000000000000, 0.000000000000000000, 0.000000000000000000 ) ) ;
#483 = CARTESIAN_POINT ( 'NONE',  ( -14.00000000000018829, -22.49999999999989342, 5.000000000000101252 ) ) ;
#484 = EDGE_CURVE ( 'NONE', #1898, #96, #1823, .T. ) ;
#485 = ORIENTED_EDGE ( 'NONE', *, *, #136, .T. ) ;
#486 = AXIS2_PLACEMENT_3D ( 'NONE', #155, #323, #1798 ) ;
#487 = EDGE_LOOP ( 'NONE', ( #710, #1050, #1070, #934 ) ) ;
#488 = VECTOR ( 'NONE', #435, 1000.000000000000000 ) ;
#489 = EDGE_CURVE ( 'NONE', #1290, #1432, #158, .T. ) ;
#490 = CARTESIAN_POINT ( 'NONE',  ( -19.49999999999996092, -18.99999999999990052, 2.000000000000000000 ) ) ;
#491 = AXIS2_PLACEMENT_3D ( 'NONE', #621, #1521, #897 ) ;
#492 = DIRECTION ( 'NONE',  ( -1.000000000000000000, 0.000000000000000000, 0.000000000000000000 ) ) ;
#493 = EDGE_LOOP ( 'NONE', ( #24, #228, #1372, #634 ) ) ;
#494 = FACE_OUTER_BOUND ( 'NONE', #1839, .T. ) ;
#495 = CARTESIAN_POINT ( 'NONE',  ( -14.00000000000018829, -25.49999999999989697, 8.500000000000104805 ) ) ;
#496 = ORIENTED_EDGE ( 'NONE', *, *, #1866, .T. ) ;
#497 = ORIENTED_EDGE ( 'NONE', *, *, #1929, .T. ) ;
#498 = CARTESIAN_POINT ( 'NONE',  ( 19.49999999999996092, -25.49999999999989697, -2.000000000000000000 ) ) ;
#499 = CARTESIAN_POINT ( 'NONE',  ( 19.49999999999996092, -22.25000000000010303, 7.750000000000081712 ) ) ;
#500 = ORIENTED_EDGE ( 'NONE', *, *, #1066, .T. ) ;
#501 = FACE_OUTER_BOUND ( 'NONE', #487, .T. ) ;
#502 = LINE ( 'NONE', #534, #1620 ) ;
#503 = VERTEX_POINT ( 'NONE', #1077 ) ;
#504 = EDGE_CURVE ( 'NONE', #1158, #860, #1524, .T. ) ;
#505 = ORIENTED_EDGE ( 'NONE', *, *, #136, .F. ) ;
#506 = VECTOR ( 'NONE', #523, 1000.000000000000000 ) ;
#507 = CARTESIAN_POINT ( 'NONE',  ( -4.999999999999999112, -10.99999999999991651, 0.000000000000000000 ) ) ;
#508 = EDGE_CURVE ( 'NONE', #1824, #1246, #1682, .T. ) ;
#509 = DIRECTION ( 'NONE',  ( 0.000000000000000000, 0.000000000000000000, 1.000000000000000000 ) ) ;
#510 = ORIENTED_EDGE ( 'NONE', *, *, #1702, .F. ) ;
#511 = CYLINDRICAL_SURFACE ( 'NONE', #1790, 1.249999999999999334 ) ;
#512 = VECTOR ( 'NONE', #317, 1000.000000000000000 ) ;
#513 = VECTOR ( 'NONE', #1745, 1000.000000000000000 ) ;
#514 = CARTESIAN_POINT ( 'NONE',  ( -3.299532720483756787, 0.2499999999998963052, 4.000000000000101252 ) ) ;
#515 = ADVANCED_FACE ( 'NONE', ( #326 ), #471, .F. ) ;
#516 = ORIENTED_EDGE ( 'NONE', *, *, #333, .F. ) ;
#517 = EDGE_CURVE ( 'NONE', #1881, #1628, #94, .T. ) ;
#518 = CARTESIAN_POINT ( 'NONE',  ( -19.49999999999996092, -22.49999999999989342, 8.500000000000097700 ) ) ;
#519 = ORIENTED_EDGE ( 'NONE', *, *, #1702, .T. ) ;
#520 = SHAPE_DEFINITION_REPRESENTATION ( #701, #336 ) ;
#521 = CARTESIAN_POINT ( 'NONE',  ( -6.750000000000000000, -11.00000000000000000, 0.000000000000000000 ) ) ;
#522 = VECTOR ( 'NONE', #777, 1000.000000000000000 ) ;
#523 = DIRECTION ( 'NONE',  ( 1.000000000000000000, 0.000000000000000000, 0.000000000000000000 ) ) ;
#524 = VERTEX_POINT ( 'NONE', #602 ) ;
#525 = DIRECTION ( 'NONE',  ( 0.000000000000000000, 0.000000000000000000, 1.000000000000000000 ) ) ;
#526 = VECTOR ( 'NONE', #1191, 1000.000000000000000 ) ;
#527 = DIRECTION ( 'NONE',  ( 0.000000000000000000, 0.000000000000000000, 1.000000000000000000 ) ) ;
#528 = ORIENTED_EDGE ( 'NONE', *, *, #289, .T. ) ;
#529 = LINE ( 'NONE', #245, #522 ) ;
#530 = ORIENTED_EDGE ( 'NONE', *, *, #1664, .T. ) ;
#531 = CARTESIAN_POINT ( 'NONE',  ( -16.22002647252318042, -22.49999999999989342, 8.500000000000097700 ) ) ;
#532 = ORIENTED_EDGE ( 'NONE', *, *, #1573, .F. ) ;
#533 = DIRECTION ( 'NONE',  ( -1.000000000000000000, 0.000000000000000000, 0.000000000000000000 ) ) ;
#534 = CARTESIAN_POINT ( 'NONE',  ( -3.299532720483756787, -3.000000000000099920, 5.000000000000100364 ) ) ;
#535 = VERTEX_POINT ( 'NONE', #1087 ) ;
#536 = CARTESIAN_POINT ( 'NONE',  ( -14.00000000000018829, -18.99999999999990052, 5.000000000000101252 ) ) ;
#537 = ORIENTED_EDGE ( 'NONE', *, *, #411, .F. ) ;
#538 = ADVANCED_FACE ( 'NONE', ( #166 ), #643, .F. ) ;
#539 = VERTEX_POINT ( 'NONE', #1200 ) ;
#540 = CARTESIAN_POINT ( 'NONE',  ( -16.22002647252318042, 0.4999999999998963607, 8.500000000000097700 ) ) ;
#541 = ADVANCED_FACE ( 'NONE', ( #1792, #759, #1360, #453, #1059, #21 ), #1211, .T. ) ;
#542 = EDGE_LOOP ( 'NONE', ( #849, #1766 ) ) ;
#543 = DIRECTION ( 'NONE',  ( -0.000000000000000000, 2.312964634635740689E-15, 1.000000000000000000 ) ) ;
#544 = VECTOR ( 'NONE', #680, 1000.000000000000000 ) ;
#545 = AXIS2_PLACEMENT_3D ( 'NONE', #304, #183, #1498 ) ;
#546 = DIRECTION ( 'NONE',  ( 1.000000000000000000, 0.000000000000000000, 0.000000000000000000 ) ) ;
#547 = AXIS2_PLACEMENT_3D ( 'NONE', #279, #543, #1144 ) ;
#548 = ADVANCED_FACE ( 'NONE', ( #929 ), #464, .T. ) ;
#549 = CARTESIAN_POINT ( 'NONE',  ( 19.49999999999996092, 3.499999999999899192, 8.500000000000104805 ) ) ;
#550 = ORIENTED_EDGE ( 'NONE', *, *, #1384, .T. ) ;
#551 = EDGE_CURVE ( 'NONE', #247, #1619, #933, .T. ) ;
#552 = FACE_OUTER_BOUND ( 'NONE', #275, .T. ) ;
#553 = ORIENTED_EDGE ( 'NONE', *, *, #1234, .T. ) ;
#554 = DIRECTION ( 'NONE',  ( -0.000000000000000000, -0.000000000000000000, -1.000000000000000000 ) ) ;
#555 = AXIS2_PLACEMENT_3D ( 'NONE', #835, #1434, #853 ) ;
#556 = AXIS2_PLACEMENT_3D ( 'NONE', #1787, #449, #1934 ) ;
#557 = DIRECTION ( 'NONE',  ( 1.000000000000000000, 0.000000000000000000, 0.000000000000000000 ) ) ;
#558 = CARTESIAN_POINT ( 'NONE',  ( 0.000000000000000000, -11.00000000000000000, 2.000000000000000000 ) ) ;
#559 = EDGE_LOOP ( 'NONE', ( #56, #686, #553, #420 ) ) ;
#560 = DIRECTION ( 'NONE',  ( 0.000000000000000000, 0.000000000000000000, -1.000000000000000000 ) ) ;
#561 = CARTESIAN_POINT ( 'NONE',  ( 19.49999999999996092, -22.49999999999989342, 8.500000000000097700 ) ) ;
#562 = CARTESIAN_POINT ( 'NONE',  ( -16.22002647252318042, -3.000000000000099920, 5.000000000000102141 ) ) ;
#563 = EDGE_CURVE ( 'NONE', #254, #1030, #1341, .T. ) ;
#564 = DIRECTION ( 'NONE',  ( -0.000000000000000000, -0.000000000000000000, 1.000000000000000000 ) ) ;
#565 = FACE_OUTER_BOUND ( 'NONE', #1589, .T. ) ;
#566 = EDGE_CURVE ( 'NONE', #1130, #257, #623, .T. ) ;
#567 = EDGE_LOOP ( 'NONE', ( #347, #41 ) ) ;
#568 = ORIENTED_EDGE ( 'NONE', *, *, #1405, .T. ) ;
#569 = CYLINDRICAL_SURFACE ( 'NONE', #1476, 2.500000000000000444 ) ;
#570 = CYLINDRICAL_SURFACE ( 'NONE', #1649, 2.499999999999999112 ) ;
#571 = ADVANCED_FACE ( 'NONE', ( #49 ), #1220, .T. ) ;
#572 = CARTESIAN_POINT ( 'NONE',  ( 9.250000000000000000, -11.00000000000000000, 2.000000000000000000 ) ) ;
#573 = CARTESIAN_POINT ( 'NONE',  ( -14.49999999999996092, -22.25000000000011013, 2.750000000000103473 ) ) ;
#574 = AXIS2_PLACEMENT_3D ( 'NONE', #114, #852, #1919 ) ;
#575 = CARTESIAN_POINT ( 'NONE',  ( -1.250000000000000000, -19.00000000000000000, 2.000000000000000000 ) ) ;
#576 = AXIS2_PLACEMENT_3D ( 'NONE', #1415, #344, #1250 ) ;
#577 = EDGE_LOOP ( 'NONE', ( #4, #1389 ) ) ;
#578 = ORIENTED_EDGE ( 'NONE', *, *, #998, .F. ) ;
#579 = DIRECTION ( 'NONE',  ( -0.000000000000000000, 0.000000000000000000, -1.000000000000000000 ) ) ;
#580 = DIRECTION ( 'NONE',  ( 1.000000000000000000, -0.000000000000000000, -0.000000000000000000 ) ) ;
#581 = LINE ( 'NONE', #1291, #513 ) ;
#582 = LINE ( 'NONE', #1146, #1307 ) ;
#583 = CIRCLE ( 'NONE', #1860, 2.499999999999998668 ) ;
#584 = AXIS2_PLACEMENT_3D ( 'NONE', #591, #144, #16 ) ;
#585 = DIRECTION ( 'NONE',  ( 0.000000000000000000, 0.000000000000000000, -1.000000000000000000 ) ) ;
#586 = AXIS2_PLACEMENT_3D ( 'NONE', #259, #413, #118 ) ;
#587 = AXIS2_PLACEMENT_3D ( 'NONE', #149, #139, #741 ) ;
#588 = ORIENTED_EDGE ( 'NONE', *, *, #1641, .T. ) ;
#589 = ORIENTED_EDGE ( 'NONE', *, *, #65, .F. ) ;
#590 = CYLINDRICAL_SURFACE ( 'NONE', #203, 3.000000000000000888 ) ;
#591 = CARTESIAN_POINT ( 'NONE',  ( -14.00000000000018829, -22.24999999999989342, 5.250000000000102141 ) ) ;
#592 = LINE ( 'NONE', #1669, #922 ) ;
#593 = CARTESIAN_POINT ( 'NONE',  ( -16.22002647252318042, 0.2499999999998964717, 7.750000000000103917 ) ) ;
#594 = DIRECTION ( 'NONE',  ( 0.000000000000000000, 0.000000000000000000, 1.000000000000000000 ) ) ;
#595 = EDGE_LOOP ( 'NONE', ( #1069, #1306, #189, #192 ) ) ;
#596 = ORIENTED_EDGE ( 'NONE', *, *, #743, .F. ) ;
#597 = EDGE_CURVE ( 'NONE', #132, #1051, #1378, .T. ) ;
#598 = DIRECTION ( 'NONE',  ( -0.000000000000000000, -0.000000000000000000, -1.000000000000000000 ) ) ;
#599 = DIRECTION ( 'NONE',  ( 0.000000000000000000, 0.000000000000000000, -1.000000000000000000 ) ) ;
#600 = DIRECTION ( 'NONE',  ( -1.000000000000000000, 0.000000000000000000, 0.000000000000000000 ) ) ;
#601 = PLANE ( 'NONE',  #836 ) ;
#602 = CARTESIAN_POINT ( 'NONE',  ( 13.99999999999981171, -22.49999999999989342, 8.500000000000097700 ) ) ;
#603 = ORIENTED_EDGE ( 'NONE', *, *, #1724, .T. ) ;
#604 = CIRCLE ( 'NONE', #1198, 3.499999999999996003 ) ;
#605 = PRODUCT_DEFINITION_FORMATION_WITH_SPECIFIED_SOURCE ( 'ANY', '', #1000, .NOT_KNOWN. ) ;
#606 = VERTEX_POINT ( 'NONE', #92 ) ;
#607 = AXIS2_PLACEMENT_3D ( 'NONE', #1074, #1035, #610 ) ;
#608 = DIRECTION ( 'NONE',  ( -1.000000000000000000, 0.000000000000000000, 0.000000000000000000 ) ) ;
#609 = FACE_OUTER_BOUND ( 'NONE', #1877, .T. ) ;
#610 = DIRECTION ( 'NONE',  ( 0.000000000000000000, 0.000000000000000000, -1.000000000000000000 ) ) ;
#611 = CARTESIAN_POINT ( 'NONE',  ( 0.000000000000000000, -3.000000000000000000, -2.000000000000000000 ) ) ;
#612 = EDGE_CURVE ( 'NONE', #524, #503, #808, .T. ) ;
#613 = CARTESIAN_POINT ( 'NONE',  ( -19.49999999999996092, -18.99999999999990052, 5.000000000000101252 ) ) ;
#614 = CIRCLE ( 'NONE', #799, 1.250000000000000000 ) ;
#615 = ORIENTED_EDGE ( 'NONE', *, *, #113, .F. ) ;
#616 = AXIS2_PLACEMENT_3D ( 'NONE', #461, #755, #599 ) ;
#617 = VECTOR ( 'NONE', #918, 1000.000000000000000 ) ;
#618 = ORIENTED_EDGE ( 'NONE', *, *, #473, .F. ) ;
#619 = CARTESIAN_POINT ( 'NONE',  ( -19.49999999999996092, -22.25000000000011013, 2.750000000000103473 ) ) ;
#620 = CYLINDRICAL_SURFACE ( 'NONE', #419, 2.499999999999998668 ) ;
#621 = CARTESIAN_POINT ( 'NONE',  ( -5.586370142149010844E-14, -19.00000000000000000, 0.000000000000000000 ) ) ;
#622 = EDGE_CURVE ( 'NONE', #811, #458, #30, .T. ) ;
#623 = LINE ( 'NONE', #780, #213 ) ;
#624 = ORIENTED_EDGE ( 'NONE', *, *, #33, .F. ) ;
#625 = EDGE_CURVE ( 'NONE', #84, #112, #1123, .T. ) ;
#626 = ORIENTED_EDGE ( 'NONE', *, *, #1563, .T. ) ;
#627 = LINE ( 'NONE', #1933, #1479 ) ;
#628 = UNCERTAINTY_MEASURE_WITH_UNIT (LENGTH_MEASURE( 1.000000000000000082E-05 ), #26, 'distance_accuracy_value', 'NONE');
#629 = FACE_BOUND ( 'NONE', #645, .T. ) ;
#630 = CARTESIAN_POINT ( 'NONE',  ( -14.00000000000018829, -3.000000000000099920, 5.000000000000101252 ) ) ;
#631 = ORIENTED_EDGE ( 'NONE', *, *, #798, .T. ) ;
#632 = CARTESIAN_POINT ( 'NONE',  ( -3.299532720483756787, -22.49999999999989342, 8.500000000000097700 ) ) ;
#633 = DIRECTION ( 'NONE',  ( -0.000000000000000000, -0.000000000000000000, 1.000000000000000000 ) ) ;
#634 = ORIENTED_EDGE ( 'NONE', *, *, #307, .F. ) ;
#635 = EDGE_CURVE ( 'NONE', #1532, #1143, #502, .T. ) ;
#636 = VECTOR ( 'NONE', #700, 1000.000000000000000 ) ;
#637 = ORIENTED_EDGE ( 'NONE', *, *, #1094, .F. ) ;
#638 = CARTESIAN_POINT ( 'NONE',  ( -5.586370142149010844E-14, -19.00000000000000000, 0.000000000000000000 ) ) ;
#639 = VECTOR ( 'NONE', #1327, 1000.000000000000000 ) ;
#640 = FACE_OUTER_BOUND ( 'NONE', #1288, .T. ) ;
#641 = ORIENTED_EDGE ( 'NONE', *, *, #888, .F. ) ;
#642 = CARTESIAN_POINT ( 'NONE',  ( 19.49999999999996092, 3.499999999999899192, 8.500000000000104805 ) ) ;
#643 = CYLINDRICAL_SURFACE ( 'NONE', #1932, 3.000000000000000444 ) ;
#644 = VERTEX_POINT ( 'NONE', #1105 ) ;
#645 = EDGE_LOOP ( 'NONE', ( #1647, #1635 ) ) ;
#646 = AXIS2_PLACEMENT_3D ( 'NONE', #991, #216, #971 ) ;
#647 = CARTESIAN_POINT ( 'NONE',  ( -14.00000000000018829, 3.499999999999899192, 8.500000000000104805 ) ) ;
#648 = AXIS2_PLACEMENT_3D ( 'NONE', #60, #1115, #795 ) ;
#649 = CARTESIAN_POINT ( 'NONE',  ( 19.49999999999996092, -25.49999999999989697, -2.000000000000000000 ) ) ;
#650 = ORIENTED_EDGE ( 'NONE', *, *, #754, .T. ) ;
#651 = EDGE_CURVE ( 'NONE', #709, #524, #717, .T. ) ;
#652 = DIRECTION ( 'NONE',  ( 0.000000000000000000, 0.000000000000000000, -1.000000000000000000 ) ) ;
#653 = FACE_OUTER_BOUND ( 'NONE', #1004, .T. ) ;
#654 = VERTEX_POINT ( 'NONE', #958 ) ;
#655 = EDGE_CURVE ( 'NONE', #1371, #793, #1727, .T. ) ;
#656 = ORIENTED_EDGE ( 'NONE', *, *, #1240, .F. ) ;
#657 = CARTESIAN_POINT ( 'NONE',  ( 13.99999999999981171, -18.99999999999990052, 2.000000000000000000 ) ) ;
#658 = DIRECTION ( 'NONE',  ( -1.000000000000000000, 0.000000000000000000, 0.000000000000000000 ) ) ;
#659 = ORIENTED_EDGE ( 'NONE', *, *, #1734, .F. ) ;
#660 = EDGE_CURVE ( 'NONE', #1628, #1381, #373, .T. ) ;
#661 = DIRECTION ( 'NONE',  ( 0.000000000000000000, 0.000000000000000000, 1.000000000000000000 ) ) ;
#662 = ADVANCED_FACE ( 'NONE', ( #214, #1874 ), #1273, .T. ) ;
#663 = DIRECTION ( 'NONE',  ( -1.000000000000000000, 0.000000000000000000, 0.000000000000000000 ) ) ;
#664 = ORIENTED_EDGE ( 'NONE', *, *, #284, .T. ) ;
#665 = CARTESIAN_POINT ( 'NONE',  ( -19.49999999999996092, 3.499999999999899192, -2.000000000000000000 ) ) ;
#666 = EDGE_LOOP ( 'NONE', ( #1430, #675 ) ) ;
#667 = AXIS2_PLACEMENT_3D ( 'NONE', #1600, #431, #1743 ) ;
#668 = LINE ( 'NONE', #1394, #1168 ) ;
#669 = DIRECTION ( 'NONE',  ( -1.000000000000000000, 0.000000000000000000, 0.000000000000000000 ) ) ;
#670 = VERTEX_POINT ( 'NONE', #1699 ) ;
#671 = DIRECTION ( 'NONE',  ( -1.000000000000000000, 0.000000000000000000, 0.000000000000000000 ) ) ;
#672 = AXIS2_PLACEMENT_3D ( 'NONE', #999, #1443, #100 ) ;
#673 = EDGE_CURVE ( 'NONE', #796, #1707, #964, .T. ) ;
#674 = CARTESIAN_POINT ( 'NONE',  ( 13.99999999999981171, -22.49999999999989342, 5.000000000000101252 ) ) ;
#675 = ORIENTED_EDGE ( 'NONE', *, *, #1850, .F. ) ;
#676 = PRESENTATION_STYLE_ASSIGNMENT (( #102 ) ) ;
#677 = ORIENTED_EDGE ( 'NONE', *, *, #1608, .F. ) ;
#678 = CYLINDRICAL_SURFACE ( 'NONE', #924, 2.500000000000000444 ) ;
#679 = AXIS2_PLACEMENT_3D ( 'NONE', #107, #1319, #1596 ) ;
#680 = DIRECTION ( 'NONE',  ( 1.000000000000000000, 0.000000000000000000, 0.000000000000000000 ) ) ;
#681 = DIRECTION ( 'NONE',  ( 1.000000000000000000, 0.000000000000000000, 0.000000000000000000 ) ) ;
#682 = AXIS2_PLACEMENT_3D ( 'NONE', #1820, #19, #482 ) ;
#683 = CARTESIAN_POINT ( 'NONE',  ( 13.99999999999981171, 0.2499999999998961386, 2.750000000000099920 ) ) ;
#684 = AXIS2_PLACEMENT_3D ( 'NONE', #786, #1502, #1350 ) ;
#685 = CARTESIAN_POINT ( 'NONE',  ( 13.99999999999981171, -22.49999999999989342, 8.500000000000097700 ) ) ;
#686 = ORIENTED_EDGE ( 'NONE', *, *, #1644, .T. ) ;
#687 = EDGE_CURVE ( 'NONE', #1898, #1915, #1691, .T. ) ;
#688 = CARTESIAN_POINT ( 'NONE',  ( -14.00000000000018829, -22.24999999999989342, 6.500000000000101252 ) ) ;
#689 = ORIENTED_EDGE ( 'NONE', *, *, #5, .F. ) ;
#690 = EDGE_CURVE ( 'NONE', #142, #535, #1251, .T. ) ;
#691 = ORIENTED_EDGE ( 'NONE', *, *, #1416, .T. ) ;
#692 = CARTESIAN_POINT ( 'NONE',  ( 0.000000000000000000, -3.000000000000000000, 0.000000000000000000 ) ) ;
#693 = ORIENTED_EDGE ( 'NONE', *, *, #981, .F. ) ;
#694 = DIRECTION ( 'NONE',  ( -0.000000000000000000, -0.000000000000000000, 1.000000000000000000 ) ) ;
#695 = EDGE_CURVE ( 'NONE', #1907, #197, #364, .T. ) ;
#696 = LINE ( 'NONE', #1163, #1927 ) ;
#697 = DIRECTION ( 'NONE',  ( 0.000000000000000000, 0.000000000000000000, 1.000000000000000000 ) ) ;
#698 = ORIENTED_EDGE ( 'NONE', *, *, #1480, .T. ) ;
#699 = EDGE_CURVE ( 'NONE', #1137, #876, #901, .T. ) ;
#700 = DIRECTION ( 'NONE',  ( 0.000000000000000000, 1.000000000000000000, 0.000000000000000000 ) ) ;
#701 = PRODUCT_DEFINITION_SHAPE ( 'NONE', 'NONE',  #426 ) ;
#702 = ORIENTED_EDGE ( 'NONE', *, *, #369, .T. ) ;
#703 = LINE ( 'NONE', #572, #707 ) ;
#704 = VECTOR ( 'NONE', #1125, 1000.000000000000000 ) ;
#705 = AXIS2_PLACEMENT_3D ( 'NONE', #746, #1346, #7 ) ;
#706 = PLANE ( 'NONE',  #679 ) ;
#707 = VECTOR ( 'NONE', #554, 1000.000000000000000 ) ;
#708 = DIRECTION ( 'NONE',  ( 0.000000000000000000, 0.000000000000000000, 1.000000000000000000 ) ) ;
#709 = VERTEX_POINT ( 'NONE', #1417 ) ;
#710 = ORIENTED_EDGE ( 'NONE', *, *, #551, .T. ) ;
#711 = CARTESIAN_POINT ( 'NONE',  ( 8.000000000000000000, -11.00000000000002665, 0.000000000000000000 ) ) ;
#712 = ORIENTED_EDGE ( 'NONE', *, *, #699, .F. ) ;
#713 = CYLINDRICAL_SURFACE ( 'NONE', #1642, 2.999999999999999112 ) ;
#714 = ADVANCED_FACE ( 'NONE', ( #653 ), #1576, .T. ) ;
#715 = AXIS2_PLACEMENT_3D ( 'NONE', #1626, #282, #594 ) ;
#716 = DIRECTION ( 'NONE',  ( 0.000000000000000000, -1.000000000000000000, 0.000000000000000000 ) ) ;
#717 = CIRCLE ( 'NONE', #1832, 3.499999999999996003 ) ;
#718 = LINE ( 'NONE', #575, #488 ) ;
#719 = ORIENTED_EDGE ( 'NONE', *, *, #1676, .F. ) ;
#720 = ADVANCED_FACE ( 'NONE', ( #1718, #1842 ), #235, .T. ) ;
#721 = ORIENTED_EDGE ( 'NONE', *, *, #1644, .F. ) ;
#722 = CARTESIAN_POINT ( 'NONE',  ( 13.99999999999981171, -3.000000000000099920, 5.000000000000100364 ) ) ;
#723 = DIRECTION ( 'NONE',  ( -0.000000000000000000, -0.000000000000000000, -1.000000000000000000 ) ) ;
#724 = DIRECTION ( 'NONE',  ( 0.000000000000000000, 0.000000000000000000, 1.000000000000000000 ) ) ;
#725 = DIRECTION ( 'NONE',  ( 0.000000000000000000, 0.000000000000000000, 1.000000000000000000 ) ) ;
#726 = EDGE_CURVE ( 'NONE', #400, #1611, #242, .T. ) ;
#727 = LINE ( 'NONE', #1906, #119 ) ;
#728 = ORIENTED_EDGE ( 'NONE', *, *, #1455, .T. ) ;
#729 = ORIENTED_EDGE ( 'NONE', *, *, #508, .F. ) ;
#730 = CARTESIAN_POINT ( 'NONE',  ( -14.49999999999996092, -22.25000000000011013, 5.250000000000102141 ) ) ;
#731 = CARTESIAN_POINT ( 'NONE',  ( -3.299532720483756787, 3.499999999999899192, 8.500000000000104805 ) ) ;
#732 = DIRECTION ( 'NONE',  ( 1.000000000000000000, 0.000000000000000000, 0.000000000000000000 ) ) ;
#733 = CARTESIAN_POINT ( 'NONE',  ( 2.999999999999943601, -19.00000000000000000, 0.000000000000000000 ) ) ;
#734 = FACE_OUTER_BOUND ( 'NONE', #122, .T. ) ;
#735 = ORIENTED_EDGE ( 'NONE', *, *, #998, .T. ) ;
#736 = ORIENTED_EDGE ( 'NONE', *, *, #1155, .F. ) ;
#737 = CARTESIAN_POINT ( 'NONE',  ( -19.49999999999996092, -22.85637092912639545, 2.000000000000000000 ) ) ;
#738 = DIRECTION ( 'NONE',  ( 0.000000000000000000, 0.000000000000000000, -1.000000000000000000 ) ) ;
#739 = CARTESIAN_POINT ( 'NONE',  ( -14.49999999999996092, -22.25000000000011013, 5.250000000000102141 ) ) ;
#740 = FACE_OUTER_BOUND ( 'NONE', #1169, .T. ) ;
#741 = DIRECTION ( 'NONE',  ( 0.000000000000000000, 0.000000000000000000, 1.000000000000000000 ) ) ;
#742 = AXIS2_PLACEMENT_3D ( 'NONE', #1813, #188, #1388 ) ;
#743 = EDGE_CURVE ( 'NONE', #274, #1290, #270, .T. ) ;
#744 = EDGE_LOOP ( 'NONE', ( #201, #1466 ) ) ;
#745 = ORIENTED_EDGE ( 'NONE', *, *, #625, .T. ) ;
#746 = CARTESIAN_POINT ( 'NONE',  ( 8.000000000000000000, -11.00000000000000000, 0.000000000000000000 ) ) ;
#747 = LINE ( 'NONE', #1034, #425 ) ;
#748 = CARTESIAN_POINT ( 'NONE',  ( 11.00000000000000000, -11.00000000000002665, 2.000000000000000000 ) ) ;
#749 = PLANE ( 'NONE',  #1822 ) ;
#750 = DIRECTION ( 'NONE',  ( 0.000000000000000000, 0.000000000000000000, 1.000000000000000000 ) ) ;
#751 = ORIENTED_EDGE ( 'NONE', *, *, #1534, .F. ) ;
#752 = ORIENTED_EDGE ( 'NONE', *, *, #1758, .F. ) ;
#753 = DIRECTION ( 'NONE',  ( 0.000000000000000000, 0.7071067811865486830, -0.7071067811865464625 ) ) ;
#754 = EDGE_CURVE ( 'NONE', #1334, #1297, #696, .T. ) ;
#755 = DIRECTION ( 'NONE',  ( 1.000000000000000000, 0.000000000000000000, 0.000000000000000000 ) ) ;
#756 = LINE ( 'NONE', #1799, #1703 ) ;
#757 = DIRECTION ( 'NONE',  ( -0.000000000000000000, -0.000000000000000000, 1.000000000000000000 ) ) ;
#758 = AXIS2_PLACEMENT_3D ( 'NONE', #638, #1539, #479 ) ;
#759 = FACE_BOUND ( 'NONE', #1769, .T. ) ;
#760 = EDGE_CURVE ( 'NONE', #1334, #1371, #614, .T. ) ;
#761 = EDGE_LOOP ( 'NONE', ( #1039, #1113, #170, #1740 ) ) ;
#762 = VECTOR ( 'NONE', #1708, 1000.000000000000000 ) ;
#763 = ORIENTED_EDGE ( 'NONE', *, *, #699, .T. ) ;
#764 = AXIS2_PLACEMENT_3D ( 'NONE', #173, #884, #1508 ) ;
#765 = CARTESIAN_POINT ( 'NONE',  ( 0.000000000000000000, -3.000000000000000000, 2.000000000000000000 ) ) ;
#766 = DIRECTION ( 'NONE',  ( -0.000000000000000000, -0.000000000000000000, -1.000000000000000000 ) ) ;
#767 = DIRECTION ( 'NONE',  ( -1.000000000000000000, 0.000000000000000000, 0.000000000000000000 ) ) ;
#768 = EDGE_CURVE ( 'NONE', #1814, #255, #1679, .T. ) ;
#769 = DIRECTION ( 'NONE',  ( 0.000000000000000000, 0.000000000000000000, -1.000000000000000000 ) ) ;
#770 = CARTESIAN_POINT ( 'NONE',  ( 13.99999999999981171, 0.2499999999998961386, 5.250000000000102141 ) ) ;
#771 = ORIENTED_EDGE ( 'NONE', *, *, #690, .T. ) ;
#772 = VECTOR ( 'NONE', #564, 1000.000000000000000 ) ;
#773 = VECTOR ( 'NONE', #948, 1000.000000000000000 ) ;
#774 = ORIENTED_EDGE ( 'NONE', *, *, #1463, .F. ) ;
#775 = ADVANCED_FACE ( 'NONE', ( #1894, #1922 ), #706, .T. ) ;
#776 = CARTESIAN_POINT ( 'NONE',  ( -19.49999999999996092, 0.2499999999998964717, 2.750000000000101252 ) ) ;
#777 = DIRECTION ( 'NONE',  ( -1.000000000000000000, 0.000000000000000000, 0.000000000000000000 ) ) ;
#778 = CYLINDRICAL_SURFACE ( 'NONE', #764, 3.499999999999996003 ) ;
#779 = CYLINDRICAL_SURFACE ( 'NONE', #1681, 3.000000000000000888 ) ;
#780 = CARTESIAN_POINT ( 'NONE',  ( -16.22002647252318042, -3.000000000000099920, 2.000000000000000000 ) ) ;
#781 = ORIENTED_EDGE ( 'NONE', *, *, #1777, .T. ) ;
#782 = ORIENTED_EDGE ( 'NONE', *, *, #1071, .F. ) ;
#783 = FACE_OUTER_BOUND ( 'NONE', #1917, .T. ) ;
#784 = ORIENTED_EDGE ( 'NONE', *, *, #517, .F. ) ;
#785 = CARTESIAN_POINT ( 'NONE',  ( -19.49999999999996092, -22.25000000000011013, 5.250000000000102141 ) ) ;
#786 = CARTESIAN_POINT ( 'NONE',  ( -14.49999999999996092, -22.25000000000011013, 5.250000000000102141 ) ) ;
#787 = EDGE_LOOP ( 'NONE', ( #1701, #1078, #465, #262 ) ) ;
#788 = AXIS2_PLACEMENT_3D ( 'NONE', #1151, #560, #125 ) ;
#789 = ORIENTED_EDGE ( 'NONE', *, *, #828, .T. ) ;
#790 = PLANE ( 'NONE',  #1786 ) ;
#791 = AXIS2_PLACEMENT_3D ( 'NONE', #1911, #1762, #117 ) ;
#792 = FACE_OUTER_BOUND ( 'NONE', #215, .T. ) ;
#793 = VERTEX_POINT ( 'NONE', #404 ) ;
#794 = FACE_BOUND ( 'NONE', #160, .T. ) ;
#795 = DIRECTION ( 'NONE',  ( -1.000000000000000000, 0.000000000000000000, 0.000000000000000000 ) ) ;
#796 = VERTEX_POINT ( 'NONE', #290 ) ;
#797 = ORIENTED_EDGE ( 'NONE', *, *, #78, .F. ) ;
#798 = EDGE_CURVE ( 'NONE', #876, #1137, #1241, .T. ) ;
#799 = AXIS2_PLACEMENT_3D ( 'NONE', #1008, #1019, #546 ) ;
#800 = COLOUR_RGB ( '',0.7921568627450980005, 0.8196078431372548767, 0.9333333333333333481 ) ;
#801 = DIRECTION ( 'NONE',  ( -0.000000000000000000, -0.000000000000000000, 1.000000000000000000 ) ) ;
#802 = EDGE_CURVE ( 'NONE', #1665, #1088, #1764, .T. ) ;
#803 = VECTOR ( 'NONE', #309, 1000.000000000000000 ) ;
#804 = EDGE_CURVE ( 'NONE', #1598, #180, #1292, .T. ) ;
#805 = LINE ( 'NONE', #1551, #474 ) ;
#806 = VERTEX_POINT ( 'NONE', #573 ) ;
#807 = CARTESIAN_POINT ( 'NONE',  ( -3.000000000000000444, -2.999999999999999556, 0.000000000000000000 ) ) ;
#808 = LINE ( 'NONE', #685, #870 ) ;
#809 = EDGE_LOOP ( 'NONE', ( #1282, #1431 ) ) ;
#810 = CARTESIAN_POINT ( 'NONE',  ( -18.96273862543355193, -23.30000000000011084, 2.000000000000108802 ) ) ;
#811 = VERTEX_POINT ( 'NONE', #1171 ) ;
#812 = CARTESIAN_POINT ( 'NONE',  ( -16.22002647252318042, 0.2499999999998961386, 5.250000000000102141 ) ) ;
#813 = CARTESIAN_POINT ( 'NONE',  ( 0.000000000000000000, -11.00000000000000000, -3.000000000000000000 ) ) ;
#814 = ORIENTED_EDGE ( 'NONE', *, *, #1850, .T. ) ;
#815 = CARTESIAN_POINT ( 'NONE',  ( -16.22002647252318042, -25.49999999999989697, 8.500000000000104805 ) ) ;
#816 = DIRECTION ( 'NONE',  ( 0.000000000000000000, 0.000000000000000000, 1.000000000000000000 ) ) ;
#817 = VERTEX_POINT ( 'NONE', #1028 ) ;
#818 = DIRECTION ( 'NONE',  ( 1.000000000000000000, 0.000000000000000000, 0.000000000000000000 ) ) ;
#819 = ORIENTED_EDGE ( 'NONE', *, *, #138, .F. ) ;
#820 = DIRECTION ( 'NONE',  ( 1.000000000000000000, 0.000000000000000000, 0.000000000000000000 ) ) ;
#821 = VECTOR ( 'NONE', #72, 1000.000000000000000 ) ;
#822 = CARTESIAN_POINT ( 'NONE',  ( 13.99999999999981171, -25.49999999999989697, 4.199999999999888267 ) ) ;
#823 = DIRECTION ( 'NONE',  ( 1.000000000000000000, -7.888609052210118054E-31, -9.869695000471881156E-31 ) ) ;
#824 = ORIENTED_EDGE ( 'NONE', *, *, #888, .T. ) ;
#825 = CARTESIAN_POINT ( 'NONE',  ( 19.49999999999996092, 3.499999999999899192, -2.000000000000000000 ) ) ;
#826 = EDGE_CURVE ( 'NONE', #1775, #1257, #886, .T. ) ;
#827 = AXIS2_PLACEMENT_3D ( 'NONE', #611, #769, #379 ) ;
#828 = EDGE_CURVE ( 'NONE', #1088, #361, #582, .T. ) ;
#829 = CARTESIAN_POINT ( 'NONE',  ( 0.000000000000000000, -3.000000000000000000, 0.000000000000000000 ) ) ;
#830 = ORIENTED_EDGE ( 'NONE', *, *, #1357, .F. ) ;
#831 = ORIENTED_EDGE ( 'NONE', *, *, #390, .T. ) ;
#832 = EDGE_CURVE ( 'NONE', #1100, #1536, #1738, .T. ) ;
#833 = AXIS2_PLACEMENT_3D ( 'NONE', #1064, #1326, #1920 ) ;
#834 = FACE_OUTER_BOUND ( 'NONE', #338, .T. ) ;
#835 = CARTESIAN_POINT ( 'NONE',  ( 19.49999999999996092, -22.49999999999989342, 5.000000000000101252 ) ) ;
#836 = AXIS2_PLACEMENT_3D ( 'NONE', #1067, #1075, #1510 ) ;
#837 = FACE_BOUND ( 'NONE', #1858, .T. ) ;
#838 = AXIS2_PLACEMENT_3D ( 'NONE', #908, #11, #1673 ) ;
#839 = EDGE_CURVE ( 'NONE', #1828, #1379, #1312, .T. ) ;
#840 = DIRECTION ( 'NONE',  ( -1.000000000000000000, 0.000000000000000000, 0.000000000000000000 ) ) ;
#841 = SURFACE_STYLE_FILL_AREA ( #82 ) ;
#842 = ORIENTED_EDGE ( 'NONE', *, *, #1045, .T. ) ;
#843 = ORIENTED_EDGE ( 'NONE', *, *, #968, .F. ) ;
#844 = LINE ( 'NONE', #722, #1387 ) ;
#845 = CARTESIAN_POINT ( 'NONE',  ( -16.22002647252318042, -22.25000000000010303, 5.250000000000082601 ) ) ;
#846 = CARTESIAN_POINT ( 'NONE',  ( 13.99999999999981171, 3.499999999999899192, 4.200000000000092548 ) ) ;
#847 = DIRECTION ( 'NONE',  ( -3.155443620884047222E-30, -1.000000000000000000, -2.820688578824082862E-16 ) ) ;
#848 = CARTESIAN_POINT ( 'NONE',  ( -8.000000000000000000, -11.00000000000000000, 2.000000000000000000 ) ) ;
#849 = ORIENTED_EDGE ( 'NONE', *, *, #1724, .F. ) ;
#850 = ORIENTED_EDGE ( 'NONE', *, *, #1777, .F. ) ;
#851 = EDGE_CURVE ( 'NONE', #1457, #243, #1182, .T. ) ;
#852 = DIRECTION ( 'NONE',  ( 1.000000000000000000, 0.000000000000000000, 0.000000000000000000 ) ) ;
#853 = DIRECTION ( 'NONE',  ( 0.000000000000000000, 0.000000000000000000, -1.000000000000000000 ) ) ;
#854 = CARTESIAN_POINT ( 'NONE',  ( -3.299532720483756787, 3.499999999999899192, 4.200000000000106759 ) ) ;
#855 = CIRCLE ( 'NONE', #234, 3.000000000000000444 ) ;
#856 = CARTESIAN_POINT ( 'NONE',  ( 13.99999999999981171, 1.299999999999898570, 2.000000000000105693 ) ) ;
#857 = EDGE_CURVE ( 'NONE', #1371, #1334, #1490, .T. ) ;
#858 = VECTOR ( 'NONE', #1612, 1000.000000000000000 ) ;
#859 = DIRECTION ( 'NONE',  ( 0.000000000000000000, 2.312964634635741083E-15, 1.000000000000000000 ) ) ;
#860 = VERTEX_POINT ( 'NONE', #1773 ) ;
#861 = VERTEX_POINT ( 'NONE', #1001 ) ;
#862 = ADVANCED_FACE ( 'NONE', ( #434, #251 ), #1755, .F. ) ;
#863 = DIRECTION ( 'NONE',  ( 0.000000000000000000, 0.000000000000000000, 1.000000000000000000 ) ) ;
#864 = CLOSED_SHELL ( 'NONE', ( #1003, #885, #1700, #91, #1729, #1519, #1795, #1391, #1117, #1128, #452, #1722, #1275, #405, #20, #1176, #1713, #128, #1807, #311, #541, #264, #1459, #1584, #1331, #548, #167, #1262, #862, #1012, #145, #314, #714, #1590, #1110, #1804, #515, #866, #1409, #76, #1656, #1377, #775, #1595, #899, #1199, #1036, #571, #51, #1905, #438, #1204, #1231, #662, #538, #720, #1893, #976, #1869, #1268 ) ) ;
#865 = EDGE_LOOP ( 'NONE', ( #1161, #1041, #1305, #1685 ) ) ;
#866 = ADVANCED_FACE ( 'NONE', ( #1632, #1444 ), #1603, .T. ) ;
#867 = FACE_BOUND ( 'NONE', #221, .T. ) ;
#868 = VECTOR ( 'NONE', #1658, 1000.000000000000000 ) ;
#869 = VECTOR ( 'NONE', #1791, 1000.000000000000000 ) ;
#870 = VECTOR ( 'NONE', #224, 1000.000000000000000 ) ;
#871 = CARTESIAN_POINT ( 'NONE',  ( 3.000000000000000444, -3.000000000000000000, 0.000000000000000000 ) ) ;
#872 = DIRECTION ( 'NONE',  ( -1.000000000000000000, 0.000000000000000000, 0.000000000000000000 ) ) ;
#873 = EDGE_LOOP ( 'NONE', ( #1031, #588, #618, #1742 ) ) ;
#874 = VERTEX_POINT ( 'NONE', #856 ) ;
#875 = CARTESIAN_POINT ( 'NONE',  ( -8.000000000000000000, -10.99999999999991651, 2.000000000000000000 ) ) ;
#876 = VERTEX_POINT ( 'NONE', #871 ) ;
#877 = FACE_OUTER_BOUND ( 'NONE', #1139, .T. ) ;
#878 = DIRECTION ( 'NONE',  ( -1.000000000000000000, 3.155443620884046871E-30, 9.869695000471888163E-31 ) ) ;
#879 = DIRECTION ( 'NONE',  ( -1.000000000000000000, 0.000000000000000000, 0.000000000000000000 ) ) ;
#880 = ORIENTED_EDGE ( 'NONE', *, *, #1840, .T. ) ;
#881 = ORIENTED_EDGE ( 'NONE', *, *, #726, .T. ) ;
#882 = CARTESIAN_POINT ( 'NONE',  ( -8.000000000000000000, -11.00000000000000000, 0.000000000000000000 ) ) ;
#883 = CARTESIAN_POINT ( 'NONE',  ( -14.49999999999996092, 0.2499999999998961386, 5.250000000000102141 ) ) ;
#884 = DIRECTION ( 'NONE',  ( 1.000000000000000000, 0.000000000000000000, 0.000000000000000000 ) ) ;
#885 = ADVANCED_FACE ( 'NONE', ( #1464 ), #779, .F. ) ;
#886 = LINE ( 'NONE', #1303, #930 ) ;
#887 = AXIS2_PLACEMENT_3D ( 'NONE', #1714, #191, #1382 ) ;
#888 = EDGE_CURVE ( 'NONE', #654, #437, #395, .T. ) ;
#889 = DIRECTION ( 'NONE',  ( -1.000000000000000000, 0.000000000000000000, 0.000000000000000000 ) ) ;
#890 = AXIS2_PLACEMENT_3D ( 'NONE', #306, #1518, #324 ) ;
#891 = ORIENTED_EDGE ( 'NONE', *, *, #489, .F. ) ;
#892 = ORIENTED_EDGE ( 'NONE', *, *, #910, .T. ) ;
#893 = CARTESIAN_POINT ( 'NONE',  ( -18.96273862543355193, -25.50000000000010658, 4.200000000000096101 ) ) ;
#894 = CARTESIAN_POINT ( 'NONE',  ( -14.49999999999996092, -22.24999999999989342, 5.250000000000102141 ) ) ;
#895 = EDGE_CURVE ( 'NONE', #1628, #274, #1501, .T. ) ;
#896 = CARTESIAN_POINT ( 'NONE',  ( -14.00000000000018829, 0.4999999999998963607, 8.500000000000097700 ) ) ;
#897 = DIRECTION ( 'NONE',  ( 1.000000000000000000, 0.000000000000000000, 0.000000000000000000 ) ) ;
#898 = CIRCLE ( 'NONE', #58, 4.049999999999998934 ) ;
#899 = ADVANCED_FACE ( 'NONE', ( #740, #147 ), #601, .T. ) ;
#900 = CARTESIAN_POINT ( 'NONE',  ( -19.49999999999996092, -25.49999999999989697, 4.200000000000106759 ) ) ;
#901 = CIRCLE ( 'NONE', #1652, 3.000000000000000444 ) ;
#902 = VERTEX_POINT ( 'NONE', #299 ) ;
#903 = EDGE_LOOP ( 'NONE', ( #1579, #1404, #1744, #1278 ) ) ;
#904 = CARTESIAN_POINT ( 'NONE',  ( -14.00000000000018829, 0.2499999999998961386, 6.500000000000102141 ) ) ;
#905 = LINE ( 'NONE', #1499, #1768 ) ;
#906 = CARTESIAN_POINT ( 'NONE',  ( 19.49999999999996092, -3.000000000000099920, 5.000000000000102141 ) ) ;
#907 = CYLINDRICAL_SURFACE ( 'NONE', #1580, 2.999999999999999556 ) ;
#908 = CARTESIAN_POINT ( 'NONE',  ( -14.49999999999996092, 0.2499999999998961386, 5.250000000000102141 ) ) ;
#909 = ORIENTED_EDGE ( 'NONE', *, *, #1748, .F. ) ;
#910 = EDGE_CURVE ( 'NONE', #1806, #1814, #31, .T. ) ;
#911 = EDGE_LOOP ( 'NONE', ( #1185, #1728, #677, #781, #880, #1504, #624, #1237, #1177, #1591, #519, #71 ) ) ;
#912 = CARTESIAN_POINT ( 'NONE',  ( -14.00000000000018829, -25.50000000000010658, 4.200000000000096101 ) ) ;
#913 = FACE_OUTER_BOUND ( 'NONE', #407, .T. ) ;
#914 = DIRECTION ( 'NONE',  ( -0.000000000000000000, -0.000000000000000000, 1.000000000000000000 ) ) ;
#915 = EDGE_CURVE ( 'NONE', #1598, #132, #1279, .T. ) ;
#916 = DIRECTION ( 'NONE',  ( -1.000000000000000000, 0.000000000000000000, 0.000000000000000000 ) ) ;
#917 = CIRCLE ( 'NONE', #1637, 3.000000000000000888 ) ;
#918 = DIRECTION ( 'NONE',  ( 0.000000000000000000, 0.000000000000000000, -1.000000000000000000 ) ) ;
#919 = EDGE_CURVE ( 'NONE', #817, #1806, #429, .T. ) ;
#920 = ORIENTED_EDGE ( 'NONE', *, *, #1320, .F. ) ;
#921 = AXIS2_PLACEMENT_3D ( 'NONE', #1441, #598, #608 ) ;
#922 = VECTOR ( 'NONE', #433, 1000.000000000000000 ) ;
#923 = ORIENTED_EDGE ( 'NONE', *, *, #455, .F. ) ;
#924 = AXIS2_PLACEMENT_3D ( 'NONE', #341, #1083, #1817 ) ;
#925 = FACE_OUTER_BOUND ( 'NONE', #1541, .T. ) ;
#926 = CARTESIAN_POINT ( 'NONE',  ( -3.299532720483756787, 0.2499999999998961386, 5.250000000000102141 ) ) ;
#927 = LINE ( 'NONE', #630, #263 ) ;
#928 = DIRECTION ( 'NONE',  ( -1.000000000000000000, 0.000000000000000000, 0.000000000000000000 ) ) ;
#929 = FACE_OUTER_BOUND ( 'NONE', #993, .T. ) ;
#930 = VECTOR ( 'NONE', #1330, 1000.000000000000000 ) ;
#931 = VERTEX_POINT ( 'NONE', #1208 ) ;
#932 = AXIS2_PLACEMENT_3D ( 'NONE', #406, #859, #1445 ) ;
#933 = CIRCLE ( 'NONE', #1091, 1.249999999999999334 ) ;
#934 = ORIENTED_EDGE ( 'NONE', *, *, #1416, .F. ) ;
#935 = CARTESIAN_POINT ( 'NONE',  ( 19.49999999999996092, -3.000000000000099920, 2.000000000000000000 ) ) ;
#936 = LINE ( 'NONE', #647, #1296 ) ;
#937 = ORIENTED_EDGE ( 'NONE', *, *, #655, .T. ) ;
#938 = LINE ( 'NONE', #593, #1888 ) ;
#939 = CARTESIAN_POINT ( 'NONE',  ( -11.00000000000000178, -10.99999999999991651, 0.000000000000000000 ) ) ;
#940 = ORIENTED_EDGE ( 'NONE', *, *, #1924, .T. ) ;
#941 = VERTEX_POINT ( 'NONE', #1653 ) ;
#942 = PRODUCT_DEFINITION_CONTEXT ( 'detailed design', #397, 'design' ) ;
#943 = LINE ( 'NONE', #1124, #1763 ) ;
#944 = CARTESIAN_POINT ( 'NONE',  ( -1.250000000000000000, -19.00000000000000000, 0.000000000000000000 ) ) ;
#945 = ORIENTED_EDGE ( 'NONE', *, *, #25, .F. ) ;
#946 = CARTESIAN_POINT ( 'NONE',  ( 13.99999999999981171, -25.49999999999989697, 8.500000000000104805 ) ) ;
#947 = EDGE_CURVE ( 'NONE', #103, #458, #1812, .T. ) ;
#948 = DIRECTION ( 'NONE',  ( -1.000000000000000000, 0.000000000000000000, 0.000000000000000000 ) ) ;
#949 = EDGE_CURVE ( 'NONE', #1399, #861, #1046, .T. ) ;
#950 = ORIENTED_EDGE ( 'NONE', *, *, #857, .F. ) ;
#951 = VERTEX_POINT ( 'NONE', #1342 ) ;
#952 =( NAMED_UNIT ( * ) SI_UNIT ( $, .STERADIAN. ) SOLID_ANGLE_UNIT ( ) );
#953 = CARTESIAN_POINT ( 'NONE',  ( 13.99999999999981171, 3.499999999999899192, 8.500000000000104805 ) ) ;
#954 = AXIS2_PLACEMENT_3D ( 'NONE', #1311, #1903, #1892 ) ;
#955 = DIRECTION ( 'NONE',  ( 1.000000000000000000, 0.000000000000000000, 0.000000000000000000 ) ) ;
#956 = ORIENTED_EDGE ( 'NONE', *, *, #687, .F. ) ;
#957 = DIRECTION ( 'NONE',  ( 0.000000000000000000, 0.000000000000000000, -1.000000000000000000 ) ) ;
#958 = CARTESIAN_POINT ( 'NONE',  ( -4.999999999999999112, -10.99999999999991651, 0.000000000000000000 ) ) ;
#959 = ORIENTED_EDGE ( 'NONE', *, *, #284, .F. ) ;
#960 = ORIENTED_EDGE ( 'NONE', *, *, #1563, .F. ) ;
#961 = EDGE_CURVE ( 'NONE', #1619, #1287, #470, .T. ) ;
#962 = VECTOR ( 'NONE', #1138, 1000.000000000000000 ) ;
#963 = DIRECTION ( 'NONE',  ( -1.000000000000000000, -0.000000000000000000, -0.000000000000000000 ) ) ;
#964 = CIRCLE ( 'NONE', #648, 1.250000000000000444 ) ;
#965 = CARTESIAN_POINT ( 'NONE',  ( -14.00000000000018829, -22.49999999999989342, 8.500000000000097700 ) ) ;
#966 = EDGE_LOOP ( 'NONE', ( #843, #615 ) ) ;
#967 = CARTESIAN_POINT ( 'NONE',  ( -16.22002647252318042, -22.49999999999989342, 5.000000000000101252 ) ) ;
#968 = EDGE_CURVE ( 'NONE', #902, #1287, #1672, .T. ) ;
#969 = CARTESIAN_POINT ( 'NONE',  ( 0.000000000000000000, -3.000000000000000000, 0.000000000000000000 ) ) ;
#970 = ORIENTED_EDGE ( 'NONE', *, *, #754, .F. ) ;
#971 = DIRECTION ( 'NONE',  ( 0.000000000000000000, 0.000000000000000000, -1.000000000000000000 ) ) ;
#972 = ORIENTED_EDGE ( 'NONE', *, *, #164, .F. ) ;
#973 = EDGE_CURVE ( 'NONE', #1881, #1290, #308, .T. ) ;
#974 = FACE_BOUND ( 'NONE', #1526, .T. ) ;
#975 = LINE ( 'NONE', #649, #1698 ) ;
#976 = ADVANCED_FACE ( 'NONE', ( #1671, #157 ), #749, .T. ) ;
#977 = VERTEX_POINT ( 'NONE', #1197 ) ;
#978 = CARTESIAN_POINT ( 'NONE',  ( 19.49999999999996092, 0.2499999999998961386, 2.750000000000099920 ) ) ;
#979 = DIRECTION ( 'NONE',  ( 0.000000000000000000, 0.000000000000000000, 1.000000000000000000 ) ) ;
#980 = ORIENTED_EDGE ( 'NONE', *, *, #1186, .T. ) ;
#981 = EDGE_CURVE ( 'NONE', #254, #670, #938, .T. ) ;
#982 = ORIENTED_EDGE ( 'NONE', *, *, #597, .F. ) ;
#983 = VECTOR ( 'NONE', #963, 1000.000000000000000 ) ;
#984 = CIRCLE ( 'NONE', #545, 3.499999999999996003 ) ;
#985 = PLANE ( 'NONE',  #141 ) ;
#986 = ORIENTED_EDGE ( 'NONE', *, *, #148, .T. ) ;
#987 = CARTESIAN_POINT ( 'NONE',  ( -14.49999999999996092, 0.2499999999998964717, 2.750000000000101252 ) ) ;
#988 = AXIS2_PLACEMENT_3D ( 'NONE', #1104, #1238, #525 ) ;
#989 = DIRECTION ( 'NONE',  ( 1.255701721802398411E-30, 0.7071067811865497932, 0.7071067811865453523 ) ) ;
#990 = EDGE_LOOP ( 'NONE', ( #1385, #1116, #378, #1427 ) ) ;
#991 = CARTESIAN_POINT ( 'NONE',  ( -14.49999999999996092, -22.25000000000011013, 5.250000000000102141 ) ) ;
#992 = ORIENTED_EDGE ( 'NONE', *, *, #1753, .F. ) ;
#993 = EDGE_LOOP ( 'NONE', ( #1126, #1815, #1678, #418 ) ) ;
#994 = CIRCLE ( 'NONE', #393, 4.049999999999998934 ) ;
#995 = CARTESIAN_POINT ( 'NONE',  ( -8.000000000000000000, -11.00000000000000000, 2.000000000000000000 ) ) ;
#996 = ORIENTED_EDGE ( 'NONE', *, *, #760, .F. ) ;
#997 = VECTOR ( 'NONE', #716, 1000.000000000000000 ) ;
#998 = EDGE_CURVE ( 'NONE', #1855, #977, #1349, .T. ) ;
#999 = CARTESIAN_POINT ( 'NONE',  ( 0.000000000000000000, -19.00000000000000000, 2.000000000000000000 ) ) ;
#1000 = PRODUCT ( '5. Bottom Motor Mount', '5. Bottom Motor Mount', '', ( #85 ) ) ;
#1001 = CARTESIAN_POINT ( 'NONE',  ( -19.49999999999996092, 0.4999999999998963607, 8.500000000000097700 ) ) ;
#1002 = DIRECTION ( 'NONE',  ( 1.000000000000000000, 0.000000000000000000, 0.000000000000000000 ) ) ;
#1003 = ADVANCED_FACE ( 'NONE', ( #1055 ), #907, .F. ) ;
#1004 = EDGE_LOOP ( 'NONE', ( #784, #97, #596, #99 ) ) ;
#1005 = CARTESIAN_POINT ( 'NONE',  ( 19.49999999999996092, -22.85637092912639545, 2.000000000000000000 ) ) ;
#1006 = ORIENTED_EDGE ( 'NONE', *, *, #947, .T. ) ;
#1007 = CARTESIAN_POINT ( 'NONE',  ( 5.000000000000000888, -11.00000000000002665, 2.000000000000000000 ) ) ;
#1008 = CARTESIAN_POINT ( 'NONE',  ( 0.000000000000000000, -3.000000000000000000, 0.000000000000000000 ) ) ;
#1009 = DIRECTION ( 'NONE',  ( -9.869695000471881156E-31, 0.000000000000000000, -1.000000000000000000 ) ) ;
#1010 = EDGE_CURVE ( 'NONE', #793, #1297, #1392, .T. ) ;
#1011 = ORIENTED_EDGE ( 'NONE', *, *, #839, .T. ) ;
#1012 = ADVANCED_FACE ( 'NONE', ( #494 ), #1258, .T. ) ;
#1013 = ORIENTED_EDGE ( 'NONE', *, *, #340, .F. ) ;
#1014 = FACE_OUTER_BOUND ( 'NONE', #1515, .T. ) ;
#1015 = VECTOR ( 'NONE', #658, 1000.000000000000000 ) ;
#1016 = CARTESIAN_POINT ( 'NONE',  ( -5.586370142149010844E-14, -19.00000000000000000, 2.000000000000000000 ) ) ;
#1017 = CARTESIAN_POINT ( 'NONE',  ( 13.99999999999981171, -3.000000000000099920, 5.000000000000102141 ) ) ;
#1018 = AXIS2_PLACEMENT_3D ( 'NONE', #352, #1717, #75 ) ;
#1019 = DIRECTION ( 'NONE',  ( 0.000000000000000000, 0.000000000000000000, 1.000000000000000000 ) ) ;
#1020 = CARTESIAN_POINT ( 'NONE',  ( -3.299532720483756787, 0.2499999999998961386, 5.250000000000102141 ) ) ;
#1021 = ORIENTED_EDGE ( 'NONE', *, *, #1356, .F. ) ;
#1022 = EDGE_CURVE ( 'NONE', #1825, #1925, #1511, .T. ) ;
#1023 = ORIENTED_EDGE ( 'NONE', *, *, #1380, .T. ) ;
#1024 = DIRECTION ( 'NONE',  ( 0.000000000000000000, 0.000000000000000000, 1.000000000000000000 ) ) ;
#1025 = EDGE_LOOP ( 'NONE', ( #1242, #206 ) ) ;
#1026 = PLANE ( 'NONE',  #417 ) ;
#1027 = AXIS2_PLACEMENT_3D ( 'NONE', #331, #95, #1410 ) ;
#1028 = CARTESIAN_POINT ( 'NONE',  ( 4.049999999999998934, -11.00000000000000000, -2.000000000000000000 ) ) ;
#1029 = DIRECTION ( 'NONE',  ( 0.000000000000000000, 0.000000000000000000, 1.000000000000000000 ) ) ;
#1030 = VERTEX_POINT ( 'NONE', #683 ) ;
#1031 = ORIENTED_EDGE ( 'NONE', *, *, #1494, .F. ) ;
#1032 = EDGE_CURVE ( 'NONE', #112, #84, #1302, .T. ) ;
#1033 = CYLINDRICAL_SURFACE ( 'NONE', #921, 1.249999999999999334 ) ;
#1034 = CARTESIAN_POINT ( 'NONE',  ( 1.250000000000000000, -19.00000000000000000, 2.000000000000000000 ) ) ;
#1035 = DIRECTION ( 'NONE',  ( 1.000000000000000000, 0.000000000000000000, 0.000000000000000000 ) ) ;
#1036 = ADVANCED_FACE ( 'NONE', ( #193 ), #1272, .T. ) ;
#1037 = CARTESIAN_POINT ( 'NONE',  ( -14.00000000000018829, -11.00000000000012079, 48.50000000000009948 ) ) ;
#1038 = CARTESIAN_POINT ( 'NONE',  ( -8.000000000000000000, -11.00000000000000000, -2.000000000000000000 ) ) ;
#1039 = ORIENTED_EDGE ( 'NONE', *, *, #1437, .F. ) ;
#1040 = EDGE_CURVE ( 'NONE', #243, #539, #1841, .T. ) ;
#1041 = ORIENTED_EDGE ( 'NONE', *, *, #226, .F. ) ;
#1042 = CARTESIAN_POINT ( 'NONE',  ( -4.049999999999998934, -11.00000000000000000, 2.000000000000000000 ) ) ;
#1043 = PLANE ( 'NONE',  #1522 ) ;
#1044 = DIRECTION ( 'NONE',  ( 9.869695000471881156E-31, 0.000000000000000000, 1.000000000000000000 ) ) ;
#1045 = EDGE_CURVE ( 'NONE', #860, #1825, #1542, .T. ) ;
#1046 = LINE ( 'NONE', #165, #1090 ) ;
#1047 = AXIS2_PLACEMENT_3D ( 'NONE', #1403, #492, #1395 ) ;
#1048 = LINE ( 'NONE', #939, #803 ) ;
#1049 = CIRCLE ( 'NONE', #1609, 1.250000000000000222 ) ;
#1050 = ORIENTED_EDGE ( 'NONE', *, *, #961, .T. ) ;
#1051 = VERTEX_POINT ( 'NONE', #1848 ) ;
#1052 = CARTESIAN_POINT ( 'NONE',  ( -14.00000000000018829, -18.99999999999990052, 5.000000000000101252 ) ) ;
#1053 = FACE_OUTER_BOUND ( 'NONE', #310, .T. ) ;
#1054 = FACE_OUTER_BOUND ( 'NONE', #386, .T. ) ;
#1055 = FACE_OUTER_BOUND ( 'NONE', #761, .T. ) ;
#1056 = AXIS2_PLACEMENT_3D ( 'NONE', #894, #1073, #1347 ) ;
#1057 = AXIS2_PLACEMENT_3D ( 'NONE', #424, #129, #1471 ) ;
#1058 = AXIS2_PLACEMENT_3D ( 'NONE', #848, #1597, #889 ) ;
#1059 = FACE_OUTER_BOUND ( 'NONE', #911, .T. ) ;
#1060 = ORIENTED_EDGE ( 'NONE', *, *, #1061, .F. ) ;
#1061 = EDGE_CURVE ( 'NONE', #806, #319, #204, .T. ) ;
#1062 = ORIENTED_EDGE ( 'NONE', *, *, #1573, .T. ) ;
#1063 = DIRECTION ( 'NONE',  ( -1.400839308129256173E-31, 0.7071067811865486830, -0.7071067811865464625 ) ) ;
#1064 = CARTESIAN_POINT ( 'NONE',  ( 0.000000000000000000, -19.00000000000000000, 0.000000000000000000 ) ) ;
#1065 = CARTESIAN_POINT ( 'NONE',  ( -14.00000000000018829, -25.49999999999989697, 8.500000000000104805 ) ) ;
#1066 = EDGE_CURVE ( 'NONE', #142, #1855, #1049, .T. ) ;
#1067 = CARTESIAN_POINT ( 'NONE',  ( 13.99999999999981171, 0.4999999999998980815, 5.000000000000101252 ) ) ;
#1068 = CARTESIAN_POINT ( 'NONE',  ( -3.299532720483756787, 0.4999999999998963607, 5.000000000000101252 ) ) ;
#1069 = ORIENTED_EDGE ( 'NONE', *, *, #695, .F. ) ;
#1070 = ORIENTED_EDGE ( 'NONE', *, *, #113, .T. ) ;
#1071 = EDGE_CURVE ( 'NONE', #103, #1165, #447, .T. ) ;
#1072 = DIRECTION ( 'NONE',  ( -0.000000000000000000, -1.000000000000000000, -0.000000000000000000 ) ) ;
#1073 = DIRECTION ( 'NONE',  ( -1.000000000000000000, 0.000000000000000000, 0.000000000000000000 ) ) ;
#1074 = CARTESIAN_POINT ( 'NONE',  ( 19.49999999999996092, -22.25000000000010303, 5.250000000000082601 ) ) ;
#1075 = DIRECTION ( 'NONE',  ( -1.000000000000000000, 7.888609052210123309E-31, -2.756664675315414385E-32 ) ) ;
#1076 = AXIS2_PLACEMENT_3D ( 'NONE', #358, #509, #377 ) ;
#1077 = CARTESIAN_POINT ( 'NONE',  ( 13.99999999999981171, -25.49999999999989697, 8.500000000000104805 ) ) ;
#1078 = ORIENTED_EDGE ( 'NONE', *, *, #895, .T. ) ;
#1079 = AXIS2_PLACEMENT_3D ( 'NONE', #1830, #1097, #1283 ) ;
#1080 = ORIENTED_EDGE ( 'NONE', *, *, #915, .T. ) ;
#1081 = DIRECTION ( 'NONE',  ( 0.000000000000000000, 0.7071067811865486830, -0.7071067811865464625 ) ) ;
#1082 = CARTESIAN_POINT ( 'NONE',  ( 19.49999999999996092, -22.49999999999989342, 8.500000000000097700 ) ) ;
#1083 = DIRECTION ( 'NONE',  ( -1.000000000000000000, -0.000000000000000000, -0.000000000000000000 ) ) ;
#1084 = ORIENTED_EDGE ( 'NONE', *, *, #53, .F. ) ;
#1085 = CARTESIAN_POINT ( 'NONE',  ( -4.049999999999998934, -11.00000000000000000, -3.000000000000000000 ) ) ;
#1086 = CIRCLE ( 'NONE', #391, 2.999999999999999556 ) ;
#1087 = CARTESIAN_POINT ( 'NONE',  ( -14.49999999999996092, 0.2499999999998963052, 4.000000000000101252 ) ) ;
#1088 = VERTEX_POINT ( 'NONE', #1690 ) ;
#1089 = MECHANICAL_DESIGN_GEOMETRIC_PRESENTATION_REPRESENTATION (  '', ( #1618 ), #1243 ) ;
#1090 = VECTOR ( 'NONE', #1643, 1000.000000000000000 ) ;
#1091 = AXIS2_PLACEMENT_3D ( 'NONE', #1535, #1662, #318 ) ;
#1092 = ORIENTED_EDGE ( 'NONE', *, *, #302, .F. ) ;
#1093 = DIRECTION ( 'NONE',  ( -0.000000000000000000, -0.000000000000000000, 1.000000000000000000 ) ) ;
#1094 = EDGE_CURVE ( 'NONE', #503, #1503, #47, .T. ) ;
#1095 = CARTESIAN_POINT ( 'NONE',  ( -4.999999999999999112, -10.99999999999991651, 2.000000000000000000 ) ) ;
#1096 = ORIENTED_EDGE ( 'NONE', *, *, #1837, .F. ) ;
#1097 = DIRECTION ( 'NONE',  ( 0.000000000000000000, 0.000000000000000000, 1.000000000000000000 ) ) ;
#1098 = CARTESIAN_POINT ( 'NONE',  ( -19.49999999999996092, -22.49999999999989342, 5.000000000000101252 ) ) ;
#1099 = ORIENTED_EDGE ( 'NONE', *, *, #1899, .F. ) ;
#1100 = VERTEX_POINT ( 'NONE', #825 ) ;
#1101 = CARTESIAN_POINT ( 'NONE',  ( 3.000000000000000444, -3.000000000000000000, 2.000000000000000000 ) ) ;
#1102 = DIRECTION ( 'NONE',  ( -1.000000000000000000, 0.000000000000000000, 0.000000000000000000 ) ) ;
#1103 = ORIENTED_EDGE ( 'NONE', *, *, #981, .T. ) ;
#1104 = CARTESIAN_POINT ( 'NONE',  ( -19.49999999999996092, 0.2499999999998961386, 5.250000000000102141 ) ) ;
#1105 = CARTESIAN_POINT ( 'NONE',  ( -19.49999999999996092, -3.000000000000099920, 2.000000000000000000 ) ) ;
#1106 = ORIENTED_EDGE ( 'NONE', *, *, #1174, .T. ) ;
#1107 = CIRCLE ( 'NONE', #293, 1.250000000000000444 ) ;
#1108 = ORIENTED_EDGE ( 'NONE', *, *, #1061, .T. ) ;
#1109 = DIRECTION ( 'NONE',  ( -1.000000000000000000, 0.000000000000000000, 0.000000000000000000 ) ) ;
#1110 = ADVANCED_FACE ( 'NONE', ( #1553, #794 ), #1135, .F. ) ;
#1111 = VECTOR ( 'NONE', #1153, 1000.000000000000000 ) ;
#1112 = CARTESIAN_POINT ( 'NONE',  ( 13.99999999999981171, -1.104405267309401674E-29, 2.000000000000000000 ) ) ;
#1113 = ORIENTED_EDGE ( 'NONE', *, *, #597, .T. ) ;
#1114 = CARTESIAN_POINT ( 'NONE',  ( 19.49999999999996092, -25.49999999999989697, 8.500000000000104805 ) ) ;
#1115 = DIRECTION ( 'NONE',  ( 0.000000000000000000, 0.000000000000000000, -1.000000000000000000 ) ) ;
#1116 = ORIENTED_EDGE ( 'NONE', *, *, #78, .T. ) ;
#1117 = ADVANCED_FACE ( 'NONE', ( #501 ), #511, .F. ) ;
#1118 = VECTOR ( 'NONE', #267, 1000.000000000000000 ) ;
#1119 =( LENGTH_UNIT ( ) NAMED_UNIT ( * ) SI_UNIT ( .MILLI., .METRE. ) );
#1120 = CIRCLE ( 'NONE', #646, 2.499999999999998224 ) ;
#1121 = ORIENTED_EDGE ( 'NONE', *, *, #1523, .T. ) ;
#1122 = AXIS2_PLACEMENT_3D ( 'NONE', #1037, #878, #847 ) ;
#1123 = CIRCLE ( 'NONE', #273, 2.499999999999998224 ) ;
#1124 = CARTESIAN_POINT ( 'NONE',  ( -3.299532720483756787, -22.24999999999989342, 6.500000000000101252 ) ) ;
#1125 = DIRECTION ( 'NONE',  ( -1.000000000000000000, -0.000000000000000000, -0.000000000000000000 ) ) ;
#1126 = ORIENTED_EDGE ( 'NONE', *, *, #1506, .F. ) ;
#1127 = LINE ( 'NONE', #815, #1424 ) ;
#1128 = ADVANCED_FACE ( 'NONE', ( #1428 ), #1726, .F. ) ;
#1129 = CARTESIAN_POINT ( 'NONE',  ( -14.00000000000018829, 3.499999999999899192, 4.200000000000092548 ) ) ;
#1130 = VERTEX_POINT ( 'NONE', #212 ) ;
#1131 = DIRECTION ( 'NONE',  ( 1.000000000000000000, 0.000000000000000000, 0.000000000000000000 ) ) ;
#1132 = ORIENTED_EDGE ( 'NONE', *, *, #473, .T. ) ;
#1133 = LINE ( 'NONE', #1870, #704 ) ;
#1134 = EDGE_LOOP ( 'NONE', ( #970, #190, #937, #1689 ) ) ;
#1135 = PLANE ( 'NONE',  #1018 ) ;
#1136 = CARTESIAN_POINT ( 'NONE',  ( 8.000000000000000000, -11.00000000000000000, -2.000000000000000000 ) ) ;
#1137 = VERTEX_POINT ( 'NONE', #807 ) ;
#1138 = DIRECTION ( 'NONE',  ( 1.000000000000000000, -7.888609052210118054E-31, -9.869695000471881156E-31 ) ) ;
#1139 = EDGE_LOOP ( 'NONE', ( #532, #1300, #1215, #945 ) ) ;
#1140 = EDGE_CURVE ( 'NONE', #1889, #1536, #67, .T. ) ;
#1141 = ORIENTED_EDGE ( 'NONE', *, *, #651, .T. ) ;
#1142 = FACE_OUTER_BOUND ( 'NONE', #301, .T. ) ;
#1143 = VERTEX_POINT ( 'NONE', #1566 ) ;
#1144 = DIRECTION ( 'NONE',  ( 0.000000000000000000, -1.000000000000000000, 2.312964634635740689E-15 ) ) ;
#1145 = VECTOR ( 'NONE', #916, 1000.000000000000000 ) ;
#1146 = CARTESIAN_POINT ( 'NONE',  ( 19.49999999999996092, -18.99999999999990052, 2.000000000000000000 ) ) ;
#1147 = CARTESIAN_POINT ( 'NONE',  ( -19.49999999999996092, -22.85637092912639545, 2.000000000000000000 ) ) ;
#1148 = ORIENTED_EDGE ( 'NONE', *, *, #690, .F. ) ;
#1149 = VERTEX_POINT ( 'NONE', #978 ) ;
#1150 = CIRCLE ( 'NONE', #457, 1.249999999999999334 ) ;
#1151 = CARTESIAN_POINT ( 'NONE',  ( -8.000000000000000000, -11.00000000000000000, -2.000000000000000000 ) ) ;
#1152 = ORIENTED_EDGE ( 'NONE', *, *, #551, .F. ) ;
#1153 = DIRECTION ( 'NONE',  ( 1.000000000000000000, -7.888609052210118054E-31, -9.869695000471881156E-31 ) ) ;
#1154 = EDGE_CURVE ( 'NONE', #503, #1889, #1127, .T. ) ;
#1155 = EDGE_CURVE ( 'NONE', #874, #408, #250, .T. ) ;
#1156 = DIRECTION ( 'NONE',  ( -0.000000000000000000, -0.000000000000000000, -1.000000000000000000 ) ) ;
#1157 = CARTESIAN_POINT ( 'NONE',  ( 0.000000000000000000, -19.00000000000000000, 0.000000000000000000 ) ) ;
#1158 = VERTEX_POINT ( 'NONE', #987 ) ;
#1159 = ORIENTED_EDGE ( 'NONE', *, *, #768, .T. ) ;
#1160 = CYLINDRICAL_SURFACE ( 'NONE', #1606, 3.000000000000000444 ) ;
#1161 = ORIENTED_EDGE ( 'NONE', *, *, #1480, .F. ) ;
#1162 = CARTESIAN_POINT ( 'NONE',  ( 8.000000000000000000, -11.00000000000002665, 0.000000000000000000 ) ) ;
#1163 = CARTESIAN_POINT ( 'NONE',  ( 1.250000000000000000, -3.000000000000000000, 2.000000000000000000 ) ) ;
#1164 = LINE ( 'NONE', #1765, #1897 ) ;
#1165 = VERTEX_POINT ( 'NONE', #241 ) ;
#1166 = ORIENTED_EDGE ( 'NONE', *, *, #968, .T. ) ;
#1167 = CARTESIAN_POINT ( 'NONE',  ( -14.49999999999996092, 0.2499999999998961386, 5.250000000000102141 ) ) ;
#1168 = VECTOR ( 'NONE', #801, 1000.000000000000000 ) ;
#1169 = EDGE_LOOP ( 'NONE', ( #1908, #1570, #637, #1294, #1440, #329 ) ) ;
#1170 = FACE_BOUND ( 'NONE', #1577, .T. ) ;
#1171 = CARTESIAN_POINT ( 'NONE',  ( 9.250000000000000000, -11.00000000000000000, -2.000000000000000000 ) ) ;
#1172 = AXIS2_PLACEMENT_3D ( 'NONE', #1478, #441, #462 ) ;
#1173 = FACE_OUTER_BOUND ( 'NONE', #595, .T. ) ;
#1174 = EDGE_CURVE ( 'NONE', #1137, #606, #581, .T. ) ;
#1175 = ORIENTED_EDGE ( 'NONE', *, *, #1463, .T. ) ;
#1176 = ADVANCED_FACE ( 'NONE', ( #106 ), #135, .F. ) ;
#1177 = ORIENTED_EDGE ( 'NONE', *, *, #1369, .F. ) ;
#1178 = DIRECTION ( 'NONE',  ( -9.869695000471881156E-31, 0.000000000000000000, -1.000000000000000000 ) ) ;
#1179 = DIRECTION ( 'NONE',  ( 0.000000000000000000, -1.000000000000000000, -2.312964634635741083E-15 ) ) ;
#1180 = CARTESIAN_POINT ( 'NONE',  ( -18.96273862543355193, 1.299999999999898570, 2.000000000000105693 ) ) ;
#1181 = AXIS2_PLACEMENT_3D ( 'NONE', #926, #1896, #1604 ) ;
#1182 = LINE ( 'NONE', #280, #1863 ) ;
#1183 = EDGE_CURVE ( 'NONE', #437, #654, #237, .T. ) ;
#1184 = CARTESIAN_POINT ( 'NONE',  ( -14.00000000000018829, -25.49999999999989697, 4.200000000000106759 ) ) ;
#1185 = ORIENTED_EDGE ( 'NONE', *, *, #1660, .F. ) ;
#1186 = EDGE_CURVE ( 'NONE', #1246, #1345, #268, .T. ) ;
#1187 = VERTEX_POINT ( 'NONE', #1583 ) ;
#1188 = CARTESIAN_POINT ( 'NONE',  ( -8.000000000000000000, -10.99999999999991651, 0.000000000000000000 ) ) ;
#1189 = DIRECTION ( 'NONE',  ( 0.000000000000000000, 0.000000000000000000, -1.000000000000000000 ) ) ;
#1190 = DIRECTION ( 'NONE',  ( 1.000000000000000000, 0.000000000000000000, 0.000000000000000000 ) ) ;
#1191 = DIRECTION ( 'NONE',  ( -0.000000000000000000, 1.000000000000000000, 2.312964634635740689E-15 ) ) ;
#1192 = ORIENTED_EDGE ( 'NONE', *, *, #655, .F. ) ;
#1193 = EDGE_LOOP ( 'NONE', ( #1692, #1141, #1062, #402 ) ) ;
#1194 = DIRECTION ( 'NONE',  ( -0.000000000000000000, -0.000000000000000000, -1.000000000000000000 ) ) ;
#1195 = CYLINDRICAL_SURFACE ( 'NONE', #181, 2.500000000000001776 ) ;
#1196 = CARTESIAN_POINT ( 'NONE',  ( -14.49999999999996092, -22.24999999999989342, 4.000000000000102141 ) ) ;
#1197 = CARTESIAN_POINT ( 'NONE',  ( -14.49999999999996092, 0.2499999999998961386, 6.500000000000102141 ) ) ;
#1198 = AXIS2_PLACEMENT_3D ( 'NONE', #1425, #1402, #63 ) ;
#1199 = ADVANCED_FACE ( 'NONE', ( #877 ), #258, .T. ) ;
#1200 = CARTESIAN_POINT ( 'NONE',  ( 19.49999999999996092, 0.4999999999998963607, 8.500000000000097700 ) ) ;
#1201 = VECTOR ( 'NONE', #362, 1000.000000000000000 ) ;
#1202 = ORIENTED_EDGE ( 'NONE', *, *, #25, .T. ) ;
#1203 = ORIENTED_EDGE ( 'NONE', *, *, #839, .F. ) ;
#1204 = ADVANCED_FACE ( 'NONE', ( #412, #403, #1737, #867, #837, #1921 ), #1435, .T. ) ;
#1205 = DIRECTION ( 'NONE',  ( 0.000000000000000000, 0.000000000000000000, 1.000000000000000000 ) ) ;
#1206 = CARTESIAN_POINT ( 'NONE',  ( 19.49999999999996092, -22.25000000000010303, 2.750000000000083489 ) ) ;
#1207 = FACE_OUTER_BOUND ( 'NONE', #22, .T. ) ;
#1208 = CARTESIAN_POINT ( 'NONE',  ( 13.99999999999981171, -23.30000000000011084, 2.000000000000108802 ) ) ;
#1209 = CIRCLE ( 'NONE', #556, 3.499999999999996003 ) ;
#1210 = CIRCLE ( 'NONE', #616, 2.500000000000001776 ) ;
#1211 = PLANE ( 'NONE',  #1900 ) ;
#1212 = EDGE_CURVE ( 'NONE', #1165, #811, #703, .T. ) ;
#1213 = CIRCLE ( 'NONE', #587, 2.500000000000000444 ) ;
#1214 = ORIENTED_EDGE ( 'NONE', *, *, #53, .T. ) ;
#1215 = ORIENTED_EDGE ( 'NONE', *, *, #1154, .T. ) ;
#1216 = DIRECTION ( 'NONE',  ( -0.000000000000000000, -0.000000000000000000, 1.000000000000000000 ) ) ;
#1217 = CARTESIAN_POINT ( 'NONE',  ( 19.49999999999996092, 0.2499999999998961386, 5.250000000000102141 ) ) ;
#1218 = CYLINDRICAL_SURFACE ( 'NONE', #1918, 1.250000000000000000 ) ;
#1219 = DIRECTION ( 'NONE',  ( -1.000000000000000000, 0.000000000000000000, 0.000000000000000000 ) ) ;
#1220 = PLANE ( 'NONE',  #742 ) ;
#1221 = ORIENTED_EDGE ( 'NONE', *, *, #660, .T. ) ;
#1222 = ORIENTED_EDGE ( 'NONE', *, *, #252, .T. ) ;
#1223 = CARTESIAN_POINT ( 'NONE',  ( 19.49999999999996092, -25.49999999999989697, 8.500000000000104805 ) ) ;
#1224 = FACE_OUTER_BOUND ( 'NONE', #334, .T. ) ;
#1225 = ORIENTED_EDGE ( 'NONE', *, *, #340, .T. ) ;
#1226 = DIRECTION ( 'NONE',  ( 1.000000000000000000, 0.000000000000000000, 0.000000000000000000 ) ) ;
#1227 = VECTOR ( 'NONE', #1621, 1000.000000000000000 ) ;
#1228 = DIRECTION ( 'NONE',  ( 0.000000000000000000, 0.000000000000000000, 1.000000000000000000 ) ) ;
#1229 = ORIENTED_EDGE ( 'NONE', *, *, #1467, .T. ) ;
#1230 = CIRCLE ( 'NONE', #1886, 1.249999999999999334 ) ;
#1231 = ADVANCED_FACE ( 'NONE', ( #1301 ), #713, .F. ) ;
#1232 = AXIS2_PLACEMENT_3D ( 'NONE', #967, #372, #957 ) ;
#1233 = ORIENTED_EDGE ( 'NONE', *, *, #910, .F. ) ;
#1234 = EDGE_CURVE ( 'NONE', #1925, #1825, #1266, .T. ) ;
#1235 = CARTESIAN_POINT ( 'NONE',  ( -18.96273862543355193, 3.499999999999899192, 4.200000000000092548 ) ) ;
#1236 = LINE ( 'NONE', #1688, #506 ) ;
#1237 = ORIENTED_EDGE ( 'NONE', *, *, #307, .T. ) ;
#1238 = DIRECTION ( 'NONE',  ( -1.000000000000000000, 0.000000000000000000, 0.000000000000000000 ) ) ;
#1239 = DIRECTION ( 'NONE',  ( 0.000000000000000000, 0.000000000000000000, -1.000000000000000000 ) ) ;
#1240 = EDGE_CURVE ( 'NONE', #951, #1503, #1462, .T. ) ;
#1241 = CIRCLE ( 'NONE', #1767, 3.000000000000000444 ) ;
#1242 = ORIENTED_EDGE ( 'NONE', *, *, #222, .T. ) ;
#1243 =( GEOMETRIC_REPRESENTATION_CONTEXT ( 3 ) GLOBAL_UNCERTAINTY_ASSIGNED_CONTEXT ( ( #1686 ) ) GLOBAL_UNIT_ASSIGNED_CONTEXT ( ( #1119, #1276, #1876 ) ) REPRESENTATION_CONTEXT ( 'NONE', 'WORKASPACE' ) );
#1244 = VECTOR ( 'NONE', #325, 1000.000000000000000 ) ;
#1245 = AXIS2_PLACEMENT_3D ( 'NONE', #443, #1512, #178 ) ;
#1246 = VERTEX_POINT ( 'NONE', #1017 ) ;
#1247 = DIRECTION ( 'NONE',  ( 0.000000000000000000, 0.000000000000000000, -1.000000000000000000 ) ) ;
#1248 = DIRECTION ( 'NONE',  ( 0.000000000000000000, -0.000000000000000000, -1.000000000000000000 ) ) ;
#1249 = EDGE_LOOP ( 'NONE', ( #797, #1485, #702, #626 ) ) ;
#1250 = DIRECTION ( 'NONE',  ( 0.000000000000000000, -0.000000000000000000, 1.000000000000000000 ) ) ;
#1251 = LINE ( 'NONE', #514, #773 ) ;
#1252 = ORIENTED_EDGE ( 'NONE', *, *, #695, .T. ) ;
#1253 = ORIENTED_EDGE ( 'NONE', *, *, #302, .T. ) ;
#1254 = APPLICATION_PROTOCOL_DEFINITION ( 'draft international standard', 'automotive_design', 1998, #397 ) ;
#1255 = CARTESIAN_POINT ( 'NONE',  ( 19.49999999999996092, -22.85637092912639545, 2.000000000000000000 ) ) ;
#1256 = CARTESIAN_POINT ( 'NONE',  ( -16.22002647252318042, 3.499999999999899192, 8.500000000000104805 ) ) ;
#1257 = VERTEX_POINT ( 'NONE', #1007 ) ;
#1258 = PLANE ( 'NONE',  #576 ) ;
#1259 = EDGE_CURVE ( 'NONE', #1907, #874, #389, .T. ) ;
#1260 = DIRECTION ( 'NONE',  ( 0.000000000000000000, 0.000000000000000000, 1.000000000000000000 ) ) ;
#1261 = EDGE_LOOP ( 'NONE', ( #982, #1750, #1736, #1537 ) ) ;
#1262 = ADVANCED_FACE ( 'NONE', ( #1594 ), #1602, .T. ) ;
#1263 = VECTOR ( 'NONE', #200, 1000.000000000000000 ) ;
#1264 = DIRECTION ( 'NONE',  ( 1.000000000000000000, 0.000000000000000000, 0.000000000000000000 ) ) ;
#1265 = ORIENTED_EDGE ( 'NONE', *, *, #477, .T. ) ;
#1266 = CIRCLE ( 'NONE', #954, 2.500000000000000444 ) ;
#1267 = LINE ( 'NONE', #1550, #983 ) ;
#1268 = ADVANCED_FACE ( 'NONE', ( #1170, #423 ), #1026, .T. ) ;
#1269 = CIRCLE ( 'NONE', #1513, 1.250000000000000222 ) ;
#1270 = CARTESIAN_POINT ( 'NONE',  ( 13.99999999999981171, 0.2499999999998961386, 5.250000000000102141 ) ) ;
#1271 = ORIENTED_EDGE ( 'NONE', *, *, #1140, .T. ) ;
#1272 = CYLINDRICAL_SURFACE ( 'NONE', #1232, 3.499999999999996003 ) ;
#1273 = PLANE ( 'NONE',  #1802 ) ;
#1274 = ORIENTED_EDGE ( 'NONE', *, *, #363, .T. ) ;
#1275 = ADVANCED_FACE ( 'NONE', ( #1054 ), #1218, .F. ) ;
#1276 =( NAMED_UNIT ( * ) PLANE_ANGLE_UNIT ( ) SI_UNIT ( $, .RADIAN. ) );
#1277 = CIRCLE ( 'NONE', #584, 1.249999999999999334 ) ;
#1278 = ORIENTED_EDGE ( 'NONE', *, *, #828, .F. ) ;
#1279 = CIRCLE ( 'NONE', #491, 2.999999999999999556 ) ;
#1280 = VECTOR ( 'NONE', #1493, 1000.000000000000000 ) ;
#1281 = LINE ( 'NONE', #531, #1670 ) ;
#1282 = ORIENTED_EDGE ( 'NONE', *, *, #455, .T. ) ;
#1283 = DIRECTION ( 'NONE',  ( 1.000000000000000000, 0.000000000000000000, 0.000000000000000000 ) ) ;
#1284 = DIRECTION ( 'NONE',  ( 1.000000000000000000, -7.888609052210118054E-31, -9.869695000471881156E-31 ) ) ;
#1285 = ORIENTED_EDGE ( 'NONE', *, *, #411, .T. ) ;
#1286 = DIRECTION ( 'NONE',  ( 1.000000000000000000, 0.000000000000000000, 0.000000000000000000 ) ) ;
#1287 = VERTEX_POINT ( 'NONE', #1196 ) ;
#1288 = EDGE_LOOP ( 'NONE', ( #14, #1719, #312, #1099 ) ) ;
#1289 = CARTESIAN_POINT ( 'NONE',  ( 8.000000000000000000, -11.00000000000000000, 2.000000000000000000 ) ) ;
#1290 = VERTEX_POINT ( 'NONE', #163 ) ;
#1291 = CARTESIAN_POINT ( 'NONE',  ( -3.000000000000000444, -2.999999999999999556, 0.000000000000000000 ) ) ;
#1292 = LINE ( 'NONE', #733, #211 ) ;
#1293 = DIRECTION ( 'NONE',  ( 1.000000000000000000, 0.000000000000000000, 0.000000000000000000 ) ) ;
#1294 = ORIENTED_EDGE ( 'NONE', *, *, #612, .F. ) ;
#1295 = EDGE_CURVE ( 'NONE', #1864, #1432, #1810, .T. ) ;
#1296 = VECTOR ( 'NONE', #1826, 1000.000000000000000 ) ;
#1297 = VERTEX_POINT ( 'NONE', #469 ) ;
#1298 = EDGE_CURVE ( 'NONE', #1495, #1674, #592, .T. ) ;
#1299 = DIRECTION ( 'NONE',  ( -1.000000000000000000, 0.000000000000000000, 0.000000000000000000 ) ) ;
#1300 = ORIENTED_EDGE ( 'NONE', *, *, #612, .T. ) ;
#1301 = FACE_OUTER_BOUND ( 'NONE', #80, .T. ) ;
#1302 = CIRCLE ( 'NONE', #48, 2.499999999999998224 ) ;
#1303 = CARTESIAN_POINT ( 'NONE',  ( 5.000000000000000888, -11.00000000000002665, 0.000000000000000000 ) ) ;
#1304 = DIRECTION ( 'NONE',  ( 0.000000000000000000, 0.000000000000000000, -1.000000000000000000 ) ) ;
#1305 = ORIENTED_EDGE ( 'NONE', *, *, #1496, .T. ) ;
#1306 = ORIENTED_EDGE ( 'NONE', *, *, #1259, .T. ) ;
#1307 = VECTOR ( 'NONE', #1482, 1000.000000000000000 ) ;
#1308 = CIRCLE ( 'NONE', #715, 2.499999999999998668 ) ;
#1309 = DIRECTION ( 'NONE',  ( 0.000000000000000000, 0.000000000000000000, 1.000000000000000000 ) ) ;
#1310 = VERTEX_POINT ( 'NONE', #1639 ) ;
#1311 = CARTESIAN_POINT ( 'NONE',  ( -19.49999999999996092, 0.2499999999998961386, 5.250000000000102141 ) ) ;
#1312 = LINE ( 'NONE', #1746, #772 ) ;
#1313 = DIRECTION ( 'NONE',  ( 1.000000000000000000, 0.000000000000000000, 0.000000000000000000 ) ) ;
#1314 = ORIENTED_EDGE ( 'NONE', *, *, #313, .T. ) ;
#1315 = CARTESIAN_POINT ( 'NONE',  ( -1.250000000000000444, -19.00000000000000000, -2.000000000000000000 ) ) ;
#1316 = LINE ( 'NONE', #249, #1118 ) ;
#1317 = DIRECTION ( 'NONE',  ( 1.000000000000000000, 0.000000000000000000, 0.000000000000000000 ) ) ;
#1318 = EDGE_CURVE ( 'NONE', #1379, #1257, #1613, .T. ) ;
#1319 = DIRECTION ( 'NONE',  ( -1.000000000000000000, 7.888609052210123309E-31, -2.756664675315414385E-32 ) ) ;
#1320 = EDGE_CURVE ( 'NONE', #197, #150, #1631, .T. ) ;
#1321 = LINE ( 'NONE', #1914, #1831 ) ;
#1322 = EDGE_LOOP ( 'NONE', ( #74, #659 ) ) ;
#1323 = ORIENTED_EDGE ( 'NONE', *, *, #1071, .T. ) ;
#1324 = DIRECTION ( 'NONE',  ( 1.000000000000000000, 0.000000000000000000, -0.000000000000000000 ) ) ;
#1325 = VECTOR ( 'NONE', #1093, 1000.000000000000000 ) ;
#1326 = DIRECTION ( 'NONE',  ( 0.000000000000000000, 0.000000000000000000, 1.000000000000000000 ) ) ;
#1327 = DIRECTION ( 'NONE',  ( 1.000000000000000000, 0.000000000000000000, 0.000000000000000000 ) ) ;
#1328 = AXIS2_PLACEMENT_3D ( 'NONE', #1423, #1548, #820 ) ;
#1329 = AXIS2_PLACEMENT_3D ( 'NONE', #1452, #1882, #1317 ) ;
#1330 = DIRECTION ( 'NONE',  ( -0.000000000000000000, -0.000000000000000000, 1.000000000000000000 ) ) ;
#1331 = ADVANCED_FACE ( 'NONE', ( #156 ), #185, .T. ) ;
#1332 = CARTESIAN_POINT ( 'NONE',  ( 6.750000000000000888, -11.00000000000000000, -2.000000000000000000 ) ) ;
#1333 = ORIENTED_EDGE ( 'NONE', *, *, #416, .T. ) ;
#1334 = VERTEX_POINT ( 'NONE', #1780 ) ;
#1335 = DIRECTION ( 'NONE',  ( 1.000000000000000000, 0.000000000000000000, 0.000000000000000000 ) ) ;
#1336 = CIRCLE ( 'NONE', #1056, 1.249999999999999334 ) ;
#1337 = DIRECTION ( 'NONE',  ( 0.000000000000000000, -2.312964634635741083E-15, 1.000000000000000000 ) ) ;
#1338 = DIRECTION ( 'NONE',  ( -1.000000000000000000, -0.000000000000000000, -0.000000000000000000 ) ) ;
#1339 = VECTOR ( 'NONE', #1009, 1000.000000000000000 ) ;
#1340 = VECTOR ( 'NONE', #928, 1000.000000000000000 ) ;
#1341 = CIRCLE ( 'NONE', #59, 2.500000000000002220 ) ;
#1342 = CARTESIAN_POINT ( 'NONE',  ( -14.00000000000018829, -25.49999999999989697, 4.199999999999888267 ) ) ;
#1343 = CARTESIAN_POINT ( 'NONE',  ( -19.49999999999996092, 3.499999999999899192, 8.500000000000104805 ) ) ;
#1344 = ORIENTED_EDGE ( 'NONE', *, *, #1384, .F. ) ;
#1345 = VERTEX_POINT ( 'NONE', #906 ) ;
#1346 = DIRECTION ( 'NONE',  ( 0.000000000000000000, 0.000000000000000000, 1.000000000000000000 ) ) ;
#1347 = DIRECTION ( 'NONE',  ( 0.000000000000000000, 0.000000000000000000, -1.000000000000000000 ) ) ;
#1348 = CARTESIAN_POINT ( 'NONE',  ( 0.000000000000000000, -3.000000000000000000, -2.000000000000000000 ) ) ;
#1349 = LINE ( 'NONE', #451, #1145 ) ;
#1350 = DIRECTION ( 'NONE',  ( 0.000000000000000000, 0.000000000000000000, 1.000000000000000000 ) ) ;
#1351 = ORIENTED_EDGE ( 'NONE', *, *, #1318, .T. ) ;
#1352 = ORIENTED_EDGE ( 'NONE', *, *, #508, .T. ) ;
#1353 = CARTESIAN_POINT ( 'NONE',  ( 13.99999999999981171, -25.50000000000010658, 4.200000000000096101 ) ) ;
#1354 = CARTESIAN_POINT ( 'NONE',  ( -16.22002647252318042, 0.2499999999998961386, 5.250000000000102141 ) ) ;
#1355 = DIRECTION ( 'NONE',  ( -0.000000000000000000, -0.000000000000000000, -1.000000000000000000 ) ) ;
#1356 = EDGE_CURVE ( 'NONE', #1532, #1310, #927, .T. ) ;
#1357 = EDGE_CURVE ( 'NONE', #1611, #159, #18, .T. ) ;
#1358 = DIRECTION ( 'NONE',  ( 1.000000000000000000, 0.000000000000000000, 0.000000000000000000 ) ) ;
#1359 = VECTOR ( 'NONE', #1081, 999.9999999999998863 ) ;
#1360 = FACE_BOUND ( 'NONE', #355, .T. ) ;
#1361 = ORIENTED_EDGE ( 'NONE', *, *, #961, .F. ) ;
#1362 = ORIENTED_EDGE ( 'NONE', *, *, #1437, .T. ) ;
#1363 = CARTESIAN_POINT ( 'NONE',  ( -19.49999999999996092, -25.49999999999989697, -2.000000000000000000 ) ) ;
#1364 = CARTESIAN_POINT ( 'NONE',  ( 0.000000000000000000, -3.000000000000000000, 2.000000000000000000 ) ) ;
#1365 = CARTESIAN_POINT ( 'NONE',  ( 8.000000000000000000, -11.00000000000002665, 2.000000000000000000 ) ) ;
#1366 = AXIS2_PLACEMENT_3D ( 'NONE', #79, #840, #527 ) ;
#1367 = DIRECTION ( 'NONE',  ( -1.000000000000000000, 0.000000000000000000, 0.000000000000000000 ) ) ;
#1368 = AXIS2_PLACEMENT_3D ( 'NONE', #1720, #697, #1293 ) ;
#1369 = EDGE_CURVE ( 'NONE', #1665, #931, #756, .T. ) ;
#1370 = DIRECTION ( 'NONE',  ( 0.000000000000000000, 0.000000000000000000, 1.000000000000000000 ) ) ;
#1371 = VERTEX_POINT ( 'NONE', #298 ) ;
#1372 = ORIENTED_EDGE ( 'NONE', *, *, #1811, .T. ) ;
#1373 = CARTESIAN_POINT ( 'NONE',  ( -16.22002647252318042, -22.25000000000010303, 2.750000000000083489 ) ) ;
#1374 = CARTESIAN_POINT ( 'NONE',  ( 13.99999999999981171, 0.2499999999998964717, 7.750000000000103917 ) ) ;
#1375 = DIRECTION ( 'NONE',  ( 0.000000000000000000, 0.000000000000000000, 1.000000000000000000 ) ) ;
#1376 = CARTESIAN_POINT ( 'NONE',  ( -8.000000000000000000, -10.99999999999991651, 0.000000000000000000 ) ) ;
#1377 = ADVANCED_FACE ( 'NONE', ( #1207 ), #778, .T. ) ;
#1378 = LINE ( 'NONE', #40, #459 ) ;
#1379 = VERTEX_POINT ( 'NONE', #748 ) ;
#1380 = EDGE_CURVE ( 'NONE', #159, #1611, #176, .T. ) ;
#1381 = VERTEX_POINT ( 'NONE', #1065 ) ;
#1382 = DIRECTION ( 'NONE',  ( 1.000000000000000000, 0.000000000000000000, 0.000000000000000000 ) ) ;
#1383 = FACE_OUTER_BOUND ( 'NONE', #61, .T. ) ;
#1384 = EDGE_CURVE ( 'NONE', #876, #1545, #146, .T. ) ;
#1385 = ORIENTED_EDGE ( 'NONE', *, *, #164, .T. ) ;
#1386 = DIRECTION ( 'NONE',  ( -1.000000000000000000, -0.000000000000000000, -0.000000000000000000 ) ) ;
#1387 = VECTOR ( 'NONE', #1178, 1000.000000000000000 ) ;
#1388 = DIRECTION ( 'NONE',  ( 0.000000000000000000, -0.000000000000000000, 1.000000000000000000 ) ) ;
#1389 = ORIENTED_EDGE ( 'NONE', *, *, #357, .F. ) ;
#1390 = AXIS2_PLACEMENT_3D ( 'NONE', #36, #1516, #1335 ) ;
#1391 = ADVANCED_FACE ( 'NONE', ( #29 ), #620, .F. ) ;
#1392 = CIRCLE ( 'NONE', #827, 1.250000000000000222 ) ;
#1393 = EDGE_LOOP ( 'NONE', ( #1834, #496, #1006, #1461 ) ) ;
#1394 = CARTESIAN_POINT ( 'NONE',  ( 4.049999999999998934, -11.00000000000000000, -3.000000000000000000 ) ) ;
#1395 = DIRECTION ( 'NONE',  ( 0.000000000000000000, 0.000000000000000000, 1.000000000000000000 ) ) ;
#1396 = ORIENTED_EDGE ( 'NONE', *, *, #1554, .T. ) ;
#1397 = DIRECTION ( 'NONE',  ( 1.000000000000000000, 0.000000000000000000, 0.000000000000000000 ) ) ;
#1398 = DIRECTION ( 'NONE',  ( 1.000000000000000000, 0.000000000000000000, 0.000000000000000000 ) ) ;
#1399 = VERTEX_POINT ( 'NONE', #896 ) ;
#1400 = AXIS2_PLACEMENT_3D ( 'NONE', #253, #428, #272 ) ;
#1401 = ORIENTED_EDGE ( 'NONE', *, *, #1924, .F. ) ;
#1402 = DIRECTION ( 'NONE',  ( 1.000000000000000000, -7.888609052210118054E-31, -9.869695000471881156E-31 ) ) ;
#1403 = CARTESIAN_POINT ( 'NONE',  ( -3.299532720483756787, -22.24999999999989342, 5.250000000000102141 ) ) ;
#1404 = ORIENTED_EDGE ( 'NONE', *, *, #1528, .T. ) ;
#1405 = EDGE_CURVE ( 'NONE', #1297, #793, #1269, .T. ) ;
#1406 = CARTESIAN_POINT ( 'NONE',  ( -14.49999999999996092, 0.2499999999998961386, 7.750000000000102141 ) ) ;
#1407 = DIRECTION ( 'NONE',  ( -1.000000000000000000, 0.000000000000000000, 0.000000000000000000 ) ) ;
#1408 = ORIENTED_EDGE ( 'NONE', *, *, #252, .F. ) ;
#1409 = ADVANCED_FACE ( 'NONE', ( #1412 ), #678, .F. ) ;
#1410 = DIRECTION ( 'NONE',  ( 0.000000000000000000, 0.000000000000000000, 1.000000000000000000 ) ) ;
#1411 = ORIENTED_EDGE ( 'NONE', *, *, #194, .F. ) ;
#1412 = FACE_OUTER_BOUND ( 'NONE', #1527, .T. ) ;
#1413 = CARTESIAN_POINT ( 'NONE',  ( -6.750000000000000888, -11.00000000000000000, -2.000000000000000000 ) ) ;
#1414 = ORIENTED_EDGE ( 'NONE', *, *, #1878, .T. ) ;
#1415 = CARTESIAN_POINT ( 'NONE',  ( -3.299532720483756787, -18.99999999999990052, 5.000000000000101252 ) ) ;
#1416 = EDGE_CURVE ( 'NONE', #247, #902, #943, .T. ) ;
#1417 = CARTESIAN_POINT ( 'NONE',  ( 13.99999999999981171, -18.99999999999990052, 5.000000000000101252 ) ) ;
#1418 = ORIENTED_EDGE ( 'NONE', *, *, #1356, .T. ) ;
#1419 = CIRCLE ( 'NONE', #1916, 2.999999999999999112 ) ;
#1420 = LINE ( 'NONE', #665, #121 ) ;
#1421 =( GEOMETRIC_REPRESENTATION_CONTEXT ( 3 ) GLOBAL_UNCERTAINTY_ASSIGNED_CONTEXT ( ( #628 ) ) GLOBAL_UNIT_ASSIGNED_CONTEXT ( ( #26, #1538, #952 ) ) REPRESENTATION_CONTEXT ( 'NONE', 'WORKASPACE' ) );
#1422 = ORIENTED_EDGE ( 'NONE', *, *, #1549, .F. ) ;
#1423 = CARTESIAN_POINT ( 'NONE',  ( 0.000000000000000000, 0.000000000000000000, 0.000000000000000000 ) ) ;
#1424 = VECTOR ( 'NONE', #732, 1000.000000000000000 ) ;
#1425 = CARTESIAN_POINT ( 'NONE',  ( -14.00000000000018829, 0.4999999999998963607, 5.000000000000101252 ) ) ;
#1426 = LINE ( 'NONE', #1572, #544 ) ;
#1427 = ORIENTED_EDGE ( 'NONE', *, *, #369, .F. ) ;
#1428 = FACE_OUTER_BOUND ( 'NONE', #93, .T. ) ;
#1429 = DIRECTION ( 'NONE',  ( 0.000000000000000000, 0.000000000000000000, 1.000000000000000000 ) ) ;
#1430 = ORIENTED_EDGE ( 'NONE', *, *, #1554, .F. ) ;
#1431 = ORIENTED_EDGE ( 'NONE', *, *, #504, .T. ) ;
#1432 = VERTEX_POINT ( 'NONE', #490 ) ;
#1433 = LINE ( 'NONE', #1005, #636 ) ;
#1434 = DIRECTION ( 'NONE',  ( 1.000000000000000000, 0.000000000000000000, 0.000000000000000000 ) ) ;
#1435 = PLANE ( 'NONE',  #791 ) ;
#1436 = CARTESIAN_POINT ( 'NONE',  ( -16.22002647252318042, -22.25000000000010303, 7.750000000000081712 ) ) ;
#1437 = EDGE_CURVE ( 'NONE', #132, #1598, #83, .T. ) ;
#1438 = FILL_AREA_STYLE_COLOUR ( '', #800 ) ;
#1439 = ORIENTED_EDGE ( 'NONE', *, *, #857, .T. ) ;
#1440 = ORIENTED_EDGE ( 'NONE', *, *, #651, .F. ) ;
#1441 = CARTESIAN_POINT ( 'NONE',  ( 8.000000000000000000, -11.00000000000000000, 2.000000000000000000 ) ) ;
#1442 = DIRECTION ( 'NONE',  ( 1.000000000000000000, -7.888609052210118054E-31, -9.869695000471881156E-31 ) ) ;
#1443 = DIRECTION ( 'NONE',  ( -0.000000000000000000, -0.000000000000000000, -1.000000000000000000 ) ) ;
#1444 = FACE_BOUND ( 'NONE', #1557, .T. ) ;
#1445 = DIRECTION ( 'NONE',  ( 0.000000000000000000, -1.000000000000000000, 2.312964634635741083E-15 ) ) ;
#1446 = EDGE_LOOP ( 'NONE', ( #909, #1547 ) ) ;
#1447 = VECTOR ( 'NONE', #348, 1000.000000000000000 ) ;
#1448 = ORIENTED_EDGE ( 'NONE', *, *, #1496, .F. ) ;
#1449 = VECTOR ( 'NONE', #296, 1000.000000000000000 ) ;
#1450 = CYLINDRICAL_SURFACE ( 'NONE', #574, 2.499999999999999112 ) ;
#1451 = DIRECTION ( 'NONE',  ( 0.000000000000000000, 0.000000000000000000, 1.000000000000000000 ) ) ;
#1452 = CARTESIAN_POINT ( 'NONE',  ( -8.000000000000000000, -10.99999999999991651, 0.000000000000000000 ) ) ;
#1453 = AXIS2_PLACEMENT_3D ( 'NONE', #463, #1367, #1 ) ;
#1454 = CARTESIAN_POINT ( 'NONE',  ( 19.49999999999996092, 3.499999999999899192, -2.000000000000000000 ) ) ;
#1455 = EDGE_CURVE ( 'NONE', #1257, #1379, #1578, .T. ) ;
#1456 = CARTESIAN_POINT ( 'NONE',  ( -14.49999999999996092, -22.25000000000011013, 7.750000000000100364 ) ) ;
#1457 = VERTEX_POINT ( 'NONE', #953 ) ;
#1458 = AXIS2_PLACEMENT_3D ( 'NONE', #1217, #1477, #738 ) ;
#1459 = ADVANCED_FACE ( 'NONE', ( #198, #974, #208 ), #790, .F. ) ;
#1460 = CARTESIAN_POINT ( 'NONE',  ( 1.250000000000000000, -19.00000000000000000, 0.000000000000000000 ) ) ;
#1461 = ORIENTED_EDGE ( 'NONE', *, *, #1748, .T. ) ;
#1462 = LINE ( 'NONE', #1754, #1111 ) ;
#1463 = EDGE_CURVE ( 'NONE', #817, #255, #668, .T. ) ;
#1464 = FACE_OUTER_BOUND ( 'NONE', #472, .T. ) ;
#1465 = DIRECTION ( 'NONE',  ( -7.888609052210140825E-31, -1.000000000000000000, -2.312964634635740689E-15 ) ) ;
#1466 = ORIENTED_EDGE ( 'NONE', *, *, #563, .T. ) ;
#1467 = EDGE_CURVE ( 'NONE', #197, #408, #332, .T. ) ;
#1468 = FACE_BOUND ( 'NONE', #966, .T. ) ;
#1469 = CARTESIAN_POINT ( 'NONE',  ( -3.299532720483756787, -25.49999999999989697, 4.200000000000106759 ) ) ;
#1470 = DIRECTION ( 'NONE',  ( 1.000000000000000000, 0.000000000000000000, 0.000000000000000000 ) ) ;
#1471 = DIRECTION ( 'NONE',  ( 1.000000000000000000, 0.000000000000000000, 0.000000000000000000 ) ) ;
#1472 = CYLINDRICAL_SURFACE ( 'NONE', #1058, 1.249999999999999334 ) ;
#1473 = ORIENTED_EDGE ( 'NONE', *, *, #673, .F. ) ;
#1474 = EDGE_LOOP ( 'NONE', ( #283, #1847, #550, #664 ) ) ;
#1475 = LINE ( 'NONE', #1353, #1359 ) ;
#1476 = AXIS2_PLACEMENT_3D ( 'NONE', #1167, #1760, #1024 ) ;
#1477 = DIRECTION ( 'NONE',  ( 1.000000000000000000, 0.000000000000000000, 0.000000000000000000 ) ) ;
#1478 = CARTESIAN_POINT ( 'NONE',  ( 19.49999999999996092, -22.25000000000010303, 5.250000000000082601 ) ) ;
#1479 = VECTOR ( 'NONE', #1194, 1000.000000000000000 ) ;
#1480 = EDGE_CURVE ( 'NONE', #806, #84, #1267, .T. ) ;
#1481 = AXIS2_PLACEMENT_3D ( 'NONE', #1697, #89, #1397 ) ;
#1482 = DIRECTION ( 'NONE',  ( 0.000000000000000000, 0.000000000000000000, 1.000000000000000000 ) ) ;
#1483 = PLANE ( 'NONE',  #932 ) ;
#1484 = ORIENTED_EDGE ( 'NONE', *, *, #1664, .F. ) ;
#1485 = ORIENTED_EDGE ( 'NONE', *, *, #333, .T. ) ;
#1486 = DIRECTION ( 'NONE',  ( -1.255701721802399287E-30, -0.7071067811865464625, -0.7071067811865486830 ) ) ;
#1487 = DIRECTION ( 'NONE',  ( 0.000000000000000000, 0.000000000000000000, 1.000000000000000000 ) ) ;
#1488 = DIRECTION ( 'NONE',  ( 1.000000000000000000, 0.000000000000000000, -0.000000000000000000 ) ) ;
#1489 = CIRCLE ( 'NONE', #330, 1.250000000000000000 ) ;
#1490 = CIRCLE ( 'NONE', #186, 1.250000000000000000 ) ;
#1491 = VECTOR ( 'NONE', #1567, 1000.000000000000000 ) ;
#1492 = DIRECTION ( 'NONE',  ( 0.000000000000000000, 0.000000000000000000, -1.000000000000000000 ) ) ;
#1493 = DIRECTION ( 'NONE',  ( 0.000000000000000000, 0.000000000000000000, 1.000000000000000000 ) ) ;
#1494 = EDGE_CURVE ( 'NONE', #150, #1399, #936, .T. ) ;
#1495 = VERTEX_POINT ( 'NONE', #521 ) ;
#1496 = EDGE_CURVE ( 'NONE', #319, #112, #219, .T. ) ;
#1497 = ORIENTED_EDGE ( 'NONE', *, *, #1506, .T. ) ;
#1498 = DIRECTION ( 'NONE',  ( 0.000000000000000000, 0.000000000000000000, 1.000000000000000000 ) ) ;
#1499 = CARTESIAN_POINT ( 'NONE',  ( 13.99999999999981171, 3.499999999999899192, -4.138182408532221917E-29 ) ) ;
#1500 = CARTESIAN_POINT ( 'NONE',  ( -14.00000000000018829, 3.499999999999899192, 4.200000000000106759 ) ) ;
#1501 = LINE ( 'NONE', #632, #153 ) ;
#1502 = DIRECTION ( 'NONE',  ( -1.000000000000000000, -0.000000000000000000, -0.000000000000000000 ) ) ;
#1503 = VERTEX_POINT ( 'NONE', #822 ) ;
#1504 = ORIENTED_EDGE ( 'NONE', *, *, #1295, .F. ) ;
#1505 = PLANE ( 'NONE',  #1731 ) ;
#1506 = EDGE_CURVE ( 'NONE', #1399, #1532, #604, .T. ) ;
#1507 = CARTESIAN_POINT ( 'NONE',  ( -19.49999999999996092, -25.49999999999989697, 8.500000000000104805 ) ) ;
#1508 = DIRECTION ( 'NONE',  ( 0.000000000000000000, 0.000000000000000000, -1.000000000000000000 ) ) ;
#1509 = AXIS2_PLACEMENT_3D ( 'NONE', #1289, #1592, #1299 ) ;
#1510 = DIRECTION ( 'NONE',  ( 2.756664675315449964E-32, 4.486023115761786118E-16, -1.000000000000000000 ) ) ;
#1511 = CIRCLE ( 'NONE', #988, 2.500000000000000444 ) ;
#1512 = DIRECTION ( 'NONE',  ( 1.000000000000000000, -7.888609052210118054E-31, -9.869695000471881156E-31 ) ) ;
#1513 = AXIS2_PLACEMENT_3D ( 'NONE', #1348, #9, #600 ) ;
#1514 = ORIENTED_EDGE ( 'NONE', *, *, #1183, .T. ) ;
#1515 = EDGE_LOOP ( 'NONE', ( #430, #814, #1314, #831 ) ) ;
#1516 = DIRECTION ( 'NONE',  ( -0.000000000000000000, -0.000000000000000000, 1.000000000000000000 ) ) ;
#1517 = CARTESIAN_POINT ( 'NONE',  ( -9.250000000000000000, -11.00000000000000000, -2.000000000000000000 ) ) ;
#1518 = DIRECTION ( 'NONE',  ( 0.000000000000000000, -1.000000000000000000, -0.000000000000000000 ) ) ;
#1519 = ADVANCED_FACE ( 'NONE', ( #783 ), #43, .F. ) ;
#1520 = AXIS2_PLACEMENT_3D ( 'NONE', #1098, #1544, #205 ) ;
#1521 = DIRECTION ( 'NONE',  ( 0.000000000000000000, 0.000000000000000000, 1.000000000000000000 ) ) ;
#1522 = AXIS2_PLACEMENT_3D ( 'NONE', #1469, #432, #134 ) ;
#1523 = EDGE_CURVE ( 'NONE', #644, #1143, #1571, .T. ) ;
#1524 = CIRCLE ( 'NONE', #838, 2.500000000000000444 ) ;
#1525 = DIRECTION ( 'NONE',  ( -1.000000000000000000, 0.000000000000000000, 0.000000000000000000 ) ) ;
#1526 = EDGE_LOOP ( 'NONE', ( #265, #819 ) ) ;
#1527 = EDGE_LOOP ( 'NONE', ( #721, #923, #842, #225 ) ) ;
#1528 = EDGE_CURVE ( 'NONE', #1665, #709, #1687, .T. ) ;
#1529 = APPLICATION_PROTOCOL_DEFINITION ( 'draft international standard', 'automotive_design', 1998, #179 ) ;
#1530 = DIRECTION ( 'NONE',  ( 9.869695000471881156E-31, -0.000000000000000000, 1.000000000000000000 ) ) ;
#1531 = CARTESIAN_POINT ( 'NONE',  ( -14.49999999999996092, -22.25000000000011013, 7.750000000000100364 ) ) ;
#1532 = VERTEX_POINT ( 'NONE', #86 ) ;
#1533 = DIRECTION ( 'NONE',  ( -9.869695000471881156E-31, 0.000000000000000000, -1.000000000000000000 ) ) ;
#1534 = EDGE_CURVE ( 'NONE', #1051, #180, #320, .T. ) ;
#1535 = CARTESIAN_POINT ( 'NONE',  ( -14.00000000000018829, -22.24999999999989342, 5.250000000000102141 ) ) ;
#1536 = VERTEX_POINT ( 'NONE', #498 ) ;
#1537 = ORIENTED_EDGE ( 'NONE', *, *, #5, .T. ) ;
#1538 =( NAMED_UNIT ( * ) PLANE_ANGLE_UNIT ( ) SI_UNIT ( $, .RADIAN. ) );
#1539 = DIRECTION ( 'NONE',  ( 0.000000000000000000, 0.000000000000000000, 1.000000000000000000 ) ) ;
#1540 = LINE ( 'NONE', #1581, #1015 ) ;
#1541 = EDGE_LOOP ( 'NONE', ( #1930, #641, #343, #603 ) ) ;
#1542 = LINE ( 'NONE', #1406, #111 ) ;
#1543 = CIRCLE ( 'NONE', #445, 2.500000000000002220 ) ;
#1544 = DIRECTION ( 'NONE',  ( -1.000000000000000000, 0.000000000000000000, 0.000000000000000000 ) ) ;
#1545 = VERTEX_POINT ( 'NONE', #1101 ) ;
#1546 = VECTOR ( 'NONE', #1533, 1000.000000000000000 ) ;
#1547 = ORIENTED_EDGE ( 'NONE', *, *, #622, .F. ) ;
#1548 = DIRECTION ( 'NONE',  ( 0.000000000000000000, 0.000000000000000000, 1.000000000000000000 ) ) ;
#1549 = EDGE_CURVE ( 'NONE', #654, #1601, #1694, .T. ) ;
#1550 = CARTESIAN_POINT ( 'NONE',  ( -14.49999999999996092, -22.25000000000011013, 2.750000000000103473 ) ) ;
#1551 = CARTESIAN_POINT ( 'NONE',  ( -14.00000000000018829, -3.000000000000099920, 1.999999999999997780 ) ) ;
#1552 = ORIENTED_EDGE ( 'NONE', *, *, #1753, .T. ) ;
#1553 = FACE_OUTER_BOUND ( 'NONE', #1835, .T. ) ;
#1554 = EDGE_CURVE ( 'NONE', #1187, #1495, #1849, .T. ) ;
#1555 = CIRCLE ( 'NONE', #1458, 2.500000000000001776 ) ;
#1556 = DIRECTION ( 'NONE',  ( -1.000000000000000000, 0.000000000000000000, 0.000000000000000000 ) ) ;
#1557 = EDGE_LOOP ( 'NONE', ( #528, #131 ) ) ;
#1558 = AXIS2_PLACEMENT_3D ( 'NONE', #1020, #130, #1029 ) ;
#1559 = AXIS2_PLACEMENT_3D ( 'NONE', #1136, #1239, #1407 ) ;
#1560 = ORIENTED_EDGE ( 'NONE', *, *, #1866, .F. ) ;
#1561 = EDGE_CURVE ( 'NONE', #1030, #254, #1543, .T. ) ;
#1562 = DIRECTION ( 'NONE',  ( 9.869695000471881156E-31, -0.000000000000000000, 1.000000000000000000 ) ) ;
#1563 = EDGE_CURVE ( 'NONE', #1707, #796, #1107, .T. ) ;
#1564 = DIRECTION ( 'NONE',  ( 1.000000000000000000, -7.888609052210118054E-31, -9.869695000471881156E-31 ) ) ;
#1565 = ORIENTED_EDGE ( 'NONE', *, *, #454, .T. ) ;
#1566 = CARTESIAN_POINT ( 'NONE',  ( -19.49999999999996092, -3.000000000000099920, 5.000000000000100364 ) ) ;
#1567 = DIRECTION ( 'NONE',  ( -7.888609052210095283E-31, -1.000000000000000000, 2.312964634635741083E-15 ) ) ;
#1568 = VERTEX_POINT ( 'NONE', #360 ) ;
#1569 = CARTESIAN_POINT ( 'NONE',  ( -8.000000000000000000, -10.99999999999991651, 2.000000000000000000 ) ) ;
#1570 = ORIENTED_EDGE ( 'NONE', *, *, #1811, .F. ) ;
#1571 = LINE ( 'NONE', #54, #1325 ) ;
#1572 = CARTESIAN_POINT ( 'NONE',  ( -16.22002647252318042, -18.99999999999990052, 5.000000000000101252 ) ) ;
#1573 = EDGE_CURVE ( 'NONE', #524, #231, #1281, .T. ) ;
#1574 = ORIENTED_EDGE ( 'NONE', *, *, #489, .T. ) ;
#1575 = CARTESIAN_POINT ( 'NONE',  ( -14.00000000000018829, 0.2499999999998961386, 5.250000000000102141 ) ) ;
#1576 = CYLINDRICAL_SURFACE ( 'NONE', #1366, 3.499999999999996003 ) ;
#1577 = EDGE_LOOP ( 'NONE', ( #972, #516 ) ) ;
#1578 = CIRCLE ( 'NONE', #887, 2.999999999999999112 ) ;
#1579 = ORIENTED_EDGE ( 'NONE', *, *, #802, .F. ) ;
#1580 = AXIS2_PLACEMENT_3D ( 'NONE', #177, #757, #1358 ) ;
#1581 = CARTESIAN_POINT ( 'NONE',  ( -3.299532720483756787, 3.499999999999899192, 8.500000000000104805 ) ) ;
#1582 = ORIENTED_EDGE ( 'NONE', *, *, #1295, .T. ) ;
#1583 = CARTESIAN_POINT ( 'NONE',  ( -9.250000000000000000, -11.00000000000000000, 0.000000000000000000 ) ) ;
#1584 = ADVANCED_FACE ( 'NONE', ( #1827 ), #370, .F. ) ;
#1585 = DIRECTION ( 'NONE',  ( 1.000000000000000000, 0.000000000000000000, -0.000000000000000000 ) ) ;
#1586 = ORIENTED_EDGE ( 'NONE', *, *, #1040, .F. ) ;
#1587 = PLANE ( 'NONE',  #90 ) ;
#1588 = CIRCLE ( 'NONE', #1368, 3.000000000000000444 ) ;
#1589 = EDGE_LOOP ( 'NONE', ( #1684, #771, #1617, #578 ) ) ;
#1590 = ADVANCED_FACE ( 'NONE', ( #1383 ), #1857, .F. ) ;
#1591 = ORIENTED_EDGE ( 'NONE', *, *, #802, .T. ) ;
#1592 = DIRECTION ( 'NONE',  ( -0.000000000000000000, -0.000000000000000000, -1.000000000000000000 ) ) ;
#1593 = LINE ( 'NONE', #561, #23 ) ;
#1594 = FACE_OUTER_BOUND ( 'NONE', #1871, .T. ) ;
#1595 = ADVANCED_FACE ( 'NONE', ( #640 ), #985, .T. ) ;
#1596 = DIRECTION ( 'NONE',  ( 2.756664675315449964E-32, 4.486023115761786118E-16, -1.000000000000000000 ) ) ;
#1597 = DIRECTION ( 'NONE',  ( -0.000000000000000000, -0.000000000000000000, -1.000000000000000000 ) ) ;
#1598 = VERTEX_POINT ( 'NONE', #55 ) ;
#1599 = ORIENTED_EDGE ( 'NONE', *, *, #1840, .F. ) ;
#1600 = CARTESIAN_POINT ( 'NONE',  ( 8.000000000000000000, -11.00000000000000000, -2.000000000000000000 ) ) ;
#1601 = VERTEX_POINT ( 'NONE', #1095 ) ;
#1602 = PLANE ( 'NONE',  #353 ) ;
#1603 = PLANE ( 'NONE',  #586 ) ;
#1604 = DIRECTION ( 'NONE',  ( 0.000000000000000000, 0.000000000000000000, 1.000000000000000000 ) ) ;
#1605 = ORIENTED_EDGE ( 'NONE', *, *, #1899, .T. ) ;
#1606 = AXIS2_PLACEMENT_3D ( 'NONE', #692, #387, #104 ) ;
#1607 = ORIENTED_EDGE ( 'NONE', *, *, #1066, .F. ) ;
#1608 = EDGE_CURVE ( 'NONE', #1310, #1907, #805, .T. ) ;
#1609 = AXIS2_PLACEMENT_3D ( 'NONE', #1575, #1859, #661 ) ;
#1610 = LINE ( 'NONE', #98, #1227 ) ;
#1611 = VERTEX_POINT ( 'NONE', #499 ) ;
#1612 = DIRECTION ( 'NONE',  ( 1.000000000000000000, -7.888609052210118054E-31, -9.869695000471881156E-31 ) ) ;
#1613 = CIRCLE ( 'NONE', #81, 2.999999999999999112 ) ;
#1614 = DIRECTION ( 'NONE',  ( 1.000000000000000000, 0.000000000000000000, 0.000000000000000000 ) ) ;
#1615 = EDGE_CURVE ( 'NONE', #709, #361, #1426, .T. ) ;
#1616 = CARTESIAN_POINT ( 'NONE',  ( 13.99999999999981171, -22.25000000000010303, 7.750000000000081712 ) ) ;
#1617 = ORIENTED_EDGE ( 'NONE', *, *, #289, .F. ) ;
#1618 = STYLED_ITEM ( 'NONE', ( #676 ), #281 ) ;
#1619 = VERTEX_POINT ( 'NONE', #64 ) ;
#1620 = VECTOR ( 'NONE', #1556, 1000.000000000000000 ) ;
#1621 = DIRECTION ( 'NONE',  ( -1.000000000000000000, 0.000000000000000000, 0.000000000000000000 ) ) ;
#1622 = CYLINDRICAL_SURFACE ( 'NONE', #328, 1.250000000000000000 ) ;
#1623 = EDGE_CURVE ( 'NONE', #1030, #1149, #1236, .T. ) ;
#1624 = CARTESIAN_POINT ( 'NONE',  ( -5.586370142149010844E-14, -19.00000000000000000, 0.000000000000000000 ) ) ;
#1625 = CARTESIAN_POINT ( 'NONE',  ( 0.000000000000000000, -3.000000000000000000, 0.000000000000000000 ) ) ;
#1626 = CARTESIAN_POINT ( 'NONE',  ( 13.99999999999981171, -22.25000000000010303, 5.250000000000082601 ) ) ;
#1627 = VERTEX_POINT ( 'NONE', #944 ) ;
#1628 = VERTEX_POINT ( 'NONE', #965 ) ;
#1629 = CARTESIAN_POINT ( 'NONE',  ( -19.49999999999996092, 3.499999999999899192, 8.500000000000104805 ) ) ;
#1630 = DIRECTION ( 'NONE',  ( -1.000000000000000000, 0.000000000000000000, 0.000000000000000000 ) ) ;
#1631 = LINE ( 'NONE', #1500, #480 ) ;
#1632 = FACE_OUTER_BOUND ( 'NONE', #809, .T. ) ;
#1633 = DIRECTION ( 'NONE',  ( 0.000000000000000000, 0.000000000000000000, 1.000000000000000000 ) ) ;
#1634 = ORIENTED_EDGE ( 'NONE', *, *, #1380, .F. ) ;
#1635 = ORIENTED_EDGE ( 'NONE', *, *, #1234, .F. ) ;
#1636 = CARTESIAN_POINT ( 'NONE',  ( 19.49999999999996092, -3.000000000000099920, 5.000000000000100364 ) ) ;
#1637 = AXIS2_PLACEMENT_3D ( 'NONE', #875, #863, #421 ) ;
#1638 = PLANE ( 'NONE',  #1801 ) ;
#1639 = CARTESIAN_POINT ( 'NONE',  ( -14.00000000000018829, -3.000000000000099920, 2.000000000000000000 ) ) ;
#1640 = VECTOR ( 'NONE', #1072, 1000.000000000000000 ) ;
#1641 = EDGE_CURVE ( 'NONE', #150, #1696, #1540, .T. ) ;
#1642 = AXIS2_PLACEMENT_3D ( 'NONE', #1162, #694, #1470 ) ;
#1643 = DIRECTION ( 'NONE',  ( -1.000000000000000000, 0.000000000000000000, 0.000000000000000000 ) ) ;
#1644 = EDGE_CURVE ( 'NONE', #1158, #1925, #1133, .T. ) ;
#1645 = CARTESIAN_POINT ( 'NONE',  ( 0.000000000000000000, -3.000000000000000000, 0.000000000000000000 ) ) ;
#1646 = ORIENTED_EDGE ( 'NONE', *, *, #1494, .T. ) ;
#1647 = ORIENTED_EDGE ( 'NONE', *, *, #1022, .F. ) ;
#1648 = FACE_OUTER_BOUND ( 'NONE', #493, .T. ) ;
#1649 = AXIS2_PLACEMENT_3D ( 'NONE', #845, #681, #278 ) ;
#1650 = CARTESIAN_POINT ( 'NONE',  ( -19.49999999999996092, -25.49999999999989697, 8.500000000000104805 ) ) ;
#1651 = DIRECTION ( 'NONE',  ( 1.000000000000000000, 0.000000000000000000, 0.000000000000000000 ) ) ;
#1652 = AXIS2_PLACEMENT_3D ( 'NONE', #969, #816, #1398 ) ;
#1653 = CARTESIAN_POINT ( 'NONE',  ( 13.99999999999981171, -22.25000000000010303, 2.750000000000083489 ) ) ;
#1654 = DIRECTION ( 'NONE',  ( 1.000000000000000000, -7.888609052210118054E-31, -9.869695000471881156E-31 ) ) ;
#1655 = ORIENTED_EDGE ( 'NONE', *, *, #138, .T. ) ;
#1656 = ADVANCED_FACE ( 'NONE', ( #792 ), #73, .T. ) ;
#1657 = EDGE_LOOP ( 'NONE', ( #824, #1514 ) ) ;
#1658 = DIRECTION ( 'NONE',  ( 0.000000000000000000, 1.000000000000000000, -2.312964634635740689E-15 ) ) ;
#1659 = DIRECTION ( 'NONE',  ( 0.000000000000000000, 0.000000000000000000, 1.000000000000000000 ) ) ;
#1660 = EDGE_CURVE ( 'NONE', #874, #1130, #1846, .T. ) ;
#1661 = DIRECTION ( 'NONE',  ( -1.000000000000000000, 0.000000000000000000, 0.000000000000000000 ) ) ;
#1662 = DIRECTION ( 'NONE',  ( 1.000000000000000000, -7.888609052210118054E-31, -9.869695000471881156E-31 ) ) ;
#1663 = ORIENTED_EDGE ( 'NONE', *, *, #1405, .F. ) ;
#1664 = EDGE_CURVE ( 'NONE', #1536, #1898, #975, .T. ) ;
#1665 = VERTEX_POINT ( 'NONE', #1695 ) ;
#1666 = DIRECTION ( 'NONE',  ( 1.000000000000000000, 0.000000000000000000, 0.000000000000000000 ) ) ;
#1667 = EDGE_CURVE ( 'NONE', #1855, #142, #260, .T. ) ;
#1668 = CARTESIAN_POINT ( 'NONE',  ( -14.00000000000018829, 0.2499999999998963052, 4.000000000000101252 ) ) ;
#1669 = CARTESIAN_POINT ( 'NONE',  ( -6.750000000000000888, -11.00000000000000000, 2.000000000000000000 ) ) ;
#1670 = VECTOR ( 'NONE', #955, 1000.000000000000000 ) ;
#1671 = FACE_BOUND ( 'NONE', #666, .T. ) ;
#1672 = CIRCLE ( 'NONE', #1453, 1.249999999999999334 ) ;
#1673 = DIRECTION ( 'NONE',  ( 0.000000000000000000, 0.000000000000000000, 1.000000000000000000 ) ) ;
#1674 = VERTEX_POINT ( 'NONE', #1413 ) ;
#1675 = ORIENTED_EDGE ( 'NONE', *, *, #1298, .T. ) ;
#1676 = EDGE_CURVE ( 'NONE', #1246, #1130, #844, .T. ) ;
#1677 = DIRECTION ( 'NONE',  ( 0.000000000000000000, 0.000000000000000000, 1.000000000000000000 ) ) ;
#1678 = ORIENTED_EDGE ( 'NONE', *, *, #1913, .F. ) ;
#1679 = CIRCLE ( 'NONE', #1057, 4.049999999999998934 ) ;
#1680 = CARTESIAN_POINT ( 'NONE',  ( -3.299532720483756787, -22.24999999999989342, 4.000000000000102141 ) ) ;
#1681 = AXIS2_PLACEMENT_3D ( 'NONE', #10, #1781, #1226 ) ;
#1682 = CIRCLE ( 'NONE', #1245, 3.499999999999996003 ) ;
#1683 = DIRECTION ( 'NONE',  ( 1.000000000000000000, 0.000000000000000000, 0.000000000000000000 ) ) ;
#1684 = ORIENTED_EDGE ( 'NONE', *, *, #1667, .T. ) ;
#1685 = ORIENTED_EDGE ( 'NONE', *, *, #1032, .T. ) ;
#1686 = UNCERTAINTY_MEASURE_WITH_UNIT (LENGTH_MEASURE( 1.000000000000000082E-05 ), #1119, 'distance_accuracy_value', 'NONE');
#1687 = LINE ( 'NONE', #657, #349 ) ;
#1688 = CARTESIAN_POINT ( 'NONE',  ( -16.22002647252318042, 0.2499999999998961386, 2.750000000000099920 ) ) ;
#1689 = ORIENTED_EDGE ( 'NONE', *, *, #1010, .T. ) ;
#1690 = CARTESIAN_POINT ( 'NONE',  ( 19.49999999999996092, -18.99999999999990052, 2.000000000000000000 ) ) ;
#1691 = LINE ( 'NONE', #1851, #1741 ) ;
#1692 = ORIENTED_EDGE ( 'NONE', *, *, #1615, .F. ) ;
#1693 = ORIENTED_EDGE ( 'NONE', *, *, #1094, .T. ) ;
#1694 = LINE ( 'NONE', #507, #1447 ) ;
#1695 = CARTESIAN_POINT ( 'NONE',  ( 13.99999999999981171, -18.99999999999990052, 2.000000000000000000 ) ) ;
#1696 = VERTEX_POINT ( 'NONE', #1629 ) ;
#1697 = CARTESIAN_POINT ( 'NONE',  ( 0.000000000000000000, -11.00000000000000000, -3.000000000000000000 ) ) ;
#1698 = VECTOR ( 'NONE', #1102, 1000.000000000000000 ) ;
#1699 = CARTESIAN_POINT ( 'NONE',  ( 19.49999999999996092, 0.2499999999998964717, 7.750000000000103917 ) ) ;
#1700 = ADVANCED_FACE ( 'NONE', ( #834 ), #1160, .F. ) ;
#1701 = ORIENTED_EDGE ( 'NONE', *, *, #660, .F. ) ;
#1702 = EDGE_CURVE ( 'NONE', #1088, #257, #1433, .T. ) ;
#1703 = VECTOR ( 'NONE', #288, 1000.000000000000000 ) ;
#1704 = EDGE_LOOP ( 'NONE', ( #950, #996 ) ) ;
#1705 = DIRECTION ( 'NONE',  ( 0.000000000000000000, 0.000000000000000000, 1.000000000000000000 ) ) ;
#1706 = CARTESIAN_POINT ( 'NONE',  ( -14.00000000000018829, 0.2499999999998961386, 5.250000000000102141 ) ) ;
#1707 = VERTEX_POINT ( 'NONE', #1315 ) ;
#1708 = DIRECTION ( 'NONE',  ( 0.000000000000000000, 0.000000000000000000, -1.000000000000000000 ) ) ;
#1709 = CIRCLE ( 'NONE', #833, 1.250000000000000000 ) ;
#1710 = DIRECTION ( 'NONE',  ( -0.000000000000000000, -0.000000000000000000, -1.000000000000000000 ) ) ;
#1711 = ORIENTED_EDGE ( 'NONE', *, *, #1010, .F. ) ;
#1712 = EDGE_LOOP ( 'NONE', ( #782, #1560 ) ) ;
#1713 = ADVANCED_FACE ( 'NONE', ( #1014 ), #1890, .F. ) ;
#1714 = CARTESIAN_POINT ( 'NONE',  ( 8.000000000000000000, -11.00000000000002665, 2.000000000000000000 ) ) ;
#1715 = DIRECTION ( 'NONE',  ( 0.000000000000000000, 0.000000000000000000, -1.000000000000000000 ) ) ;
#1716 = ORIENTED_EDGE ( 'NONE', *, *, #563, .F. ) ;
#1717 = DIRECTION ( 'NONE',  ( -1.000000000000000000, 3.155443620884046871E-30, 9.869695000471888163E-31 ) ) ;
#1718 = FACE_BOUND ( 'NONE', #1704, .T. ) ;
#1719 = ORIENTED_EDGE ( 'NONE', *, *, #1676, .T. ) ;
#1720 = CARTESIAN_POINT ( 'NONE',  ( 0.000000000000000000, -3.000000000000000000, 2.000000000000000000 ) ) ;
#1721 = VERTEX_POINT ( 'NONE', #1751 ) ;
#1722 = ADVANCED_FACE ( 'NONE', ( #552 ), #409, .F. ) ;
#1723 = DIRECTION ( 'NONE',  ( 0.000000000000000000, -2.312964634635740689E-15, 1.000000000000000000 ) ) ;
#1724 = EDGE_CURVE ( 'NONE', #1601, #1568, #917, .T. ) ;
#1725 = EDGE_LOOP ( 'NONE', ( #1084, #881, #356, #1096 ) ) ;
#1726 = CYLINDRICAL_SURFACE ( 'NONE', #1481, 4.049999999999998934 ) ;
#1727 = LINE ( 'NONE', #1833, #396 ) ;
#1728 = ORIENTED_EDGE ( 'NONE', *, *, #1259, .F. ) ;
#1729 = ADVANCED_FACE ( 'NONE', ( #266 ), #1450, .F. ) ;
#1730 = CYLINDRICAL_SURFACE ( 'NONE', #1181, 1.250000000000000222 ) ;
#1731 = AXIS2_PLACEMENT_3D ( 'NONE', #893, #1486, #753 ) ;
#1732 = ORIENTED_EDGE ( 'NONE', *, *, #1040, .T. ) ;
#1733 = VECTOR ( 'NONE', #17, 1000.000000000000000 ) ;
#1734 = EDGE_CURVE ( 'NONE', #1674, #217, #414, .T. ) ;
#1735 = FACE_OUTER_BOUND ( 'NONE', #1393, .T. ) ;
#1736 = ORIENTED_EDGE ( 'NONE', *, *, #804, .T. ) ;
#1737 = FACE_OUTER_BOUND ( 'NONE', #42, .T. ) ;
#1738 = LINE ( 'NONE', #1454, #997 ) ;
#1739 = CIRCLE ( 'NONE', #427, 3.000000000000000888 ) ;
#1740 = ORIENTED_EDGE ( 'NONE', *, *, #804, .F. ) ;
#1741 = VECTOR ( 'NONE', #382, 1000.000000000000000 ) ;
#1742 = ORIENTED_EDGE ( 'NONE', *, *, #949, .F. ) ;
#1743 = DIRECTION ( 'NONE',  ( -1.000000000000000000, 0.000000000000000000, 0.000000000000000000 ) ) ;
#1744 = ORIENTED_EDGE ( 'NONE', *, *, #1615, .T. ) ;
#1745 = DIRECTION ( 'NONE',  ( -0.000000000000000000, -0.000000000000000000, 1.000000000000000000 ) ) ;
#1746 = CARTESIAN_POINT ( 'NONE',  ( 11.00000000000000000, -11.00000000000002665, 0.000000000000000000 ) ) ;
#1747 = PLANE ( 'NONE',  #1400 ) ;
#1748 = EDGE_CURVE ( 'NONE', #458, #811, #1884, .T. ) ;
#1749 = ORIENTED_EDGE ( 'NONE', *, *, #919, .T. ) ;
#1750 = ORIENTED_EDGE ( 'NONE', *, *, #915, .F. ) ;
#1751 = CARTESIAN_POINT ( 'NONE',  ( -14.00000000000018829, -23.30000000000011084, 2.000000000000108802 ) ) ;
#1752 = ORIENTED_EDGE ( 'NONE', *, *, #1154, .F. ) ;
#1753 = EDGE_CURVE ( 'NONE', #1824, #539, #401, .T. ) ;
#1754 = CARTESIAN_POINT ( 'NONE',  ( -18.96273862543355193, -25.50000000000010658, 4.200000000000096101 ) ) ;
#1755 = PLANE ( 'NONE',  #1122 ) ;
#1756 = CYLINDRICAL_SURFACE ( 'NONE', #1558, 1.250000000000000222 ) ;
#1757 = ORIENTED_EDGE ( 'NONE', *, *, #226, .T. ) ;
#1758 = EDGE_CURVE ( 'NONE', #1775, #1828, #1419, .T. ) ;
#1759 = ORIENTED_EDGE ( 'NONE', *, *, #148, .F. ) ;
#1760 = DIRECTION ( 'NONE',  ( -1.000000000000000000, -0.000000000000000000, -0.000000000000000000 ) ) ;
#1761 = ORIENTED_EDGE ( 'NONE', *, *, #1641, .F. ) ;
#1762 = DIRECTION ( 'NONE',  ( 0.000000000000000000, 0.000000000000000000, -1.000000000000000000 ) ) ;
#1763 = VECTOR ( 'NONE', #1109, 1000.000000000000000 ) ;
#1764 = LINE ( 'NONE', #137, #392 ) ;
#1765 = CARTESIAN_POINT ( 'NONE',  ( 13.99999999999981171, 3.499999999999899192, 8.500000000000104805 ) ) ;
#1766 = ORIENTED_EDGE ( 'NONE', *, *, #276, .F. ) ;
#1767 = AXIS2_PLACEMENT_3D ( 'NONE', #1625, #725, #1912 ) ;
#1768 = VECTOR ( 'NONE', #162, 1000.000000000000000 ) ;
#1769 = EDGE_LOOP ( 'NONE', ( #285, #6 ) ) ;
#1770 = CARTESIAN_POINT ( 'NONE',  ( -4.049999999999998934, -11.00000000000000000, -2.000000000000000000 ) ) ;
#1771 = DIRECTION ( 'NONE',  ( -0.000000000000000000, -0.000000000000000000, -1.000000000000000000 ) ) ;
#1772 = DIRECTION ( 'NONE',  ( -0.000000000000000000, 0.7071067811865497932, 0.7071067811865453523 ) ) ;
#1773 = CARTESIAN_POINT ( 'NONE',  ( -14.49999999999996092, 0.2499999999998961386, 7.750000000000102141 ) ) ;
#1774 = CARTESIAN_POINT ( 'NONE',  ( 0.000000000000000000, -11.00000000000000000, -2.000000000000000000 ) ) ;
#1775 = VERTEX_POINT ( 'NONE', #1880 ) ;
#1776 = ORIENTED_EDGE ( 'NONE', *, *, #222, .F. ) ;
#1777 = EDGE_CURVE ( 'NONE', #1310, #644, #1610, .T. ) ;
#1778 = CARTESIAN_POINT ( 'NONE',  ( 13.99999999999981171, 0.4999999999998963607, 8.500000000000097700 ) ) ;
#1779 = FACE_OUTER_BOUND ( 'NONE', #873, .T. ) ;
#1780 = CARTESIAN_POINT ( 'NONE',  ( 1.250000000000000000, -3.000000000000000000, 0.000000000000000000 ) ) ;
#1781 = DIRECTION ( 'NONE',  ( -0.000000000000000000, -0.000000000000000000, 1.000000000000000000 ) ) ;
#1782 = DIRECTION ( 'NONE',  ( 0.000000000000000000, -0.000000000000000000, 1.000000000000000000 ) ) ;
#1783 = ORIENTED_EDGE ( 'NONE', *, *, #625, .F. ) ;
#1784 = ORIENTED_EDGE ( 'NONE', *, *, #635, .T. ) ;
#1785 = DIRECTION ( 'NONE',  ( 0.000000000000000000, 0.000000000000000000, 1.000000000000000000 ) ) ;
#1786 = AXIS2_PLACEMENT_3D ( 'NONE', #1255, #368, #1677 ) ;
#1787 = CARTESIAN_POINT ( 'NONE',  ( 19.49999999999996092, 0.4999999999998963607, 5.000000000000101252 ) ) ;
#1788 = DIRECTION ( 'NONE',  ( -9.869695000471881156E-31, 0.000000000000000000, -1.000000000000000000 ) ) ;
#1789 = VECTOR ( 'NONE', #467, 1000.000000000000000 ) ;
#1790 = AXIS2_PLACEMENT_3D ( 'NONE', #1872, #232, #57 ) ;
#1791 = DIRECTION ( 'NONE',  ( -0.000000000000000000, -0.000000000000000000, -1.000000000000000000 ) ) ;
#1792 = FACE_BOUND ( 'NONE', #351, .T. ) ;
#1793 = VERTEX_POINT ( 'NONE', #1460 ) ;
#1794 = ORIENTED_EDGE ( 'NONE', *, *, #194, .T. ) ;
#1795 = ADVANCED_FACE ( 'NONE', ( #248 ), #569, .F. ) ;
#1796 = DIRECTION ( 'NONE',  ( 1.000000000000000000, 0.000000000000000000, 0.000000000000000000 ) ) ;
#1797 = CIRCLE ( 'NONE', #555, 3.499999999999996003 ) ;
#1798 = DIRECTION ( 'NONE',  ( 1.000000000000000000, 0.000000000000000000, 0.000000000000000000 ) ) ;
#1799 = CARTESIAN_POINT ( 'NONE',  ( 13.99999999999981171, -1.104405267309401674E-29, 2.000000000000000000 ) ) ;
#1800 = VECTOR ( 'NONE', #101, 1000.000000000000000 ) ;
#1801 = AXIS2_PLACEMENT_3D ( 'NONE', #731, #1337, #1179 ) ;
#1802 = AXIS2_PLACEMENT_3D ( 'NONE', #68, #979, #1862 ) ;
#1803 = CARTESIAN_POINT ( 'NONE',  ( 0.000000000000000000, -11.00000000000000000, -2.000000000000000000 ) ) ;
#1804 = ADVANCED_FACE ( 'NONE', ( #1142, #1468 ), #133, .F. ) ;
#1805 = DIRECTION ( 'NONE',  ( 1.000000000000000000, 0.000000000000000000, -0.000000000000000000 ) ) ;
#1806 = VERTEX_POINT ( 'NONE', #1770 ) ;
#1807 = ADVANCED_FACE ( 'NONE', ( #1735 ), #1033, .F. ) ;
#1808 = ORIENTED_EDGE ( 'NONE', *, *, #1140, .F. ) ;
#1809 = CARTESIAN_POINT ( 'NONE',  ( -14.00000000000018829, 3.499999999999899192, 8.500000000000104805 ) ) ;
#1810 = LINE ( 'NONE', #450, #1733 ) ;
#1811 = EDGE_CURVE ( 'NONE', #1503, #931, #1475, .T. ) ;
#1812 = LINE ( 'NONE', #442, #869 ) ;
#1813 = CARTESIAN_POINT ( 'NONE',  ( -16.22002647252318042, -18.99999999999990052, 2.000000000000000000 ) ) ;
#1814 = VERTEX_POINT ( 'NONE', #1042 ) ;
#1815 = ORIENTED_EDGE ( 'NONE', *, *, #949, .T. ) ;
#1816 = CARTESIAN_POINT ( 'NONE',  ( -19.49999999999996092, 0.2499999999998961386, 7.750000000000102141 ) ) ;
#1817 = DIRECTION ( 'NONE',  ( 0.000000000000000000, 0.000000000000000000, 1.000000000000000000 ) ) ;
#1818 = AXIS2_PLACEMENT_3D ( 'NONE', #1836, #1705, #229 ) ;
#1819 = ORIENTED_EDGE ( 'NONE', *, *, #1212, .T. ) ;
#1820 = CARTESIAN_POINT ( 'NONE',  ( -8.000000000000000000, -10.99999999999991651, 0.000000000000000000 ) ) ;
#1821 = VECTOR ( 'NONE', #1063, 999.9999999999998863 ) ;
#1822 = AXIS2_PLACEMENT_3D ( 'NONE', #1376, #39, #335 ) ;
#1823 = LINE ( 'NONE', #900, #1280 ) ;
#1824 = VERTEX_POINT ( 'NONE', #1778 ) ;
#1825 = VERTEX_POINT ( 'NONE', #1816 ) ;
#1826 = DIRECTION ( 'NONE',  ( -7.888609052210140825E-31, -1.000000000000000000, -2.312964634635741083E-15 ) ) ;
#1827 = FACE_OUTER_BOUND ( 'NONE', #1879, .T. ) ;
#1828 = VERTEX_POINT ( 'NONE', #439 ) ;
#1829 = AXIS2_PLACEMENT_3D ( 'NONE', #829, #1429, #1585 ) ;
#1830 = CARTESIAN_POINT ( 'NONE',  ( 8.000000000000000000, -11.00000000000000000, 0.000000000000000000 ) ) ;
#1831 = VECTOR ( 'NONE', #1633, 1000.000000000000000 ) ;
#1832 = AXIS2_PLACEMENT_3D ( 'NONE', #674, #1284, #1260 ) ;
#1833 = CARTESIAN_POINT ( 'NONE',  ( -1.250000000000000000, -3.000000000000000000, 2.000000000000000000 ) ) ;
#1834 = ORIENTED_EDGE ( 'NONE', *, *, #1212, .F. ) ;
#1835 = EDGE_LOOP ( 'NONE', ( #1274, #497, #34, #1253, #327, #1221 ) ) ;
#1836 = CARTESIAN_POINT ( 'NONE',  ( -5.586370142149010844E-14, -19.00000000000000000, 2.000000000000000000 ) ) ;
#1837 = EDGE_CURVE ( 'NONE', #941, #159, #171, .T. ) ;
#1838 = DIRECTION ( 'NONE',  ( 7.888609052210123309E-31, 1.000000000000000000, 5.622914353475258184E-16 ) ) ;
#1839 = EDGE_LOOP ( 'NONE', ( #1092, #1582, #891, #66 ) ) ;
#1840 = EDGE_CURVE ( 'NONE', #644, #1432, #476, .T. ) ;
#1841 = LINE ( 'NONE', #642, #1201 ) ;
#1842 = FACE_OUTER_BOUND ( 'NONE', #385, .T. ) ;
#1843 = EDGE_LOOP ( 'NONE', ( #1060, #698, #745, #1448 ) ) ;
#1844 = ORIENTED_EDGE ( 'NONE', *, *, #622, .T. ) ;
#1845 = DIRECTION ( 'NONE',  ( 1.000000000000000000, 0.000000000000000000, 0.000000000000000000 ) ) ;
#1846 = LINE ( 'NONE', #1112, #1263 ) ;
#1847 = ORIENTED_EDGE ( 'NONE', *, *, #798, .F. ) ;
#1848 = CARTESIAN_POINT ( 'NONE',  ( -3.000000000000055511, -19.00000000000000000, 2.000000000000000000 ) ) ;
#1849 = CIRCLE ( 'NONE', #1076, 1.249999999999999334 ) ;
#1850 = EDGE_CURVE ( 'NONE', #1495, #1187, #1230, .T. ) ;
#1851 = CARTESIAN_POINT ( 'NONE',  ( -19.49999999999996092, -25.49999999999989697, -2.000000000000000000 ) ) ;
#1852 = ORIENTED_EDGE ( 'NONE', *, *, #1660, .T. ) ;
#1853 = DIRECTION ( 'NONE',  ( 0.000000000000000000, 0.000000000000000000, -1.000000000000000000 ) ) ;
#1854 = VECTOR ( 'NONE', #914, 1000.000000000000000 ) ;
#1855 = VERTEX_POINT ( 'NONE', #904 ) ;
#1856 = DIRECTION ( 'NONE',  ( 1.000000000000000000, -7.888609052210118054E-31, -9.869695000471881156E-31 ) ) ;
#1857 = CYLINDRICAL_SURFACE ( 'NONE', #1047, 1.249999999999999334 ) ;
#1858 = EDGE_LOOP ( 'NONE', ( #1711, #1663 ) ) ;
#1859 = DIRECTION ( 'NONE',  ( 1.000000000000000000, -7.888609052210118054E-31, -9.869695000471881156E-31 ) ) ;
#1860 = AXIS2_PLACEMENT_3D ( 'NONE', #88, #1442, #1891 ) ;
#1861 = CIRCLE ( 'NONE', #1027, 1.250000000000000222 ) ;
#1862 = DIRECTION ( 'NONE',  ( 1.000000000000000000, 0.000000000000000000, -0.000000000000000000 ) ) ;
#1863 = VECTOR ( 'NONE', #1614, 1000.000000000000000 ) ;
#1864 = VERTEX_POINT ( 'NONE', #143 ) ;
#1865 = VECTOR ( 'NONE', #989, 1000.000000000000114 ) ;
#1866 = EDGE_CURVE ( 'NONE', #1165, #103, #381, .T. ) ;
#1867 = FACE_BOUND ( 'NONE', #466, .T. ) ;
#1868 = ORIENTED_EDGE ( 'NONE', *, *, #363, .F. ) ;
#1869 = ADVANCED_FACE ( 'NONE', ( #286 ), #161, .F. ) ;
#1870 = CARTESIAN_POINT ( 'NONE',  ( -14.49999999999996092, 0.2499999999998964717, 2.750000000000101252 ) ) ;
#1871 = EDGE_LOOP ( 'NONE', ( #920, #1229, #1794, #294, #537, #1408, #1875, #1761 ) ) ;
#1872 = CARTESIAN_POINT ( 'NONE',  ( -3.299532720483756787, -22.24999999999989342, 5.250000000000102141 ) ) ;
#1873 = PRODUCT_RELATED_PRODUCT_CATEGORY ( 'part', '', ( #1000 ) ) ;
#1874 = FACE_OUTER_BOUND ( 'NONE', #1025, .T. ) ;
#1875 = ORIENTED_EDGE ( 'NONE', *, *, #1878, .F. ) ;
#1876 =( NAMED_UNIT ( * ) SI_UNIT ( $, .STERADIAN. ) SOLID_ANGLE_UNIT ( ) );
#1877 = EDGE_LOOP ( 'NONE', ( #693, #292, #456, #210 ) ) ;
#1878 = EDGE_CURVE ( 'NONE', #1696, #1915, #627, .T. ) ;
#1879 = EDGE_LOOP ( 'NONE', ( #1233, #110, #1175, #1333 ) ) ;
#1880 = CARTESIAN_POINT ( 'NONE',  ( 5.000000000000000888, -11.00000000000002665, 0.000000000000000000 ) ) ;
#1881 = VERTEX_POINT ( 'NONE', #1052 ) ;
#1882 = DIRECTION ( 'NONE',  ( 0.000000000000000000, 0.000000000000000000, 1.000000000000000000 ) ) ;
#1883 = DIRECTION ( 'NONE',  ( 1.000000000000000000, 0.000000000000000000, 0.000000000000000000 ) ) ;
#1884 = CIRCLE ( 'NONE', #667, 1.249999999999999334 ) ;
#1885 = LINE ( 'NONE', #810, #962 ) ;
#1886 = AXIS2_PLACEMENT_3D ( 'NONE', #882, #1785, #448 ) ;
#1887 = EDGE_LOOP ( 'NONE', ( #736, #1852, #719, #729, #1013, #1411 ) ) ;
#1888 = VECTOR ( 'NONE', #1190, 1000.000000000000000 ) ;
#1889 = VERTEX_POINT ( 'NONE', #1223 ) ;
#1890 = CYLINDRICAL_SURFACE ( 'NONE', #380, 1.249999999999999334 ) ;
#1891 = DIRECTION ( 'NONE',  ( 0.000000000000000000, 0.000000000000000000, 1.000000000000000000 ) ) ;
#1892 = DIRECTION ( 'NONE',  ( 0.000000000000000000, 0.000000000000000000, 1.000000000000000000 ) ) ;
#1893 = ADVANCED_FACE ( 'NONE', ( #925 ), #590, .F. ) ;
#1894 = FACE_OUTER_BOUND ( 'NONE', #1887, .T. ) ;
#1895 = AXIS2_PLACEMENT_3D ( 'NONE', #883, #580, #1487 ) ;
#1896 = DIRECTION ( 'NONE',  ( -1.000000000000000000, 0.000000000000000000, 0.000000000000000000 ) ) ;
#1897 = VECTOR ( 'NONE', #1465, 1000.000000000000000 ) ;
#1898 = VERTEX_POINT ( 'NONE', #1363 ) ;
#1899 = EDGE_CURVE ( 'NONE', #1345, #257, #322, .T. ) ;
#1900 = AXIS2_PLACEMENT_3D ( 'NONE', #337, #1782, #1805 ) ;
#1901 = DIRECTION ( 'NONE',  ( 1.000000000000000000, 0.000000000000000000, 0.000000000000000000 ) ) ;
#1902 = CARTESIAN_POINT ( 'NONE',  ( 0.000000000000000000, -19.00000000000000000, 2.000000000000000000 ) ) ;
#1903 = DIRECTION ( 'NONE',  ( -1.000000000000000000, 0.000000000000000000, 0.000000000000000000 ) ) ;
#1904 = DIRECTION ( 'NONE',  ( -0.000000000000000000, -0.000000000000000000, 1.000000000000000000 ) ) ;
#1905 = ADVANCED_FACE ( 'NONE', ( #1648 ), #1505, .F. ) ;
#1906 = CARTESIAN_POINT ( 'NONE',  ( -9.250000000000000000, -11.00000000000000000, 2.000000000000000000 ) ) ;
#1907 = VERTEX_POINT ( 'NONE', #154 ) ;
#1908 = ORIENTED_EDGE ( 'NONE', *, *, #1369, .T. ) ;
#1909 = DIRECTION ( 'NONE',  ( -0.000000000000000000, -0.000000000000000000, -1.000000000000000000 ) ) ;
#1910 = FACE_OUTER_BOUND ( 'NONE', #365, .T. ) ;
#1911 = CARTESIAN_POINT ( 'NONE',  ( 0.000000000000000000, 0.000000000000000000, -2.000000000000000000 ) ) ;
#1912 = DIRECTION ( 'NONE',  ( 1.000000000000000000, 0.000000000000000000, 0.000000000000000000 ) ) ;
#1913 = EDGE_CURVE ( 'NONE', #1143, #861, #984, .T. ) ;
#1914 = CARTESIAN_POINT ( 'NONE',  ( 19.49999999999996092, 3.499999999999899192, -1.155557966632341512E-29 ) ) ;
#1915 = VERTEX_POINT ( 'NONE', #15 ) ;
#1916 = AXIS2_PLACEMENT_3D ( 'NONE', #711, #1309, #1901 ) ;
#1917 = EDGE_LOOP ( 'NONE', ( #1716, #1103, #1655, #168 ) ) ;
#1918 = AXIS2_PLACEMENT_3D ( 'NONE', #38, #1355, #767 ) ;
#1919 = DIRECTION ( 'NONE',  ( 0.000000000000000000, 0.000000000000000000, -1.000000000000000000 ) ) ;
#1920 = DIRECTION ( 'NONE',  ( 1.000000000000000000, 0.000000000000000000, 0.000000000000000000 ) ) ;
#1921 = FACE_BOUND ( 'NONE', #1446, .T. ) ;
#1922 = FACE_BOUND ( 'NONE', #744, .T. ) ;
#1923 = LINE ( 'NONE', #1343, #526 ) ;
#1924 = EDGE_CURVE ( 'NONE', #606, #1545, #855, .T. ) ;
#1925 = VERTEX_POINT ( 'NONE', #776 ) ;
#1926 = CIRCLE ( 'NONE', #1895, 1.250000000000000222 ) ;
#1927 = VECTOR ( 'NONE', #1156, 1000.000000000000000 ) ;
#1928 = AXIS2_PLACEMENT_3D ( 'NONE', #478, #184, #1264 ) ;
#1929 = EDGE_CURVE ( 'NONE', #951, #1721, #460, .T. ) ;
#1930 = ORIENTED_EDGE ( 'NONE', *, *, #477, .F. ) ;
#1931 = AXIS2_PLACEMENT_3D ( 'NONE', #1803, #1492, #1219 ) ;
#1932 = AXIS2_PLACEMENT_3D ( 'NONE', #1645, #300, #1683 ) ;
#1933 = CARTESIAN_POINT ( 'NONE',  ( -19.49999999999996092, 3.499999999999899192, 4.200000000000106759 ) ) ;
#1934 = DIRECTION ( 'NONE',  ( 0.000000000000000000, 0.000000000000000000, -1.000000000000000000 ) ) ;
#1935 = DIRECTION ( 'NONE',  ( 0.000000000000000000, 0.000000000000000000, 1.000000000000000000 ) ) ;
ENDSEC;
END-ISO-10303-21;
