ISO-10303-21;
HEADER;
FILE_DESCRIPTION (( 'STEP AP214' ),
    '1' );
FILE_NAME ('Tail End.STEP',
    '2026-06-02T01:55:46',
    ( '' ),
    ( '' ),
    'SwSTEP 2.0',
    'SolidWorks 2026',
    '' );
FILE_SCHEMA (( 'AUTOMOTIVE_DESIGN' ));
ENDSEC;

DATA;
#1 = EDGE_LOOP ( 'NONE', ( #2066, #480, #1957, #1349, #1904, #1021, #1993 ) ) ;
#2 = EDGE_CURVE ( 'NONE', #394, #1091, #841, .T. ) ;
#3 = DIRECTION ( 'NONE',  ( 2.891205793294678819E-16, -1.000000000000000000, 0.000000000000000000 ) ) ;
#4 = ORIENTED_EDGE ( 'NONE', *, *, #1356, .F. ) ;
#5 = CARTESIAN_POINT ( 'NONE',  ( 133.4020400515485960, 44.36986337296605853, 57.46094653537909380 ) ) ;
#6 = DIRECTION ( 'NONE',  ( 0.000000000000000000, 0.000000000000000000, 1.000000000000000000 ) ) ;
#7 = CARTESIAN_POINT ( 'NONE',  ( 15.01592320108240131, -7.999999999999918288, 21.50000000000000000 ) ) ;
#8 = EDGE_CURVE ( 'NONE', #1250, #2026, #1177, .T. ) ;
#9 = CARTESIAN_POINT ( 'NONE',  ( 95.11422315920326298, 39.50000000000009948, 55.60525895521070794 ) ) ;
#10 = CARTESIAN_POINT ( 'NONE',  ( 63.25092619007416062, 36.49874267837352448, 90.37619499668018364 ) ) ;
#11 = CARTESIAN_POINT ( 'NONE',  ( -2.023844055306297163E-15, 7.000000000000075495, 21.50000000000000000 ) ) ;
#12 = EDGE_CURVE ( 'NONE', #1960, #148, #2186, .T. ) ;
#13 = DIRECTION ( 'NONE',  ( -1.000000000000000000, -5.782411586589351722E-16, 0.000000000000000000 ) ) ;
#14 = ORIENTED_EDGE ( 'NONE', *, *, #1151, .F. ) ;
#15 = UNCERTAINTY_MEASURE_WITH_UNIT (LENGTH_MEASURE( 1.000000000000000082E-05 ), #2134, 'distance_accuracy_value', 'NONE');
#16 = DIRECTION ( 'NONE',  ( 1.000000000000000000, 1.734723475976805369E-16, 0.000000000000000000 ) ) ;
#17 = ORIENTED_EDGE ( 'NONE', *, *, #361, .F. ) ;
#18 = CARTESIAN_POINT ( 'NONE',  ( 136.3372705995551826, 39.50000000000011369, 56.76196176214145339 ) ) ;
#19 = CARTESIAN_POINT ( 'NONE',  ( 61.50000000000011369, 7.000000000000092371, 0.000000000000000000 ) ) ;
#20 = AXIS2_PLACEMENT_3D ( 'NONE', #1715, #1382, #1893 ) ;
#21 = ORIENTED_EDGE ( 'NONE', *, *, #1256, .T. ) ;
#22 = CIRCLE ( 'NONE', #1007, 3.000000000000002665 ) ;
#23 = DIRECTION ( 'NONE',  ( -1.000000000000000000, -1.734723475976805369E-16, 0.000000000000000000 ) ) ;
#24 = CIRCLE ( 'NONE', #232, 3.000000000000002665 ) ;
#25 = DIRECTION ( 'NONE',  ( -2.891205793294678819E-16, 1.000000000000000000, -0.000000000000000000 ) ) ;
#26 = ORIENTED_EDGE ( 'NONE', *, *, #607, .T. ) ;
#27 = AXIS2_PLACEMENT_3D ( 'NONE', #2173, #1326, #1365 ) ;
#28 = CARTESIAN_POINT ( 'NONE',  ( 126.2282160992535864, 43.32795736298735534, 83.40495390967080880 ) ) ;
#29 = ORIENTED_EDGE ( 'NONE', *, *, #851, .T. ) ;
#30 = DIRECTION ( 'NONE',  ( -0.9980271399256300802, -3.069157932139009102E-16, 0.06278397862406209784 ) ) ;
#31 = DIRECTION ( 'NONE',  ( 0.000000000000000000, 1.000000000000000000, 0.000000000000000000 ) ) ;
#32 = B_SPLINE_CURVE_WITH_KNOTS ( 'NONE', 3,
 ( #906, #1089, #1075, #1064, #893, #392, #884, #33, #586, #1768, #241, #1260, #1732, #552, #419, #703, #1387, #1233, #2064, #206 ),
 .UNSPECIFIED., .F., .F.,
 ( 4, 2, 2, 2, 2, 2, 2, 2, 2, 4 ),
 ( 0.000000000000000000, 0.0005863594540839490998, 0.001172718908167898200, 0.001759078362251847300, 0.002345437816335796399, 0.002931797270419745933, 0.003518156724503694599, 0.004104516178587643699, 0.004397695905629656413, 0.004690875632671669994 ),
 .UNSPECIFIED. ) ;
#33 = CARTESIAN_POINT ( 'NONE',  ( 135.7233064800069542, -14.32900651000427850, 71.46069610318097887 ) ) ;
#34 =( BOUNDED_CURVE ( )  B_SPLINE_CURVE ( 3, ( #1980, #1173, #1352, #812 ),
 .UNSPECIFIED., .F., .F. ) 
 B_SPLINE_CURVE_WITH_KNOTS ( ( 4, 4 ),
 ( 0.000000000000000000, 1.570796326794896558 ),
 .UNSPECIFIED. ) 
 CURVE ( )  GEOMETRIC_REPRESENTATION_ITEM ( )  RATIONAL_B_SPLINE_CURVE ( ( 1.000000000000000000, 0.8047378541243649375, 0.8047378541243649375, 1.000000000000000000 ) ) 
 REPRESENTATION_ITEM ( '' )  );
#35 = CARTESIAN_POINT ( 'NONE',  ( 87.60023371435556783, 44.43665239616023399, 60.36659107699743743 ) ) ;
#36 = VERTEX_POINT ( 'NONE', #172 ) ;
#37 = CARTESIAN_POINT ( 'NONE',  ( 88.49186895427743593, 44.50000000000009237, 83.50578077767795548 ) ) ;
#38 = ORIENTED_EDGE ( 'NONE', *, *, #765, .T. ) ;
#39 = DIRECTION ( 'NONE',  ( -0.000000000000000000, -1.000000000000000000, -0.000000000000000000 ) ) ;
#40 = CARTESIAN_POINT ( 'NONE',  ( 83.36141329834872238, 39.50000000000009948, 60.26668567476268379 ) ) ;
#41 = FACE_OUTER_BOUND ( 'NONE', #1706, .T. ) ;
#42 = CARTESIAN_POINT ( 'NONE',  ( 90.75491056439828697, -15.49999999999990052, 83.27143679541251231 ) ) ;
#43 = ORIENTED_EDGE ( 'NONE', *, *, #319, .F. ) ;
#44 = CARTESIAN_POINT ( 'NONE',  ( 86.43106773515563646, -10.49999999999990052, 83.71918222915114427 ) ) ;
#45 = ORIENTED_EDGE ( 'NONE', *, *, #388, .F. ) ;
#46 = CARTESIAN_POINT ( 'NONE',  ( 136.3372705995551826, 40.02349577878631948, 56.81419439825233297 ) ) ;
#47 = CARTESIAN_POINT ( 'NONE',  ( 61.50000000000011369, 7.000000000000092371, 21.50000000000000000 ) ) ;
#48 = ADVANCED_FACE ( 'NONE', ( #674 ), #1358, .F. ) ;
#49 = PLANE ( 'NONE',  #339 ) ;
#50 = EDGE_CURVE ( 'NONE', #1499, #967, #1031, .T. ) ;
#51 = CARTESIAN_POINT ( 'NONE',  ( 136.3372705995552110, -15.49999999999988454, 71.42598511022080743 ) ) ;
#52 = AXIS2_PLACEMENT_3D ( 'NONE', #1844, #649, #1997 ) ;
#53 = CARTESIAN_POINT ( 'NONE',  ( 117.3701683886502138, -48.31320215137652951, 97.73642941163743103 ) ) ;
#54 = VECTOR ( 'NONE', #2138, 1000.000000000000341 ) ;
#55 = VERTEX_POINT ( 'NONE', #575 ) ;
#56 = CARTESIAN_POINT ( 'NONE',  ( 136.3372705995551826, 41.50000000000010658, 58.76880016271352503 ) ) ;
#57 = VERTEX_POINT ( 'NONE', #1590 ) ;
#58 = AXIS2_PLACEMENT_3D ( 'NONE', #104, #1964, #1473 ) ;
#59 = DIRECTION ( 'NONE',  ( 1.000000000000000000, 0.000000000000000000, 0.000000000000000000 ) ) ;
#60 = PRODUCT_DEFINITION_FORMATION_WITH_SPECIFIED_SOURCE ( 'ANY', '', #1431, .NOT_KNOWN. ) ;
#61 = DIRECTION ( 'NONE',  ( -2.891205793294678819E-16, 1.000000000000000000, -0.000000000000000000 ) ) ;
#62 = LINE ( 'NONE', #1087, #623 ) ;
#63 = DIRECTION ( 'NONE',  ( -1.000000000000000000, 0.000000000000000000, 0.000000000000000000 ) ) ;
#64 = CARTESIAN_POINT ( 'NONE',  ( 61.73445153457765855, 28.68267834106363523, 99.96533745333199761 ) ) ;
#65 = CARTESIAN_POINT ( 'NONE',  ( 133.5847203579870097, -10.49999999999988631, 53.77218440972003322 ) ) ;
#66 = ORIENTED_EDGE ( 'NONE', *, *, #1346, .F. ) ;
#67 = B_SPLINE_CURVE_WITH_KNOTS ( 'NONE', 3,
 ( #1950, #293, #1137, #1962, #782, #1619, #284, #1291, #809, #1471, #1461, #1642, #101, #1821, #616, #1975, #435, #771, #1485, #1634, #1439, #1119, #2116, #249, #2162, #1809, #642, #2149, #630, #1998, #1309 ),
 .UNSPECIFIED., .F., .F.,
 ( 4, 2, 2, 2, 2, 2, 2, 2, 2, 1, 2, 2, 2, 2, 2, 4 ),
 ( 0.000000000000000000, 0.002947859472971998962, 0.004421789209457997576, 0.005895718945943997057, 0.008843578418915995151, 0.01031750815540199637, 0.01179143789188799585, 0.01473929736486002777, 0.01621322710134602205, 0.01768715683783201459, 0.01916108657431800713, 0.02063501631080400314, 0.02210894604728999915, 0.02284591091553301104, 0.02321439334965449616, 0.02358287578377598129 ),
 .UNSPECIFIED. ) ;
#68 = EDGE_CURVE ( 'NONE', #203, #1694, #1002, .T. ) ;
#69 = CARTESIAN_POINT ( 'NONE',  ( 134.9165899052831605, -7.999999999999883649, 87.73319755027173983 ) ) ;
#70 = CARTESIAN_POINT ( 'NONE',  ( 126.1794379527672589, 43.88318029901945039, 82.85293651834513184 ) ) ;
#71 = EDGE_CURVE ( 'NONE', #449, #1094, #1654, .T. ) ;
#72 = ORIENTED_EDGE ( 'NONE', *, *, #1632, .F. ) ;
#73 = CARTESIAN_POINT ( 'NONE',  ( 125.0145437458573525, -7.999999999999888978, 72.69323710678375505 ) ) ;
#74 = DIRECTION ( 'NONE',  ( 0.000000000000000000, 0.000000000000000000, 1.000000000000000000 ) ) ;
#75 = CARTESIAN_POINT ( 'NONE',  ( 135.7233725700000093, 43.32891906527730441, 71.46069231586714920 ) ) ;
#76 = EDGE_CURVE ( 'NONE', #620, #1042, #2084, .T. ) ;
#77 = LINE ( 'NONE', #391, #631 ) ;
#78 = CARTESIAN_POINT ( 'NONE',  ( 61.50000000000012790, 22.99681633886011767, 101.5000000000000284 ) ) ;
#79 = CARTESIAN_POINT ( 'NONE',  ( 126.8537194941027053, -7.999999999999888978, 39.14432575839223460 ) ) ;
#80 = EDGE_CURVE ( 'NONE', #2027, #2075, #32, .T. ) ;
#81 = ORIENTED_EDGE ( 'NONE', *, *, #992, .F. ) ;
#82 = PLANE ( 'NONE',  #1765 ) ;
#83 = CARTESIAN_POINT ( 'NONE',  ( 96.17973142671660014, -12.71667205286454561, 51.18433995397671055 ) ) ;
#84 = ORIENTED_EDGE ( 'NONE', *, *, #1423, .F. ) ;
#85 = CYLINDRICAL_SURFACE ( 'NONE', #802, 2.999999999999998668 ) ;
#86 = CARTESIAN_POINT ( 'NONE',  ( 76.50000000000011369, 22.00000000000009592, 0.000000000000000000 ) ) ;
#87 = DIRECTION ( 'NONE',  ( 0.000000000000000000, 0.000000000000000000, -1.000000000000000000 ) ) ;
#88 = CARTESIAN_POINT ( 'NONE',  ( 1.546196358120893066, 0.3517695488553305161, 21.50000000000000000 ) ) ;
#89 = CARTESIAN_POINT ( 'NONE',  ( 91.40628198771457846, 44.50000000000009237, 83.20398555077447611 ) ) ;
#90 = CARTESIAN_POINT ( 'NONE',  ( 117.3701683886501996, 37.00000000000009948, 17.82664882822696129 ) ) ;
#91 = VERTEX_POINT ( 'NONE', #1566 ) ;
#92 = VECTOR ( 'NONE', #1454, 1000.000000000000000 ) ;
#93 = CARTESIAN_POINT ( 'NONE',  ( 134.6671035806887744, 44.19622378058605250, 71.52280893838853615 ) ) ;
#94 = ADVANCED_FACE ( 'NONE', ( #541 ), #1908, .T. ) ;
#95 = CARTESIAN_POINT ( 'NONE',  ( 99.11506593226035022, 6.454714930227126501, 101.4903655857736169 ) ) ;
#96 = AXIS2_PLACEMENT_3D ( 'NONE', #1842, #823, #1828 ) ;
#97 = CARTESIAN_POINT ( 'NONE',  ( 95.94909686501472379, -14.83796818853918609, 53.15779927304904362 ) ) ;
#98 = ORIENTED_EDGE ( 'NONE', *, *, #471, .T. ) ;
#99 = DIRECTION ( 'NONE',  ( -1.000000000000000000, -2.891205793294678819E-16, 0.000000000000000000 ) ) ;
#100 = CIRCLE ( 'NONE', #1664, 11.39342227016287801 ) ;
#101 = CARTESIAN_POINT ( 'NONE',  ( 62.12790095065157203, -3.293319067753718077, 97.42184283873361039 ) ) ;
#102 = DIRECTION ( 'NONE',  ( 0.9965924508071392074, 0.000000000000000000, 0.08248325281061334724 ) ) ;
#103 = VECTOR ( 'NONE', #31, 1000.000000000000000 ) ;
#104 = CARTESIAN_POINT ( 'NONE',  ( 126.2157864802709071, -10.49999999999988809, 58.17938853861186033 ) ) ;
#105 = FACE_OUTER_BOUND ( 'NONE', #1547, .T. ) ;
#106 = ORIENTED_EDGE ( 'NONE', *, *, #80, .F. ) ;
#107 = DIRECTION ( 'NONE',  ( 2.891205793294678819E-16, -1.000000000000000000, 0.000000000000000000 ) ) ;
#108 = CARTESIAN_POINT ( 'NONE',  ( 95.94909686501476642, 43.83796818853940636, 53.15779927304905783 ) ) ;
#109 = ADVANCED_FACE ( 'NONE', ( #41 ), #1054, .T. ) ;
#110 = ORIENTED_EDGE ( 'NONE', *, *, #1883, .F. ) ;
#111 = CYLINDRICAL_SURFACE ( 'NONE', #1974, 11.39342227016287801 ) ;
#112 = EDGE_CURVE ( 'NONE', #2027, #449, #1576, .T. ) ;
#113 = CARTESIAN_POINT ( 'NONE',  ( 126.0934438065481373, 44.50000000000009948, 81.02188254070472340 ) ) ;
#114 = CARTESIAN_POINT ( 'NONE',  ( 130.5081053714025074, 36.34763764240405948, 91.01147291781852289 ) ) ;
#115 = CARTESIAN_POINT ( 'NONE',  ( 126.1794212061411429, -14.88332764664799868, 82.85274770080872031 ) ) ;
#116 = DIRECTION ( 'NONE',  ( -2.891205793294679312E-16, 1.000000000000000000, -0.000000000000000000 ) ) ;
#117 = ORIENTED_EDGE ( 'NONE', *, *, #80, .T. ) ;
#118 = CARTESIAN_POINT ( 'NONE',  ( 61.50000000000012079, 22.00000000000008882, 101.5000000000000000 ) ) ;
#119 = CARTESIAN_POINT ( 'NONE',  ( 95.84308077034496876, 44.24276540747150221, 54.04387358651675299 ) ) ;
#120 = VERTEX_POINT ( 'NONE', #1407 ) ;
#121 = DIRECTION ( 'NONE',  ( 0.000000000000000000, 0.000000000000000000, -1.000000000000000000 ) ) ;
#122 = VERTEX_POINT ( 'NONE', #451 ) ;
#123 = CARTESIAN_POINT ( 'NONE',  ( 133.5847203579870097, 39.50000000000011369, 53.77218440972003322 ) ) ;
#124 = EDGE_CURVE ( 'NONE', #2027, #1783, #798, .T. ) ;
#125 = CARTESIAN_POINT ( 'NONE',  ( 91.59463392358676970, 41.50000000000009237, 86.19806697055136624 ) ) ;
#126 = CARTESIAN_POINT ( 'NONE',  ( 88.34878036848743932, 43.49833419275117308, 83.52059798159436355 ) ) ;
#127 = ORIENTED_EDGE ( 'NONE', *, *, #1110, .T. ) ;
#128 = DIRECTION ( 'NONE',  ( 0.000000000000000000, -0.000000000000000000, -1.000000000000000000 ) ) ;
#129 = CARTESIAN_POINT ( 'NONE',  ( 95.84308077034491191, -15.24276540747129438, 54.04387358651673168 ) ) ;
#130 = ORIENTED_EDGE ( 'NONE', *, *, #1700, .T. ) ;
#131 = CIRCLE ( 'NONE', #1181, 11.35070789170687711 ) ;
#132 = CARTESIAN_POINT ( 'NONE',  ( 136.3372705995552110, 44.50000000000010658, 71.42598511022080743 ) ) ;
#133 = VECTOR ( 'NONE', #605, 1000.000000000000000 ) ;
#134 = AXIS2_PLACEMENT_3D ( 'NONE', #1357, #486, #1838 ) ;
#135 = FACE_OUTER_BOUND ( 'NONE', #866, .T. ) ;
#136 = CARTESIAN_POINT ( 'NONE',  ( 133.3372705995551826, 37.00000000000010658, 56.76196176214146050 ) ) ;
#137 = CIRCLE ( 'NONE', #1873, 72.63788160908059410 ) ;
#138 = DIRECTION ( 'NONE',  ( 0.000000000000000000, 0.000000000000000000, -1.000000000000000000 ) ) ;
#139 = VERTEX_POINT ( 'NONE', #1297 ) ;
#140 = CARTESIAN_POINT ( 'NONE',  ( 15.01592320108238710, 37.00000000000007105, 21.50000000000000000 ) ) ;
#141 = FACE_OUTER_BOUND ( 'NONE', #603, .T. ) ;
#142 = ORIENTED_EDGE ( 'NONE', *, *, #2104, .F. ) ;
#143 = ADVANCED_FACE ( 'NONE', ( #970 ), #1659, .F. ) ;
#144 = CARTESIAN_POINT ( 'NONE',  ( 87.56086331287546898, -7.999999999999899636, 17.82664882822696129 ) ) ;
#145 = CARTESIAN_POINT ( 'NONE',  ( 124.2994778212399467, 34.58328811603726649, 94.67944184447463840 ) ) ;
#146 = CARTESIAN_POINT ( 'NONE',  ( 133.3372705995551826, 41.50000000000010658, 58.76880016271352503 ) ) ;
#147 = ADVANCED_FACE ( 'NONE', ( #1788 ), #1824, .T. ) ;
#148 = VERTEX_POINT ( 'NONE', #89 ) ;
#149 = EDGE_CURVE ( 'NONE', #289, #2196, #34, .T. ) ;
#150 = DIRECTION ( 'NONE',  ( 1.000000000000000000, 0.000000000000000000, -0.000000000000000000 ) ) ;
#151 = CARTESIAN_POINT ( 'NONE',  ( 125.0145437458573525, 37.00000000000009948, 72.69323710678375505 ) ) ;
#152 = ORIENTED_EDGE ( 'NONE', *, *, #305, .T. ) ;
#153 = FACE_OUTER_BOUND ( 'NONE', #1507, .T. ) ;
#154 = ORIENTED_EDGE ( 'NONE', *, *, #1660, .T. ) ;
#155 =( NAMED_UNIT ( * ) PLANE_ANGLE_UNIT ( ) SI_UNIT ( $, .RADIAN. ) );
#156 = CYLINDRICAL_SURFACE ( 'NONE', #2052, 3.000000000000002665 ) ;
#157 = CARTESIAN_POINT ( 'NONE',  ( 86.91543394518765808, 40.76029145383539287, 86.49242649211824130 ) ) ;
#158 = DIRECTION ( 'NONE',  ( -2.891205793294678819E-16, 1.000000000000000000, 0.000000000000000000 ) ) ;
#159 = CARTESIAN_POINT ( 'NONE',  ( 0.7878680467317065172, 26.82056022007180118, 21.50000000000000000 ) ) ;
#160 = DIRECTION ( 'NONE',  ( -1.000000000000000000, -2.891205793294678819E-16, 0.000000000000000000 ) ) ;
#161 = ADVANCED_FACE ( 'NONE', ( #1121 ), #1864, .F. ) ;
#162 = ORIENTED_EDGE ( 'NONE', *, *, #2104, .T. ) ;
#163 = DIRECTION ( 'NONE',  ( -1.000000000000000000, -2.862847263835828723E-16, 0.000000000000000000 ) ) ;
#164 = CARTESIAN_POINT ( 'NONE',  ( 126.3372705995551826, -7.999999999999888978, 49.13098088107072670 ) ) ;
#165 = VECTOR ( 'NONE', #2101, 1000.000000000000000 ) ;
#166 = CARTESIAN_POINT ( 'NONE',  ( 83.68642536928500419, -12.27269527662859083, 60.26948555708126776 ) ) ;
#167 = VECTOR ( 'NONE', #613, 1000.000000000000000 ) ;
#168 = EDGE_CURVE ( 'NONE', #459, #1172, #868, .T. ) ;
#169 = VECTOR ( 'NONE', #332, 1000.000000000000000 ) ;
#170 = CARTESIAN_POINT ( 'NONE',  ( 87.05900748430484271, 42.01809487667534171, 83.65415739674223516 ) ) ;
#171 = CIRCLE ( 'NONE', #236, 9.999999999999994671 ) ;
#172 = CARTESIAN_POINT ( 'NONE',  ( 136.3372705995551826, 39.50000000000011369, 56.76196176214146050 ) ) ;
#173 = CARTESIAN_POINT ( 'NONE',  ( 14.02500190971487015, 37.00000000000007105, 21.49999999999999645 ) ) ;
#174 = DIRECTION ( 'NONE',  ( -0.9965924508071392074, -2.881353867327342867E-16, -0.08248325281061331948 ) ) ;
#175 = ORIENTED_EDGE ( 'NONE', *, *, #557, .T. ) ;
#176 = DIRECTION ( 'NONE',  ( 0.000000000000000000, 0.000000000000000000, 1.000000000000000000 ) ) ;
#177 = ORIENTED_EDGE ( 'NONE', *, *, #1269, .F. ) ;
#178 = EDGE_CURVE ( 'NONE', #1683, #1306, #1506, .T. ) ;
#179 = CARTESIAN_POINT ( 'NONE',  ( 117.3701683886502138, 22.50000000000006040, 29.15767063571373541 ) ) ;
#180 = LINE ( 'NONE', #1846, #554 ) ;
#181 = DIRECTION ( 'NONE',  ( 2.891205793294678819E-16, -1.000000000000000000, 0.000000000000000000 ) ) ;
#182 = CARTESIAN_POINT ( 'NONE',  ( 63.32910137355152358, 36.61837598444071062, 89.89754923173869372 ) ) ;
#183 = FACE_OUTER_BOUND ( 'NONE', #1483, .T. ) ;
#184 = CARTESIAN_POINT ( 'NONE',  ( 136.3372705995551826, 6.500000000000064837, 101.5000000000000000 ) ) ;
#185 = ORIENTED_EDGE ( 'NONE', *, *, #409, .T. ) ;
#186 = DIRECTION ( 'NONE',  ( -2.891205793294678819E-16, 1.000000000000000000, 0.000000000000000000 ) ) ;
#187 = ORIENTED_EDGE ( 'NONE', *, *, #2041, .T. ) ;
#188 = CARTESIAN_POINT ( 'NONE',  ( 133.5847203579870097, 39.50000000000012079, 53.77218440972003322 ) ) ;
#189 = FACE_OUTER_BOUND ( 'NONE', #1641, .T. ) ;
#190 = DIRECTION ( 'NONE',  ( -1.000000000000000000, 0.000000000000000000, 0.000000000000000000 ) ) ;
#191 = DIRECTION ( 'NONE',  ( -1.734723475976805369E-16, 1.000000000000000000, 0.000000000000000000 ) ) ;
#192 = LINE ( 'NONE', #53, #1726 ) ;
#193 = ORIENTED_EDGE ( 'NONE', *, *, #1256, .F. ) ;
#194 = PLANE ( 'NONE',  #407 ) ;
#195 = EDGE_LOOP ( 'NONE', ( #1829, #487, #676, #98 ) ) ;
#196 = CARTESIAN_POINT ( 'NONE',  ( 133.3372705995551541, 44.50000000000011369, 58.76880016271351792 ) ) ;
#197 = PLANE ( 'NONE',  #342 ) ;
#198 = EDGE_LOOP ( 'NONE', ( #828, #1562, #1652, #1267 ) ) ;
#199 = AXIS2_PLACEMENT_3D ( 'NONE', #1751, #1209, #1053 ) ;
#200 = CARTESIAN_POINT ( 'NONE',  ( 85.89566974358471896, 43.84688605720555898, 60.30770062960261413 ) ) ;
#201 = ORIENTED_EDGE ( 'NONE', *, *, #1127, .F. ) ;
#202 = CARTESIAN_POINT ( 'NONE',  ( 126.2801048038977001, 41.89289894080752674, 83.99660191575878798 ) ) ;
#203 = VERTEX_POINT ( 'NONE', #2120 ) ;
#204 = LINE ( 'NONE', #538, #1296 ) ;
#205 = DIRECTION ( 'NONE',  ( -1.000000000000000000, 0.000000000000000000, 0.000000000000000000 ) ) ;
#206 = CARTESIAN_POINT ( 'NONE',  ( 133.3372705995551826, -15.49999999999988631, 71.60615149653813205 ) ) ;
#207 = ADVANCED_FACE ( 'NONE', ( #1273 ), #774, .F. ) ;
#208 = CARTESIAN_POINT ( 'NONE',  ( 88.42242958899869620, 44.50000000000009237, 60.40702597753933389 ) ) ;
#209 = VERTEX_POINT ( 'NONE', #2131 ) ;
#210 = EDGE_CURVE ( 'NONE', #1499, #620, #262, .T. ) ;
#211 = DIRECTION ( 'NONE',  ( -1.000000000000000000, 0.000000000000000000, -1.734723475976808080E-15 ) ) ;
#212 = ORIENTED_EDGE ( 'NONE', *, *, #1221, .F. ) ;
#213 = DIRECTION ( 'NONE',  ( 2.891205793294678819E-16, -1.000000000000000000, -0.000000000000000000 ) ) ;
#214 = LINE ( 'NONE', #1584, #838 ) ;
#215 = DIRECTION ( 'NONE',  ( -2.891205793294678819E-16, 1.000000000000000000, 0.000000000000000000 ) ) ;
#216 = CARTESIAN_POINT ( 'NONE',  ( 61.57728290284304506, 25.89967518167409821, 100.9926724093979260 ) ) ;
#217 = FACE_OUTER_BOUND ( 'NONE', #669, .T. ) ;
#218 = ORIENTED_EDGE ( 'NONE', *, *, #1113, .T. ) ;
#219 = DIRECTION ( 'NONE',  ( 0.000000000000000000, 0.000000000000000000, -1.000000000000000000 ) ) ;
#220 = EDGE_LOOP ( 'NONE', ( #2163, #1237, #1371, #1568 ) ) ;
#221 = DIRECTION ( 'NONE',  ( 1.000000000000000000, 0.000000000000000000, 0.000000000000000000 ) ) ;
#222 = CARTESIAN_POINT ( 'NONE',  ( 136.3372705995552110, -7.999999999999888978, 86.50000000000001421 ) ) ;
#223 = DIRECTION ( 'NONE',  ( -1.000000000000000000, 0.000000000000000000, -0.000000000000000000 ) ) ;
#224 = CARTESIAN_POINT ( 'NONE',  ( 4.750790646516032112, -3.959124493927417721, 21.49999999999999645 ) ) ;
#225 = EDGE_CURVE ( 'NONE', #700, #139, #1966, .T. ) ;
#226 = CARTESIAN_POINT ( 'NONE',  ( 62.29038794880887053, 33.32733387653988189, 96.38168791578237915 ) ) ;
#227 = VECTOR ( 'NONE', #581, 1000.000000000000000 ) ;
#228 = EDGE_CURVE ( 'NONE', #289, #1534, #204, .T. ) ;
#229 = CYLINDRICAL_SURFACE ( 'NONE', #1300, 4.999999999999998224 ) ;
#230 = VECTOR ( 'NONE', #1988, 1000.000000000000000 ) ;
#231 = ORIENTED_EDGE ( 'NONE', *, *, #781, .T. ) ;
#232 = AXIS2_PLACEMENT_3D ( 'NONE', #146, #963, #1477 ) ;
#233 = CARTESIAN_POINT ( 'NONE',  ( 102.4530203535772586, 4.160888625586958156, 101.2306576203943962 ) ) ;
#234 = CARTESIAN_POINT ( 'NONE',  ( 136.3372705995551826, -7.999999999999885425, 73.96048910334691584 ) ) ;
#235 = ORIENTED_EDGE ( 'NONE', *, *, #1022, .F. ) ;
#236 = AXIS2_PLACEMENT_3D ( 'NONE', #2048, #1442, #63 ) ;
#237 = DIRECTION ( 'NONE',  ( -0.1297812071143525647, 0.000000000000000000, -0.9915426558045505878 ) ) ;
#238 = CARTESIAN_POINT ( 'NONE',  ( 136.3372705995551826, -7.999999999999885425, 21.50000000000000000 ) ) ;
#239 = CARTESIAN_POINT ( 'NONE',  ( 98.91863529977767655, -48.31320215137652951, 101.5000000000000000 ) ) ;
#240 = DIRECTION ( 'NONE',  ( 2.891205793294678819E-16, -1.000000000000000000, 0.000000000000000000 ) ) ;
#241 = CARTESIAN_POINT ( 'NONE',  ( 135.1689979846779579, -14.88403702905661774, 71.49288747529514865 ) ) ;
#242 = EDGE_CURVE ( 'NONE', #1872, #2169, #1699, .T. ) ;
#243 = CARTESIAN_POINT ( 'NONE',  ( 136.3372705995551826, -11.72909344763676920, 57.16399804343782165 ) ) ;
#244 = ORIENTED_EDGE ( 'NONE', *, *, #1632, .T. ) ;
#245 = CARTESIAN_POINT ( 'NONE',  ( 130.4958659150946971, -7.345048789201420902, 91.01979073005814769 ) ) ;
#246 = CARTESIAN_POINT ( 'NONE',  ( 96.16214457695937767, 42.00378342660688702, 51.33690200725965269 ) ) ;
#247 = ORIENTED_EDGE ( 'NONE', *, *, #494, .F. ) ;
#248 = DIRECTION ( 'NONE',  ( 2.891205793294678819E-16, -1.000000000000000000, 0.000000000000000000 ) ) ;
#249 = CARTESIAN_POINT ( 'NONE',  ( 63.56674166416344463, -7.880449199637672208, 88.45214715506520520 ) ) ;
#250 = CARTESIAN_POINT ( 'NONE',  ( 136.3178108119133753, 41.89319554783511279, 71.42706937196970784 ) ) ;
#251 = FACE_OUTER_BOUND ( 'NONE', #768, .T. ) ;
#252 = CARTESIAN_POINT ( 'NONE',  ( 61.93272491772729182, 30.77022096832078901, 98.67887015504990700 ) ) ;
#253 = DIRECTION ( 'NONE',  ( -0.1297812071143525647, -3.752241778697927103E-17, -0.9915426558045505878 ) ) ;
#254 = ORIENTED_EDGE ( 'NONE', *, *, #1878, .T. ) ;
#255 = CARTESIAN_POINT ( 'NONE',  ( 104.0861943389616471, 3.287914984089426174, 101.0402550396986072 ) ) ;
#256 = CARTESIAN_POINT ( 'NONE',  ( 117.3701683886502138, 22.50000000000006040, 29.15767063571373541 ) ) ;
#257 = ORIENTED_EDGE ( 'NONE', *, *, #929, .F. ) ;
#258 = CARTESIAN_POINT ( 'NONE',  ( 83.36141329834872238, 44.50000000000008527, 60.26668567476267668 ) ) ;
#259 = LINE ( 'NONE', #113, #1512 ) ;
#260 = CARTESIAN_POINT ( 'NONE',  ( 98.91863529977766234, 7.000000000000089706, 101.5000000000000000 ) ) ;
#261 = DIRECTION ( 'NONE',  ( -1.000000000000000000, 0.000000000000000000, 0.000000000000000000 ) ) ;
#262 = LINE ( 'NONE', #939, #92 ) ;
#263 = CARTESIAN_POINT ( 'NONE',  ( 136.3372705995551826, -11.02349577878631770, 56.81419439825233297 ) ) ;
#264 = ORIENTED_EDGE ( 'NONE', *, *, #1789, .T. ) ;
#265 = VECTOR ( 'NONE', #436, 1000.000000000000114 ) ;
#266 = PRESENTATION_STYLE_ASSIGNMENT (( #1793 ) ) ;
#267 = AXIS2_PLACEMENT_3D ( 'NONE', #936, #87, #223 ) ;
#268 = CARTESIAN_POINT ( 'NONE',  ( 95.80531066620100944, 44.33874661046504428, 54.35611162582792133 ) ) ;
#269 = ORIENTED_EDGE ( 'NONE', *, *, #8, .T. ) ;
#270 = FACE_OUTER_BOUND ( 'NONE', #801, .T. ) ;
#271 = LINE ( 'NONE', #968, #1868 ) ;
#272 = VECTOR ( 'NONE', #318, 1000.000000000000000 ) ;
#273 = CARTESIAN_POINT ( 'NONE',  ( 89.59404763844146657, 37.00000000000009237, 86.32392002758497540 ) ) ;
#274 = CARTESIAN_POINT ( 'NONE',  ( 89.59404763844145236, 39.50000000000009948, 86.32392002758498961 ) ) ;
#275 = EDGE_CURVE ( 'NONE', #120, #1017, #701, .T. ) ;
#276 = CARTESIAN_POINT ( 'NONE',  ( 133.4893400379092441, -14.49833419277315549, 55.69814632153177314 ) ) ;
#277 = ORIENTED_EDGE ( 'NONE', *, *, #1163, .T. ) ;
#278 = CARTESIAN_POINT ( 'NONE',  ( 88.49186895427745014, -15.49999999999988631, 83.50578077767796970 ) ) ;
#279 = CARTESIAN_POINT ( 'NONE',  ( 95.80531066620100944, -15.33874661046484000, 54.35611162582789291 ) ) ;
#280 = ORIENTED_EDGE ( 'NONE', *, *, #1766, .F. ) ;
#281 = DIRECTION ( 'NONE',  ( -2.891205793294678819E-16, 1.000000000000000000, 0.000000000000000000 ) ) ;
#282 = EDGE_CURVE ( 'NONE', #55, #663, #336, .T. ) ;
#283 = EDGE_CURVE ( 'NONE', #593, #1136, #1011, .T. ) ;
#284 = CARTESIAN_POINT ( 'NONE',  ( 61.64722973744569856, 1.683286439758680197, 100.5348116798459159 ) ) ;
#285 = ORIENTED_EDGE ( 'NONE', *, *, #755, .T. ) ;
#286 = CARTESIAN_POINT ( 'NONE',  ( 99.86567961974061802, 23.25887898407838250, 101.4477968982600373 ) ) ;
#287 = CARTESIAN_POINT ( 'NONE',  ( 126.2734711066806597, -13.27620503586714129, 83.92072284388639503 ) ) ;
#288 = CYLINDRICAL_SURFACE ( 'NONE', #308, 11.39342227016287801 ) ;
#289 = VERTEX_POINT ( 'NONE', #529 ) ;
#290 = CARTESIAN_POINT ( 'NONE',  ( 133.4079660160202252, -15.49999999999988631, 72.69323710678375505 ) ) ;
#291 = DIRECTION ( 'NONE',  ( 2.891205793294678819E-16, -1.000000000000000000, 9.191926953261974723E-33 ) ) ;
#292 = ORIENTED_EDGE ( 'NONE', *, *, #512, .F. ) ;
#293 = CARTESIAN_POINT ( 'NONE',  ( 61.50000000000014211, 6.003170062373599514, 101.5000000000000142 ) ) ;
#294 = CARTESIAN_POINT ( 'NONE',  ( 99.11211414090570315, 22.54102846580675390, 101.4905141813080292 ) ) ;
#295 = DIRECTION ( 'NONE',  ( -0.000000000000000000, -0.000000000000000000, -1.000000000000000000 ) ) ;
#296 = CARTESIAN_POINT ( 'NONE',  ( 90.36518017632636202, 41.09933367710026175, 86.27540955443443238 ) ) ;
#297 = ORIENTED_EDGE ( 'NONE', *, *, #537, .F. ) ;
#298 = EDGE_CURVE ( 'NONE', #2100, #36, #902, .T. ) ;
#299 = DIRECTION ( 'NONE',  ( -0.1297812071143525647, -0.000000000000000000, -0.9915426558045505878 ) ) ;
#300 = FACE_OUTER_BOUND ( 'NONE', #315, .T. ) ;
#301 = VECTOR ( 'NONE', #1187, 1000.000000000000000 ) ;
#302 = ORIENTED_EDGE ( 'NONE', *, *, #1587, .T. ) ;
#303 = DIRECTION ( 'NONE',  ( -1.000000000000000000, 0.000000000000000000, 0.000000000000000000 ) ) ;
#304 = VECTOR ( 'NONE', #1197, 1000.000000000000000 ) ;
#305 = EDGE_CURVE ( 'NONE', #1945, #593, #1107, .T. ) ;
#306 = CARTESIAN_POINT ( 'NONE',  ( 61.50000000000011369, 22.00000000000009592, 0.000000000000000000 ) ) ;
#307 = AXIS2_PLACEMENT_3D ( 'NONE', #2045, #521, #849 ) ;
#308 = AXIS2_PLACEMENT_3D ( 'NONE', #1645, #1154, #1847 ) ;
#309 = CARTESIAN_POINT ( 'NONE',  ( 106.5324891886255614, 26.95242199952204487, 100.6655350279017540 ) ) ;
#310 = AXIS2_PLACEMENT_3D ( 'NONE', #864, #524, #852 ) ;
#311 = CARTESIAN_POINT ( 'NONE',  ( 133.3372705995551826, 44.50000000000010658, 59.01709600143018264 ) ) ;
#312 = EDGE_LOOP ( 'NONE', ( #708, #231, #1192 ) ) ;
#313 = DIRECTION ( 'NONE',  ( -2.891205793294678819E-16, 1.000000000000000000, 0.000000000000000000 ) ) ;
#314 = FACE_OUTER_BOUND ( 'NONE', #2177, .T. ) ;
#315 = EDGE_LOOP ( 'NONE', ( #1147, #955, #814, #1770, #1756 ) ) ;
#316 = CARTESIAN_POINT ( 'NONE',  ( 126.8537194941027053, 37.00000000000010658, 39.14432575839223460 ) ) ;
#317 = FACE_OUTER_BOUND ( 'NONE', #1292, .T. ) ;
#318 = DIRECTION ( 'NONE',  ( 0.1297812071143525647, 3.752241778697926487E-17, 0.9915426558045505878 ) ) ;
#319 = EDGE_CURVE ( 'NONE', #1172, #1843, #1216, .T. ) ;
#320 = FACE_OUTER_BOUND ( 'NONE', #398, .T. ) ;
#321 = DIRECTION ( 'NONE',  ( -1.000000000000000000, -2.865816189925802198E-16, 9.075084601431706712E-16 ) ) ;
#322 = CARTESIAN_POINT ( 'NONE',  ( 0.5021231121753961801, 25.87827952697320555, 21.49999999999999645 ) ) ;
#323 = CARTESIAN_POINT ( 'NONE',  ( 61.50000000000011369, 7.000000000000092371, 0.000000000000000000 ) ) ;
#324 = ORIENTED_EDGE ( 'NONE', *, *, #1026, .T. ) ;
#325 = ORIENTED_EDGE ( 'NONE', *, *, #2157, .T. ) ;
#326 = CARTESIAN_POINT ( 'NONE',  ( 136.3372705995551826, 37.00000000000010658, 21.50000000000000000 ) ) ;
#327 = CARTESIAN_POINT ( 'NONE',  ( 88.90066968368662970, 43.86893195216688923, 83.46344837404325290 ) ) ;
#328 = ORIENTED_EDGE ( 'NONE', *, *, #608, .T. ) ;
#329 = ADVANCED_FACE ( 'NONE', ( #847 ), #1189, .T. ) ;
#330 = CARTESIAN_POINT ( 'NONE',  ( 9.250700660857360091, 35.87639385672566306, 21.50000000000000000 ) ) ;
#331 = EDGE_CURVE ( 'NONE', #148, #459, #689, .T. ) ;
#332 = DIRECTION ( 'NONE',  ( -2.891205793294678819E-16, 1.000000000000000000, 0.000000000000000000 ) ) ;
#333 = VERTEX_POINT ( 'NONE', #358 ) ;
#334 = FACE_OUTER_BOUND ( 'NONE', #705, .T. ) ;
#335 = ORIENTED_EDGE ( 'NONE', *, *, #68, .T. ) ;
#336 = LINE ( 'NONE', #882, #516 ) ;
#337 = AXIS2_PLACEMENT_3D ( 'NONE', #386, #1280, #1460 ) ;
#338 = FACE_OUTER_BOUND ( 'NONE', #559, .T. ) ;
#339 = AXIS2_PLACEMENT_3D ( 'NONE', #719, #2129, #916 ) ;
#340 = AXIS2_PLACEMENT_3D ( 'NONE', #1526, #1995, #510 ) ;
#341 = CYLINDRICAL_SURFACE ( 'NONE', #762, 5.000000000000000000 ) ;
#342 = AXIS2_PLACEMENT_3D ( 'NONE', #326, #2029, #990 ) ;
#343 = ORIENTED_EDGE ( 'NONE', *, *, #178, .T. ) ;
#344 = DIRECTION ( 'NONE',  ( 0.000000000000000000, 1.000000000000000000, 0.000000000000000000 ) ) ;
#345 = CARTESIAN_POINT ( 'NONE',  ( 87.56086331287545477, 22.00000000000009592, 86.50000000000001421 ) ) ;
#346 = ORIENTED_EDGE ( 'NONE', *, *, #2140, .F. ) ;
#347 = DIRECTION ( 'NONE',  ( 1.734723475976805369E-16, -1.000000000000000000, 0.000000000000000000 ) ) ;
#348 = ORIENTED_EDGE ( 'NONE', *, *, #282, .T. ) ;
#349 = CARTESIAN_POINT ( 'NONE',  ( 136.3372705995551826, 40.12462313449567830, 54.00000000000633804 ) ) ;
#350 = EDGE_CURVE ( 'NONE', #1713, #465, #1034, .T. ) ;
#351 = LINE ( 'NONE', #359, #448 ) ;
#352 = EDGE_LOOP ( 'NONE', ( #924, #696, #424, #1129 ) ) ;
#353 = CARTESIAN_POINT ( 'NONE',  ( 0.3883266038184433611, 3.574601374114438901, 21.50000000000000000 ) ) ;
#354 = CARTESIAN_POINT ( 'NONE',  ( 91.07098468593022744, -12.44794534917814843, 86.23100874260175885 ) ) ;
#355 = ORIENTED_EDGE ( 'NONE', *, *, #1741, .F. ) ;
#356 = DIRECTION ( 'NONE',  ( -0.000000000000000000, 0.000000000000000000, -1.000000000000000000 ) ) ;
#357 = ORIENTED_EDGE ( 'NONE', *, *, #565, .F. ) ;
#358 = CARTESIAN_POINT ( 'NONE',  ( 136.3372705995551826, 6.500000000000068390, 86.50000000000002842 ) ) ;
#359 = CARTESIAN_POINT ( 'NONE',  ( 83.36141329834872238, 44.50000000000008527, 60.26668567476267668 ) ) ;
#360 = CARTESIAN_POINT ( 'NONE',  ( 63.72810592947512731, 36.96998991143879465, 87.47943278293020342 ) ) ;
#361 = EDGE_CURVE ( 'NONE', #1215, #2077, #1596, .T. ) ;
#362 = CARTESIAN_POINT ( 'NONE',  ( 84.61875378307614426, 42.81739054448197379, 60.28117719590506596 ) ) ;
#363 = ORIENTED_EDGE ( 'NONE', *, *, #1741, .T. ) ;
#364 = CARTESIAN_POINT ( 'NONE',  ( 126.2553168275136812, 42.82972472797267471, 83.71340878060460966 ) ) ;
#365 = ORIENTED_EDGE ( 'NONE', *, *, #1789, .F. ) ;
#366 = DIRECTION ( 'NONE',  ( 2.891205793294677833E-16, -1.000000000000000000, 6.170873788269422141E-33 ) ) ;
#367 = AXIS2_PLACEMENT_3D ( 'NONE', #1955, #429, #1098 ) ;
#368 = CARTESIAN_POINT ( 'NONE',  ( 133.5847203579870097, 39.50000000000011369, 53.77218440972003322 ) ) ;
#369 = AXIS2_PLACEMENT_3D ( 'NONE', #731, #899, #221 ) ;
#370 = ADVANCED_FACE ( 'NONE', ( #1606 ), #85, .T. ) ;
#371 = AXIS2_PLACEMENT_3D ( 'NONE', #901, #1255, #102 ) ;
#372 = CARTESIAN_POINT ( 'NONE',  ( 87.56086331287546898, 7.000000000000099476, 86.50000000000001421 ) ) ;
#373 = EDGE_CURVE ( 'NONE', #1017, #91, #2091, .T. ) ;
#374 = VECTOR ( 'NONE', #748, 1000.000000000000000 ) ;
#375 = CARTESIAN_POINT ( 'NONE',  ( 86.56055925552907127, -11.80873944697575695, 83.70577303754673437 ) ) ;
#376 = ORIENTED_EDGE ( 'NONE', *, *, #242, .F. ) ;
#377 = CARTESIAN_POINT ( 'NONE',  ( 126.1927566638142935, 43.75900823734198752, 83.00327455182616632 ) ) ;
#378 = ORIENTED_EDGE ( 'NONE', *, *, #1221, .T. ) ;
#379 = CARTESIAN_POINT ( 'NONE',  ( 136.3372705995551826, 41.09933367710922880, 57.53550419840911445 ) ) ;
#380 = PLANE ( 'NONE',  #199 ) ;
#381 = CARTESIAN_POINT ( 'NONE',  ( 61.80575492643225033, 29.54589208774446263, 99.50100492066162872 ) ) ;
#382 = ADVANCED_FACE ( 'NONE', ( #1935 ), #2126, .T. ) ;
#383 = CARTESIAN_POINT ( 'NONE',  ( 86.43106773515563646, -10.49999999999990408, 83.71918222915114427 ) ) ;
#384 = ORIENTED_EDGE ( 'NONE', *, *, #350, .F. ) ;
#385 = ORIENTED_EDGE ( 'NONE', *, *, #1697, .F. ) ;
#386 = CARTESIAN_POINT ( 'NONE',  ( 133.3372705995551826, 44.50000000000010658, 56.76196176214145339 ) ) ;
#387 = CARTESIAN_POINT ( 'NONE',  ( 15.01592320108238710, 37.00000000000007105, 21.50000000000000000 ) ) ;
#388 = EDGE_CURVE ( 'NONE', #91, #2150, #441, .T. ) ;
#389 = DIRECTION ( 'NONE',  ( -2.891205793294679312E-16, 1.000000000000000000, -0.000000000000000000 ) ) ;
#390 = EDGE_CURVE ( 'NONE', #2026, #508, #1238, .T. ) ;
#391 = CARTESIAN_POINT ( 'NONE',  ( 76.50000000000011369, 7.000000000000096811, 0.000000000000000000 ) ) ;
#392 = CARTESIAN_POINT ( 'NONE',  ( 136.0332090221333772, -13.83063459880664681, 71.44305547209808083 ) ) ;
#393 = CARTESIAN_POINT ( 'NONE',  ( 136.3372705995551826, -10.49999999999988454, 56.76196176214145339 ) ) ;
#394 = VERTEX_POINT ( 'NONE', #1784 ) ;
#395 = CARTESIAN_POINT ( 'NONE',  ( 135.1691181676428926, 43.88394365556991517, 71.49288040545729928 ) ) ;
#396 = ADVANCED_FACE ( 'NONE', ( #1961 ), #1085, .T. ) ;
#397 = CARTESIAN_POINT ( 'NONE',  ( 126.0509302532911136, 44.50000000000012079, 81.41929028900645449 ) ) ;
#398 = EDGE_LOOP ( 'NONE', ( #958, #998, #1033, #81 ) ) ;
#399 = CARTESIAN_POINT ( 'NONE',  ( 136.3372705995551826, -7.999999999999885425, 71.42598511022059427 ) ) ;
#400 = CARTESIAN_POINT ( 'NONE',  ( 126.2817957424203286, -12.49999999999988987, 84.01596396048161353 ) ) ;
#401 = CARTESIAN_POINT ( 'NONE',  ( 83.36141329834872238, 39.50000000000009237, 60.26668567476267668 ) ) ;
#402 = ADVANCED_FACE ( 'NONE', ( #914 ), #111, .T. ) ;
#403 = CARTESIAN_POINT ( 'NONE',  ( 136.3372705995552110, 37.00000000000010658, 71.42598511022080743 ) ) ;
#404 = CARTESIAN_POINT ( 'NONE',  ( 62.60422127931131087, 34.76390916336085013, 94.39463896101285911 ) ) ;
#405 = AXIS2_PLACEMENT_3D ( 'NONE', #415, #1617, #99 ) ;
#406 = DIRECTION ( 'NONE',  ( -1.000000000000000000, -3.381838304630986798E-16, 0.000000000000000000 ) ) ;
#407 = AXIS2_PLACEMENT_3D ( 'NONE', #1206, #1903, #356 ) ;
#408 = ORIENTED_EDGE ( 'NONE', *, *, #1342, .F. ) ;
#409 = EDGE_CURVE ( 'NONE', #698, #528, #131, .T. ) ;
#410 = AXIS2_PLACEMENT_3D ( 'NONE', #151, #647, #1501 ) ;
#411 = CARTESIAN_POINT ( 'NONE',  ( 104.9097983946274866, 2.865220189266386441, 100.9254221297230174 ) ) ;
#412 = CARTESIAN_POINT ( 'NONE',  ( 95.74646831490082377, -15.43544637146954557, 54.83719228166736315 ) ) ;
#413 = VERTEX_POINT ( 'NONE', #2114 ) ;
#414 = CIRCLE ( 'NONE', #1444, 10.00000000000000888 ) ;
#415 = CARTESIAN_POINT ( 'NONE',  ( 61.50000000000011369, 7.000000000000092371, 21.50000000000000000 ) ) ;
#416 = CARTESIAN_POINT ( 'NONE',  ( 87.76348016626813830, -15.46035417030194914, 60.37387209687363310 ) ) ;
#417 = DIRECTION ( 'NONE',  ( 0.9980271399256300802, 1.753804532650862098E-16, -0.06278397862406208396 ) ) ;
#418 = CARTESIAN_POINT ( 'NONE',  ( 5.115037815704355673, -4.288820497575217772, 21.50000000000000000 ) ) ;
#419 = CARTESIAN_POINT ( 'NONE',  ( 134.1178742428476767, -15.40338173783711895, 71.55645506390274591 ) ) ;
#420 = CARTESIAN_POINT ( 'NONE',  ( 136.3372705995552110, -15.30775746901528933, 57.47699718093586796 ) ) ;
#421 = ORIENTED_EDGE ( 'NONE', *, *, #1022, .T. ) ;
#422 = CARTESIAN_POINT ( 'NONE',  ( 99.33907888959348043, 6.180070402225962489, 101.4786948785448573 ) ) ;
#423 = CARTESIAN_POINT ( 'NONE',  ( 95.72663662590341005, 44.45959626890263650, 54.99847260282154338 ) ) ;
#424 = ORIENTED_EDGE ( 'NONE', *, *, #787, .F. ) ;
#425 = CARTESIAN_POINT ( 'NONE',  ( 135.9248543355021468, -15.49999999999988454, 58.98296225403569792 ) ) ;
#426 = DIRECTION ( 'NONE',  ( -2.891205793294679312E-16, 1.000000000000000000, -0.000000000000000000 ) ) ;
#427 = CARTESIAN_POINT ( 'NONE',  ( 136.3372705995552110, 41.50000000000009948, 71.42598511022080743 ) ) ;
#428 = DIRECTION ( 'NONE',  ( -2.891205793294678819E-16, 1.000000000000000000, 0.000000000000000000 ) ) ;
#429 = DIRECTION ( 'NONE',  ( 0.000000000000000000, -1.000000000000000000, 0.000000000000000000 ) ) ;
#430 = CARTESIAN_POINT ( 'NONE',  ( 136.3372705995551826, -11.12462313449380069, 54.00000000002451372 ) ) ;
#431 = ORIENTED_EDGE ( 'NONE', *, *, #439, .F. ) ;
#432 = CARTESIAN_POINT ( 'NONE',  ( 95.66597873287605580, -15.49999999999989164, 55.48772769850981490 ) ) ;
#433 = ORIENTED_EDGE ( 'NONE', *, *, #737, .F. ) ;
#434 = CARTESIAN_POINT ( 'NONE',  ( 91.59463392358676970, 41.50000000000009237, 86.19806697055136624 ) ) ;
#435 = CARTESIAN_POINT ( 'NONE',  ( 62.67167272229337271, -6.016509646811965872, 93.97054165707018569 ) ) ;
#436 = DIRECTION ( 'NONE',  ( 0.1297812071143525647, 2.622699215404584219E-16, 0.9915426558045505878 ) ) ;
#437 = CARTESIAN_POINT ( 'NONE',  ( 114.7288098552166673, 30.80990191999946148, 98.67184916608523793 ) ) ;
#438 = CARTESIAN_POINT ( 'NONE',  ( 86.43106773515560803, 44.50000000000008527, 83.71918222915114427 ) ) ;
#439 = EDGE_CURVE ( 'NONE', #636, #2196, #1924, .T. ) ;
#440 = ORIENTED_EDGE ( 'NONE', *, *, #770, .T. ) ;
#441 = CIRCLE ( 'NONE', #1618, 61.55433771986068336 ) ;
#442 = EDGE_CURVE ( 'NONE', #1094, #1713, #1438, .T. ) ;
#443 = CARTESIAN_POINT ( 'NONE',  ( 100.4519286308611612, 5.336145781709024760, 101.4080137488432030 ) ) ;
#444 = CARTESIAN_POINT ( 'NONE',  ( 96.23752803156996549, 39.50000000000009948, 50.68113359558679321 ) ) ;
#445 = ORIENTED_EDGE ( 'NONE', *, *, #1083, .F. ) ;
#446 = VECTOR ( 'NONE', #1929, 1000.000000000000000 ) ;
#447 = CARTESIAN_POINT ( 'NONE',  ( 87.56086331287545477, 22.00000000000009592, 17.82664882822696129 ) ) ;
#448 = VECTOR ( 'NONE', #692, 1000.000000000000000 ) ;
#449 = VERTEX_POINT ( 'NONE', #399 ) ;
#450 = CARTESIAN_POINT ( 'NONE',  ( 99.33234769923423357, 22.81289918142378781, 101.4790555044061620 ) ) ;
#451 = CARTESIAN_POINT ( 'NONE',  ( 133.3372705995551826, 44.50000000000010658, 58.76880016271352503 ) ) ;
#452 = CARTESIAN_POINT ( 'NONE',  ( 136.3372705995551826, 37.00000000000010658, 56.76196176214145339 ) ) ;
#453 = ORIENTED_EDGE ( 'NONE', *, *, #800, .F. ) ;
#454 = CARTESIAN_POINT ( 'NONE',  ( 109.8325219434489668, 0.4375262621302932753, 100.0157922726769186 ) ) ;
#455 = CARTESIAN_POINT ( 'NONE',  ( 95.91473683804164807, 43.99330166087096927, 53.44670166632131014 ) ) ;
#456 = ORIENTED_EDGE ( 'NONE', *, *, #737, .T. ) ;
#457 = DIRECTION ( 'NONE',  ( -0.000000000000000000, -0.000000000000000000, -1.000000000000000000 ) ) ;
#458 = CARTESIAN_POINT ( 'NONE',  ( 76.50000000000011369, 7.000000000000096811, 21.50000000000000000 ) ) ;
#459 = VERTEX_POINT ( 'NONE', #434 ) ;
#460 = ADVANCED_FACE ( 'NONE', ( #270 ), #1687, .T. ) ;
#461 = CARTESIAN_POINT ( 'NONE',  ( 100.6342900639775877, 23.78021622144088099, 101.3944930735529084 ) ) ;
#462 = ADVANCED_FACE ( 'NONE', ( #615 ), #1426, .F. ) ;
#463 = CARTESIAN_POINT ( 'NONE',  ( 126.0508281882575545, -15.48060532581423665, 81.41909328304548410 ) ) ;
#464 = CARTESIAN_POINT ( 'NONE',  ( 63.89162835495705650, 37.00000000000008527, 86.50000000000001421 ) ) ;
#465 = VERTEX_POINT ( 'NONE', #1631 ) ;
#466 = ADVANCED_FACE ( 'NONE', ( #934 ), #780, .F. ) ;
#467 = CARTESIAN_POINT ( 'NONE',  ( 0.3832923208777764268, 25.40304417505453927, 21.50000000000000000 ) ) ;
#468 = CARTESIAN_POINT ( 'NONE',  ( 83.36141329834873659, -10.49999999999990052, 60.26668567476267668 ) ) ;
#469 = VERTEX_POINT ( 'NONE', #925 ) ;
#470 = DIRECTION ( 'NONE',  ( -0.000000000000000000, -0.000000000000000000, -1.000000000000000000 ) ) ;
#471 = EDGE_CURVE ( 'NONE', #55, #749, #769, .T. ) ;
#472 = CARTESIAN_POINT ( 'NONE',  ( 91.59463392358676970, -12.49999999999990052, 86.19806697055136624 ) ) ;
#473 = CARTESIAN_POINT ( 'NONE',  ( 125.0145437458573525, -12.49999999999988987, 72.69323710678375505 ) ) ;
#474 = ORIENTED_EDGE ( 'NONE', *, *, #283, .T. ) ;
#475 = CARTESIAN_POINT ( 'NONE',  ( 8.366359130926721122, 35.45836276564023137, 21.50000000000000000 ) ) ;
#476 = FACE_OUTER_BOUND ( 'NONE', #352, .T. ) ;
#477 = AXIS2_PLACEMENT_3D ( 'NONE', #258, #1069, #237 ) ;
#478 = ORIENTED_EDGE ( 'NONE', *, *, #1015, .F. ) ;
#479 = CIRCLE ( 'NONE', #20, 3.000000000000002665 ) ;
#480 = ORIENTED_EDGE ( 'NONE', *, *, #1058, .T. ) ;
#481 = AXIS2_PLACEMENT_3D ( 'NONE', #2073, #697, #13 ) ;
#482 = EDGE_CURVE ( 'NONE', #1901, #1872, #1932, .T. ) ;
#483 = CIRCLE ( 'NONE', #1377, 9.999999999999994671 ) ;
#484 = PLANE ( 'NONE',  #980 ) ;
#485 =( BOUNDED_CURVE ( )  B_SPLINE_CURVE ( 3, ( #619, #786, #2121, #1263 ),
 .UNSPECIFIED., .F., .F. ) 
 B_SPLINE_CURVE_WITH_KNOTS ( ( 4, 4 ),
 ( 3.141592653589793560, 4.712388980384682569 ),
 .UNSPECIFIED. ) 
 CURVE ( )  GEOMETRIC_REPRESENTATION_ITEM ( )  RATIONAL_B_SPLINE_CURVE ( ( 1.000000000000000000, 0.8047378541243667138, 0.8047378541243667138, 1.000000000000000000 ) ) 
 REPRESENTATION_ITEM ( '' )  );
#486 = DIRECTION ( 'NONE',  ( -2.891205793294678819E-16, 1.000000000000000000, 0.000000000000000000 ) ) ;
#487 = ORIENTED_EDGE ( 'NONE', *, *, #2107, .F. ) ;
#488 = CARTESIAN_POINT ( 'NONE',  ( 14.02498595637177203, -7.999999999999920064, 21.49999999999999289 ) ) ;
#489 = DIRECTION ( 'NONE',  ( -2.891205793294678819E-16, 1.000000000000000000, -0.000000000000000000 ) ) ;
#490 = ORIENTED_EDGE ( 'NONE', *, *, #607, .F. ) ;
#491 = B_SPLINE_CURVE_WITH_KNOTS ( 'NONE', 3,
 ( #592, #2146, #1794, #1629, #1614, #1266, #1817, #83, #1933, #2124, #1117, #751, #966, #97, #805, #129, #279, #412, #1651, #1278, #432, #957 ),
 .UNSPECIFIED., .F., .F.,
 ( 4, 2, 2, 2, 2, 2, 2, 2, 2, 2, 4 ),
 ( 0.000000000000000000, 0.0009766962741148586206, 0.001465044411172290208, 0.001953392548229721578, 0.002930088822344579548, 0.003906785096459437084, 0.004883481370574295488, 0.005860177644689153025, 0.006836873918804009694, 0.007325222055861427620, 0.007813570192918844678 ),
 .UNSPECIFIED. ) ;
#492 = VERTEX_POINT ( 'NONE', #1653 ) ;
#493 = CARTESIAN_POINT ( 'NONE',  ( 83.87828035480359290, -12.72824302811818420, 60.27141804761438948 ) ) ;
#494 = EDGE_CURVE ( 'NONE', #1446, #2113, #626, .T. ) ;
#495 = EDGE_CURVE ( 'NONE', #1276, #2038, #988, .T. ) ;
#496 = CARTESIAN_POINT ( 'NONE',  ( 61.50000000000011369, 7.000000000000092371, 21.50000000000000000 ) ) ;
#497 = CARTESIAN_POINT ( 'NONE',  ( 91.75275717289738964, 44.50000000000009237, 85.85109396442824448 ) ) ;
#498 =( BOUNDED_CURVE ( )  B_SPLINE_CURVE ( 3, ( #1635, #1954, #797, #123 ),
 .UNSPECIFIED., .F., .F. ) 
 B_SPLINE_CURVE_WITH_KNOTS ( ( 4, 4 ),
 ( 1.570796326794896558, 3.141592653589793116 ),
 .UNSPECIFIED. ) 
 CURVE ( )  GEOMETRIC_REPRESENTATION_ITEM ( )  RATIONAL_B_SPLINE_CURVE ( ( 1.000000000000000000, 0.8047378541243649375, 0.8047378541243649375, 1.000000000000000000 ) ) 
 REPRESENTATION_ITEM ( '' )  );
#499 = DIRECTION ( 'NONE',  ( 1.000000000000000000, 3.045131541415269181E-16, -1.218052616566107672E-15 ) ) ;
#500 = DIRECTION ( 'NONE',  ( -0.06278397862406211172, -1.815214027239776549E-17, -0.9980271399256301912 ) ) ;
#501 = ORIENTED_EDGE ( 'NONE', *, *, #388, .T. ) ;
#502 = DIRECTION ( 'NONE',  ( 0.9980271399256301912, 2.885501848818301068E-16, -0.06278397862406209784 ) ) ;
#503 = EDGE_LOOP ( 'NONE', ( #1279, #739, #280, #1165 ) ) ;
#504 = CARTESIAN_POINT ( 'NONE',  ( 126.0857571587196162, -15.40320525660423101, 81.80522202506642770 ) ) ;
#505 = PRODUCT_CONTEXT ( 'NONE', #1308, 'mechanical' ) ;
#506 = CARTESIAN_POINT ( 'NONE',  ( 86.18849561830928963, -15.00010904379450594, 60.31562004312232261 ) ) ;
#507 = DIRECTION ( 'NONE',  ( -2.891205793294678819E-16, 1.000000000000000000, -0.000000000000000000 ) ) ;
#508 = VERTEX_POINT ( 'NONE', #807 ) ;
#509 = CARTESIAN_POINT ( 'NONE',  ( 2.266085042383197301, -0.9396647883952871094, 21.50000000000000000 ) ) ;
#510 = DIRECTION ( 'NONE',  ( -1.000000000000000000, 0.000000000000000000, 0.000000000000000000 ) ) ;
#511 = ORIENTED_EDGE ( 'NONE', *, *, #531, .F. ) ;
#512 = EDGE_CURVE ( 'NONE', #57, #1960, #1722, .T. ) ;
#513 = DIRECTION ( 'NONE',  ( 1.000000000000000000, 0.000000000000000000, 0.000000000000000000 ) ) ;
#514 = EDGE_LOOP ( 'NONE', ( #26, #1672, #1819, #1335 ) ) ;
#515 = CARTESIAN_POINT ( 'NONE',  ( 136.3372705995551826, 40.72909344763718309, 57.16399804343777902 ) ) ;
#516 = VECTOR ( 'NONE', #2079, 1000.000000000000000 ) ;
#517 =( NAMED_UNIT ( * ) SI_UNIT ( $, .STERADIAN. ) SOLID_ANGLE_UNIT ( ) );
#518 = CYLINDRICAL_SURFACE ( 'NONE', #27, 11.39342227016287801 ) ;
#519 = TOROIDAL_SURFACE ( 'NONE', #1476, 6.350707891706870889, 5.000000000000000000 ) ;
#520 =( GEOMETRIC_REPRESENTATION_CONTEXT ( 3 ) GLOBAL_UNCERTAINTY_ASSIGNED_CONTEXT ( ( #15 ) ) GLOBAL_UNIT_ASSIGNED_CONTEXT ( ( #2134, #790, #654 ) ) REPRESENTATION_CONTEXT ( 'NONE', 'WORKASPACE' ) );
#521 = DIRECTION ( 'NONE',  ( -2.891205793294678819E-16, 1.000000000000000000, -0.000000000000000000 ) ) ;
#522 = VECTOR ( 'NONE', #773, 1000.000000000000000 ) ;
#523 = ORIENTED_EDGE ( 'NONE', *, *, #629, .F. ) ;
#524 = DIRECTION ( 'NONE',  ( -2.891205793294678819E-16, 1.000000000000000000, -0.000000000000000000 ) ) ;
#525 = CARTESIAN_POINT ( 'NONE',  ( 89.13155055457986009, -14.78276935562537453, 86.35301483459492999 ) ) ;
#526 = ORIENTED_EDGE ( 'NONE', *, *, #945, .T. ) ;
#527 = CARTESIAN_POINT ( 'NONE',  ( 61.50000000000012079, 7.000000000000093259, 101.5000000000000000 ) ) ;
#528 = VERTEX_POINT ( 'NONE', #1852 ) ;
#529 = CARTESIAN_POINT ( 'NONE',  ( 133.5847203579870381, -10.49999999999988631, 53.77218440972004032 ) ) ;
#530 = CARTESIAN_POINT ( 'NONE',  ( 83.39452985630266824, -11.15902621808621653, 60.26692971772681062 ) ) ;
#531 = EDGE_CURVE ( 'NONE', #1780, #465, #758, .T. ) ;
#532 = CARTESIAN_POINT ( 'NONE',  ( 63.85074708144926348, 37.00000000000009237, 86.74410793633130368 ) ) ;
#533 = CARTESIAN_POINT ( 'NONE',  ( 83.68642536928497577, 41.27269527662878801, 60.26948555708128907 ) ) ;
#534 = ORIENTED_EDGE ( 'NONE', *, *, #210, .T. ) ;
#535 = CARTESIAN_POINT ( 'NONE',  ( 87.56086331287545477, 37.00000000000009237, 17.82664882822696129 ) ) ;
#536 = ORIENTED_EDGE ( 'NONE', *, *, #707, .F. ) ;
#537 = EDGE_CURVE ( 'NONE', #1030, #469, #1336, .T. ) ;
#538 = CARTESIAN_POINT ( 'NONE',  ( 96.23752803156997970, -10.49999999999989697, 50.68113359558679321 ) ) ;
#539 = LINE ( 'NONE', #732, #1940 ) ;
#540 = EDGE_CURVE ( 'NONE', #209, #1945, #1210, .T. ) ;
#541 = FACE_OUTER_BOUND ( 'NONE', #1519, .T. ) ;
#542 = CARTESIAN_POINT ( 'NONE',  ( 84.40423140551024517, 42.56050846073484450, 60.27800298009140079 ) ) ;
#543 = VERTEX_POINT ( 'NONE', #756 ) ;
#544 = FACE_OUTER_BOUND ( 'NONE', #503, .T. ) ;
#545 = ORIENTED_EDGE ( 'NONE', *, *, #298, .T. ) ;
#546 = CARTESIAN_POINT ( 'NONE',  ( 133.5351479655813591, 42.57273361909244613, 54.77317224004495699 ) ) ;
#547 = LINE ( 'NONE', #238, #659 ) ;
#548 = CIRCLE ( 'NONE', #1798, 3.000000000000002665 ) ;
#549 = EDGE_CURVE ( 'NONE', #1094, #2122, #1620, .T. ) ;
#550 = APPLICATION_CONTEXT ( 'automotive_design' ) ;
#551 = VECTOR ( 'NONE', #219, 1000.000000000000000 ) ;
#552 = CARTESIAN_POINT ( 'NONE',  ( 134.3064255428683964, -15.34584281760938751, 71.54480097387921944 ) ) ;
#553 = TOROIDAL_SURFACE ( 'NONE', #1478, 8.393422270162879784, 3.000000000000000000 ) ;
#554 = VECTOR ( 'NONE', #1719, 1000.000000000000000 ) ;
#555 = CARTESIAN_POINT ( 'NONE',  ( 86.79531805720471027, 44.24681166438341506, 60.33482883211568293 ) ) ;
#556 = ORIENTED_EDGE ( 'NONE', *, *, #1110, .F. ) ;
#557 = EDGE_CURVE ( 'NONE', #413, #459, #573, .T. ) ;
#558 = CARTESIAN_POINT ( 'NONE',  ( 96.23752803156997970, -7.999999999999897859, 50.68113359558679321 ) ) ;
#559 = EDGE_LOOP ( 'NONE', ( #876, #292, #14, #1027 ) ) ;
#560 = CARTESIAN_POINT ( 'NONE',  ( 89.59404763844146657, 44.50000000000009237, 86.32392002758497540 ) ) ;
#561 = DIRECTION ( 'NONE',  ( -1.000000000000000000, -3.469446951953616161E-16, 0.000000000000000000 ) ) ;
#562 = LINE ( 'NONE', #1062, #265 ) ;
#563 = CARTESIAN_POINT ( 'NONE',  ( 3.711649462541136035, -2.922352195679849274, 21.49999999999999289 ) ) ;
#564 = CARTESIAN_POINT ( 'NONE',  ( 61.64722573685381946, 27.31664392145345843, 100.5348378347606939 ) ) ;
#565 = EDGE_CURVE ( 'NONE', #1783, #1367, #1655, .T. ) ;
#566 = CARTESIAN_POINT ( 'NONE',  ( 83.87828035480355027, 41.72824302811837782, 60.27141804761443211 ) ) ;
#567 = ORIENTED_EDGE ( 'NONE', *, *, #1141, .F. ) ;
#568 = CARTESIAN_POINT ( 'NONE',  ( 126.1348990216122132, 44.19574908201526853, 82.35271479455036570 ) ) ;
#569 = ORIENTED_EDGE ( 'NONE', *, *, #1648, .F. ) ;
#570 = CARTESIAN_POINT ( 'NONE',  ( 61.50000000000011369, -7.999999999999906741, 21.50000000000000000 ) ) ;
#571 =( BOUNDED_SURFACE ( )  B_SPLINE_SURFACE ( 3, 2, ( 
 ( #991, #1680, #827 ),
 ( #673, #644, #1164 ),
 ( #2195, #157, #1329 ),
 ( #2000, #2155, #170 ),
 ( #2031, #1510, #1498 ),
 ( #296, #2185, #126 ),
 ( #661, #1344, #327 ),
 ( #813, #1688, #1132 ),
 ( #820, #1140, #1490 ),
 ( #635, #799, #2022 ) ),
 .UNSPECIFIED., .F., .F., .F. ) 
 B_SPLINE_SURFACE_WITH_KNOTS ( ( 4, 2, 2, 2, 4 ),
 ( 3, 3 ),
 ( 2.892053328799007905E-16, 0.3926990816987244726, 0.7853981633974486121, 1.178097245096172863, 1.570796326794897002 ),
 ( 0.000000000000000000, 1.000000000000000000 ),
 .UNSPECIFIED. ) 
 GEOMETRIC_REPRESENTATION_ITEM ( )  RATIONAL_B_SPLINE_SURFACE ( (
 ( 1.000000000000000000, 0.7305039952134261272, 1.000000000000000000),
 ( 1.000000000000000000, 0.7305065462337119175, 1.000000000000000000),
 ( 1.000000000000000000, 0.7299054501036275067, 1.000000000000000000),
 ( 1.000000000000000000, 0.7275933558706528803, 1.000000000000000000),
 ( 1.000000000000000000, 0.7258803550218696499, 1.000000000000000000),
 ( 1.000000000000000000, 0.7215785289902255650, 1.000000000000000000),
 ( 1.000000000000000000, 0.7189908466270437115, 1.000000000000000000),
 ( 1.000000000000000000, 0.7133107602047116247, 1.000000000000000000),
 ( 1.000000000000000000, 0.7102210460683358040, 1.000000000000000000),
 ( 1.000000000000000000, 0.7071067811865475727, 1.000000000000000000) ) ) 
 REPRESENTATION_ITEM ( '' )  SURFACE ( )  );
#572 = CARTESIAN_POINT ( 'NONE',  ( 126.3372705995551826, 6.500000000000061284, 49.13098088107072670 ) ) ;
#573 = LINE ( 'NONE', #1764, #2180 ) ;
#574 = DIRECTION ( 'NONE',  ( 1.000000000000000000, 1.690919152315492906E-16, 0.000000000000000000 ) ) ;
#575 = CARTESIAN_POINT ( 'NONE',  ( 76.50000000000011369, 22.00000000000009592, 21.50000000000000000 ) ) ;
#576 = CARTESIAN_POINT ( 'NONE',  ( 133.5351479655814160, -13.57273361909209264, 54.77317224004483620 ) ) ;
#577 = EDGE_LOOP ( 'NONE', ( #1539, #43, #2171, #2156 ) ) ;
#578 = CARTESIAN_POINT ( 'NONE',  ( 125.0145437458573525, 41.50000000000009948, 72.69323710678375505 ) ) ;
#579 = CARTESIAN_POINT ( 'NONE',  ( 96.23752803157000812, 39.83025365127193140, 50.68113359558682163 ) ) ;
#580 = ORIENTED_EDGE ( 'NONE', *, *, #1747, .F. ) ;
#581 = DIRECTION ( 'NONE',  ( -0.000000000000000000, -0.000000000000000000, 1.000000000000000000 ) ) ;
#582 = CARTESIAN_POINT ( 'NONE',  ( 127.3701683886502281, -7.999999999999888978, 29.15767063571373541 ) ) ;
#583 = DIRECTION ( 'NONE',  ( 0.000000000000000000, 0.000000000000000000, 1.000000000000000000 ) ) ;
#584 = CARTESIAN_POINT ( 'NONE',  ( 2.010119605528987830, -0.5137909371852397156, 21.50000000000000000 ) ) ;
#585 = VECTOR ( 'NONE', #457, 1000.000000000000000 ) ;
#586 = CARTESIAN_POINT ( 'NONE',  ( 135.5966165174475577, -14.48333518878117765, 71.46797367514371047 ) ) ;
#587 = CARTESIAN_POINT ( 'NONE',  ( 136.3372705995551826, 41.50000000000010658, 58.76880016271352503 ) ) ;
#588 = PRESENTATION_LAYER_ASSIGNMENT (  '', '', ( #1333 ) ) ;
#589 = ORIENTED_EDGE ( 'NONE', *, *, #800, .T. ) ;
#590 = AXIS2_PLACEMENT_3D ( 'NONE', #1232, #1941, #1777 ) ;
#591 = CARTESIAN_POINT ( 'NONE',  ( 116.3067299422835106, -2.498179756751641722, 98.14459524811869073 ) ) ;
#592 = CARTESIAN_POINT ( 'NONE',  ( 96.23752803156997970, -10.49999999999989697, 50.68113359558679321 ) ) ;
#593 = VERTEX_POINT ( 'NONE', #1963 ) ;
#594 = CIRCLE ( 'NONE', #1588, 9.999999999999994671 ) ;
#595 = CARTESIAN_POINT ( 'NONE',  ( 83.36141329834873659, -15.49999999999990052, 60.26668567476267668 ) ) ;
#596 = LINE ( 'NONE', #1316, #230 ) ;
#597 = CARTESIAN_POINT ( 'NONE',  ( 133.3372705995551826, 37.00000000000010658, 56.76196176214145339 ) ) ;
#598 = DIRECTION ( 'NONE',  ( -2.891205793294678819E-16, 1.000000000000000000, 0.000000000000000000 ) ) ;
#599 = CARTESIAN_POINT ( 'NONE',  ( 126.1503886957173961, -15.10264764661909354, 82.52629558797279685 ) ) ;
#600 = ORIENTED_EDGE ( 'NONE', *, *, #720, .T. ) ;
#601 = CARTESIAN_POINT ( 'NONE',  ( 133.4648595894228436, -7.850788813003200417, 88.87970683901760083 ) ) ;
#602 = CARTESIAN_POINT ( 'NONE',  ( 136.3372705995551826, 37.00000000000010658, 56.76196176214145339 ) ) ;
#603 = EDGE_LOOP ( 'NONE', ( #1851, #433, #833, #817 ) ) ;
#604 = DIRECTION ( 'NONE',  ( -1.000000000000000000, -1.690919152315493399E-16, 0.000000000000000000 ) ) ;
#605 = DIRECTION ( 'NONE',  ( 2.891205793294678819E-16, -1.000000000000000000, -0.000000000000000000 ) ) ;
#606 = CARTESIAN_POINT ( 'NONE',  ( 136.0332420881370865, 42.83056606124964816, 71.44305360381936509 ) ) ;
#607 = EDGE_CURVE ( 'NONE', #1207, #700, #562, .T. ) ;
#608 = EDGE_CURVE ( 'NONE', #1627, #1042, #832, .T. ) ;
#609 = CARTESIAN_POINT ( 'NONE',  ( 123.5117998467696907, 34.31295006392628721, 95.08003510044439111 ) ) ;
#610 = CARTESIAN_POINT ( 'NONE',  ( 89.59404763844143815, 40.67157287525391496, 86.32392002758497540 ) ) ;
#611 = CARTESIAN_POINT ( 'NONE',  ( 136.3372705995551826, -13.45833086216286567, 54.92089706815085037 ) ) ;
#612 = ORIENTED_EDGE ( 'NONE', *, *, #531, .T. ) ;
#613 = DIRECTION ( 'NONE',  ( 2.891205793294678819E-16, -1.000000000000000000, -0.000000000000000000 ) ) ;
#614 = EDGE_LOOP ( 'NONE', ( #66, #713, #1389, #1894, #2046, #1676 ) ) ;
#615 = FACE_OUTER_BOUND ( 'NONE', #514, .T. ) ;
#616 = CARTESIAN_POINT ( 'NONE',  ( 62.40924010809975186, -4.945747108392867020, 95.62523763549657474 ) ) ;
#617 = CARTESIAN_POINT ( 'NONE',  ( 100.4386276779649734, 23.65517343036071551, 101.4089758839422899 ) ) ;
#618 = CARTESIAN_POINT ( 'NONE',  ( 94.59224670454807438, 37.00000000000009237, 61.91196700178642942 ) ) ;
#619 = CARTESIAN_POINT ( 'NONE',  ( 89.59404763844146657, -10.49999999999990052, 86.32392002758497540 ) ) ;
#620 = VERTEX_POINT ( 'NONE', #1776 ) ;
#621 = AXIS2_PLACEMENT_3D ( 'NONE', #73, #248, #2137 ) ;
#622 = CARTESIAN_POINT ( 'NONE',  ( 101.2416865328650317, 4.845117621787695228, 101.3464463827428546 ) ) ;
#623 = VECTOR ( 'NONE', #772, 1000.000000000000114 ) ;
#624 = CARTESIAN_POINT ( 'NONE',  ( 96.17973142671664277, 41.71667205286475877, 51.18433995397673186 ) ) ;
#625 = ORIENTED_EDGE ( 'NONE', *, *, #1909, .F. ) ;
#626 = LINE ( 'NONE', #316, #1834 ) ;
#627 = EDGE_CURVE ( 'NONE', #2007, #1158, #548, .T. ) ;
#628 = CIRCLE ( 'NONE', #340, 8.393422270162876231 ) ;
#629 = EDGE_CURVE ( 'NONE', #2075, #1694, #2072, .T. ) ;
#630 = CARTESIAN_POINT ( 'NONE',  ( 63.85061755731792488, -7.998499946649404002, 86.74500393638295748 ) ) ;
#631 = VECTOR ( 'NONE', #344, 1000.000000000000000 ) ;
#632 = ORIENTED_EDGE ( 'NONE', *, *, #50, .T. ) ;
#633 = CARTESIAN_POINT ( 'NONE',  ( 104.0677101707871088, 25.70248559278646283, 101.0426921625062278 ) ) ;
#634 = CARTESIAN_POINT ( 'NONE',  ( 126.2282069645952163, -14.32809526370692410, 83.40485013844529760 ) ) ;
#635 = CARTESIAN_POINT ( 'NONE',  ( 91.59463392358675549, 41.50000000000009948, 86.19806697055136624 ) ) ;
#636 = VERTEX_POINT ( 'NONE', #2093 ) ;
#637 = EDGE_CURVE ( 'NONE', #648, #543, #1241, .T. ) ;
#638 = LINE ( 'NONE', #1166, #836 ) ;
#639 = CARTESIAN_POINT ( 'NONE',  ( 117.3701683886501996, 37.00000000000009948, 21.50000000000000000 ) ) ;
#640 = ORIENTED_EDGE ( 'NONE', *, *, #1745, .F. ) ;
#641 = ADVANCED_FACE ( 'NONE', ( #1752 ), #49, .F. ) ;
#642 = CARTESIAN_POINT ( 'NONE',  ( 63.78925134381511697, -7.987989631485807429, 87.11248582462567924 ) ) ;
#643 = CYLINDRICAL_SURFACE ( 'NONE', #58, 5.000000000000005329 ) ;
#644 = CARTESIAN_POINT ( 'NONE',  ( 86.79504389389643393, 40.12980338128289759, 86.50000000000001421 ) ) ;
#645 = ORIENTED_EDGE ( 'NONE', *, *, #1077, .F. ) ;
#646 = CARTESIAN_POINT ( 'NONE',  ( 133.3372705995552110, -12.49999999999988809, 58.76880016271352503 ) ) ;
#647 = DIRECTION ( 'NONE',  ( -2.891205793294678819E-16, 1.000000000000000000, 0.000000000000000000 ) ) ;
#648 = VERTEX_POINT ( 'NONE', #260 ) ;
#649 = DIRECTION ( 'NONE',  ( 0.9980271399256301912, 0.000000000000000000, -0.06278397862406288887 ) ) ;
#650 = DIRECTION ( 'NONE',  ( 2.891205793294678819E-16, -1.000000000000000000, -0.000000000000000000 ) ) ;
#651 = LINE ( 'NONE', #19, #1046 ) ;
#652 = CYLINDRICAL_SURFACE ( 'NONE', #134, 9.999999999999994671 ) ;
#653 = EDGE_LOOP ( 'NONE', ( #117, #1312, #385, #1859 ) ) ;
#654 =( NAMED_UNIT ( * ) SI_UNIT ( $, .STERADIAN. ) SOLID_ANGLE_UNIT ( ) );
#655 = CARTESIAN_POINT ( 'NONE',  ( 89.59404763844145236, 39.50000000000009948, 86.32392002758498961 ) ) ;
#656 = EDGE_LOOP ( 'NONE', ( #795, #1792, #1409, #1185 ) ) ;
#657 = CIRCLE ( 'NONE', #1143, 10.00000000000000888 ) ;
#658 = FACE_OUTER_BOUND ( 'NONE', #821, .T. ) ;
#659 = VECTOR ( 'NONE', #74, 1000.000000000000000 ) ;
#660 = DIRECTION ( 'NONE',  ( -0.06278397862406209784, -1.815214027239776241E-17, -0.9980271399256301912 ) ) ;
#661 = CARTESIAN_POINT ( 'NONE',  ( 90.58710070855944707, 41.24757278086698875, 86.26144895817949987 ) ) ;
#662 = ADVANCED_BREP_SHAPE_REPRESENTATION ( 'Tail End', ( #1633, #1340 ), #1191 ) ;
#663 = VERTEX_POINT ( 'NONE', #1742 ) ;
#664 = CARTESIAN_POINT ( 'NONE',  ( 13.05055894794735138, -7.903014774057025349, 21.50000000000000000 ) ) ;
#665 = DIRECTION ( 'NONE',  ( 0.000000000000000000, -1.000000000000000000, 0.000000000000000000 ) ) ;
#666 = ORIENTED_EDGE ( 'NONE', *, *, #1663, .T. ) ;
#667 = DIRECTION ( 'NONE',  ( -1.000000000000000000, -2.891205793294678819E-16, 0.000000000000000000 ) ) ;
#668 = EDGE_CURVE ( 'NONE', #1843, #1627, #2082, .T. ) ;
#669 = EDGE_LOOP ( 'NONE', ( #376, #1496, #625, #910 ) ) ;
#670 = CARTESIAN_POINT ( 'NONE',  ( 126.1026662879217497, -15.34560092713224044, 81.99310561323757440 ) ) ;
#671 = CARTESIAN_POINT ( 'NONE',  ( 85.34183279546256529, -14.48330262406821767, 60.29455260640363434 ) ) ;
#672 = ADVANCED_FACE ( 'NONE', ( #1598 ), #1404, .F. ) ;
#673 = CARTESIAN_POINT ( 'NONE',  ( 89.59404763844855779, 39.76184658195197841, 86.32392002758453486 ) ) ;
#674 = FACE_OUTER_BOUND ( 'NONE', #1114, .T. ) ;
#675 = DIRECTION ( 'NONE',  ( -2.891205793294678819E-16, 1.000000000000000000, -0.000000000000000000 ) ) ;
#676 = ORIENTED_EDGE ( 'NONE', *, *, #282, .F. ) ;
#677 = DIRECTION ( 'NONE',  ( -1.000000000000000000, -3.469446951953616161E-16, 0.000000000000000000 ) ) ;
#678 = ORIENTED_EDGE ( 'NONE', *, *, #770, .F. ) ;
#679 = DIRECTION ( 'NONE',  ( -0.1297812071143525647, -3.752241778697927103E-17, -0.9915426558045505878 ) ) ;
#680 = CARTESIAN_POINT ( 'NONE',  ( 88.42242958899869620, 44.50000000000009237, 60.40702597753933389 ) ) ;
#681 = DIRECTION ( 'NONE',  ( 0.08248325281061397174, 0.000000000000000000, -0.9965924508071392074 ) ) ;
#682 = ORIENTED_EDGE ( 'NONE', *, *, #1745, .T. ) ;
#683 = CARTESIAN_POINT ( 'NONE',  ( 6.277865492112595369, -5.209034357659731995, 21.50000000000000000 ) ) ;
#684 = CARTESIAN_POINT ( 'NONE',  ( 90.36518017632634781, -12.09933367710047314, 86.27540955443443238 ) ) ;
#685 = ORIENTED_EDGE ( 'NONE', *, *, #1714, .F. ) ;
#686 = DIRECTION ( 'NONE',  ( 2.891205793294678819E-16, -1.000000000000000000, 0.000000000000000000 ) ) ;
#687 = ORIENTED_EDGE ( 'NONE', *, *, #1857, .T. ) ;
#688 = DIRECTION ( 'NONE',  ( 0.9980271399256300802, 0.000000000000000000, -0.06278397862406287500 ) ) ;
#689 = CIRCLE ( 'NONE', #1543, 2.999999999999998668 ) ;
#690 = CARTESIAN_POINT ( 'NONE',  ( 126.3372705995551826, 37.00000000000010658, 49.13098088107072670 ) ) ;
#691 = ADVANCED_FACE ( 'NONE', ( #1926 ), #1095, .F. ) ;
#692 = DIRECTION ( 'NONE',  ( 2.891205793294678819E-16, -1.000000000000000000, -0.000000000000000000 ) ) ;
#693 = VECTOR ( 'NONE', #1482, 1000.000000000000000 ) ;
#694 = VECTOR ( 'NONE', #1841, 1000.000000000000000 ) ;
#695 = EDGE_CURVE ( 'NONE', #528, #2100, #62, .T. ) ;
#696 = ORIENTED_EDGE ( 'NONE', *, *, #8, .F. ) ;
#697 = DIRECTION ( 'NONE',  ( -5.782411586589351722E-16, 1.000000000000000000, -4.785829115657225306E-17 ) ) ;
#698 = VERTEX_POINT ( 'NONE', #401 ) ;
#699 = LINE ( 'NONE', #1569, #304 ) ;
#700 = VERTEX_POINT ( 'NONE', #1452 ) ;
#701 = LINE ( 'NONE', #179, #1253 ) ;
#702 = FACE_OUTER_BOUND ( 'NONE', #1630, .T. ) ;
#703 = CARTESIAN_POINT ( 'NONE',  ( 133.8274950702713113, -15.46132096524379662, 71.57470888064668202 ) ) ;
#704 = CARTESIAN_POINT ( 'NONE',  ( 126.2817957424203286, -15.49999999999988809, 84.01596396048161353 ) ) ;
#705 = EDGE_LOOP ( 'NONE', ( #1773, #127, #2023, #17 ) ) ;
#706 = CARTESIAN_POINT ( 'NONE',  ( 127.3701683886502281, 37.00000000000010658, 29.15767063571373541 ) ) ;
#707 = EDGE_CURVE ( 'NONE', #2150, #620, #1105, .T. ) ;
#708 = ORIENTED_EDGE ( 'NONE', *, *, #1242, .F. ) ;
#709 = CARTESIAN_POINT ( 'NONE',  ( 136.3372705995551826, 44.30775746901348100, 57.47699718093677035 ) ) ;
#710 = LINE ( 'NONE', #1230, #103 ) ;
#711 = CARTESIAN_POINT ( 'NONE',  ( 87.56086331287545477, 37.00000000000009237, 17.82664882822696129 ) ) ;
#712 = CARTESIAN_POINT ( 'NONE',  ( 87.05900748430480007, -13.01809487667495624, 83.65415739674222095 ) ) ;
#713 = ORIENTED_EDGE ( 'NONE', *, *, #1648, .T. ) ;
#714 = CARTESIAN_POINT ( 'NONE',  ( 61.50000000000011369, 22.00000000000009592, 0.000000000000000000 ) ) ;
#715 = ORIENTED_EDGE ( 'NONE', *, *, #2041, .F. ) ;
#716 = CARTESIAN_POINT ( 'NONE',  ( 136.3372705995552110, 44.50000000000014921, 58.76880016271351792 ) ) ;
#717 = EDGE_CURVE ( 'NONE', #139, #1172, #22, .T. ) ;
#718 = CARTESIAN_POINT ( 'NONE',  ( 133.3372705995551826, -7.999999999999888978, 56.76196176214146050 ) ) ;
#719 = CARTESIAN_POINT ( 'NONE',  ( 76.50000000000011369, 7.000000000000096811, 21.50000000000000000 ) ) ;
#720 = EDGE_CURVE ( 'NONE', #2007, #1503, #1785, .T. ) ;
#721 = AXIS2_PLACEMENT_3D ( 'NONE', #1574, #733, #1271 ) ;
#722 = AXIS2_PLACEMENT_3D ( 'NONE', #2034, #1850, #1675 ) ;
#723 = FACE_OUTER_BOUND ( 'NONE', #1856, .T. ) ;
#724 = DIRECTION ( 'NONE',  ( -2.891205793294678819E-16, 1.000000000000000000, -0.000000000000000000 ) ) ;
#725 = AXIS2_PLACEMENT_3D ( 'NONE', #1779, #253, #928 ) ;
#726 = AXIS2_PLACEMENT_3D ( 'NONE', #1018, #240, #1704 ) ;
#727 = CARTESIAN_POINT ( 'NONE',  ( 87.76348016626810988, 44.46035417030214631, 60.37387209687371126 ) ) ;
#728 = EDGE_LOOP ( 'NONE', ( #2014, #984, #1320, #881 ) ) ;
#729 = DIRECTION ( 'NONE',  ( 2.891205793294678819E-16, -1.000000000000000000, -0.000000000000000000 ) ) ;
#730 = ORIENTED_EDGE ( 'NONE', *, *, #495, .F. ) ;
#731 = CARTESIAN_POINT ( 'NONE',  ( 133.3372705995551826, 41.50000000000010658, 61.91196700178642942 ) ) ;
#732 = CARTESIAN_POINT ( 'NONE',  ( 87.56086331287546898, -7.999999999999899636, 86.50000000000001421 ) ) ;
#733 = DIRECTION ( 'NONE',  ( 2.891205793294678819E-16, -1.000000000000000000, 0.000000000000000000 ) ) ;
#734 = PRODUCT_DEFINITION_SHAPE ( 'NONE', 'NONE',  #1044 ) ;
#735 = CARTESIAN_POINT ( 'NONE',  ( 5.880423182447926500, -4.915393255325827049, 21.50000000000000000 ) ) ;
#736 = DIRECTION ( 'NONE',  ( 0.000000000000000000, 0.000000000000000000, -1.000000000000000000 ) ) ;
#737 = EDGE_CURVE ( 'NONE', #967, #1806, #1936, .T. ) ;
#738 = CARTESIAN_POINT ( 'NONE',  ( 136.3372705995551826, -14.38225675350539667, 55.78655992486007165 ) ) ;
#739 = ORIENTED_EDGE ( 'NONE', *, *, #1691, .F. ) ;
#740 = CARTESIAN_POINT ( 'NONE',  ( 98.91863529977770497, 6.880639817587123730, 101.5000000000000000 ) ) ;
#741 = CARTESIAN_POINT ( 'NONE',  ( 61.50000000000012079, 22.00000000000008527, 101.5000000000000000 ) ) ;
#742 = ORIENTED_EDGE ( 'NONE', *, *, #2054, .T. ) ;
#743 = CARTESIAN_POINT ( 'NONE',  ( 125.0145437458573525, -12.49999999999988987, 72.69323710678375505 ) ) ;
#744 = DIRECTION ( 'NONE',  ( -2.891205793294678819E-16, 1.000000000000000000, -0.000000000000000000 ) ) ;
#745 = DIRECTION ( 'NONE',  ( -1.000000000000000000, 0.000000000000000000, 0.000000000000000000 ) ) ;
#746 = LINE ( 'NONE', #1429, #1012 ) ;
#747 = CARTESIAN_POINT ( 'NONE',  ( 62.12788453262643884, 32.29320699039367781, 97.42194818046642979 ) ) ;
#748 = DIRECTION ( 'NONE',  ( 2.891205793294678819E-16, -1.000000000000000000, 3.070916394005062824E-33 ) ) ;
#749 = VERTEX_POINT ( 'NONE', #86 ) ;
#750 = FILL_AREA_STYLE ('',( #1457 ) ) ;
#751 = CARTESIAN_POINT ( 'NONE',  ( 96.04255285136477482, -14.26555081899210542, 52.36520134223256662 ) ) ;
#752 = ORIENTED_EDGE ( 'NONE', *, *, #305, .F. ) ;
#753 = CARTESIAN_POINT ( 'NONE',  ( 117.3701683886502138, 22.50000000000006040, -4.112496949731426099 ) ) ;
#754 = DIRECTION ( 'NONE',  ( -1.000000000000000000, -2.870161845520627632E-16, 0.000000000000000000 ) ) ;
#755 = EDGE_CURVE ( 'NONE', #148, #930, #259, .T. ) ;
#756 = CARTESIAN_POINT ( 'NONE',  ( 98.91863529977766234, 22.00000000000006750, 101.5000000000000000 ) ) ;
#757 = DIRECTION ( 'NONE',  ( -2.891205793294678819E-16, 1.000000000000000000, 0.000000000000000000 ) ) ;
#758 = CIRCLE ( 'NONE', #2008, 3.000000000000002665 ) ;
#759 = DIRECTION ( 'NONE',  ( -0.08248325281061331948, -2.384760583758347692E-17, 0.9965924508071394294 ) ) ;
#760 = VECTOR ( 'NONE', #1305, 1000.000000000000000 ) ;
#761 = CARTESIAN_POINT ( 'NONE',  ( 136.3372705995551826, -12.49999999999988454, 58.76880016271352503 ) ) ;
#762 = AXIS2_PLACEMENT_3D ( 'NONE', #9, #1866, #681 ) ;
#763 = ORIENTED_EDGE ( 'NONE', *, *, #2021, .F. ) ;
#764 = VECTOR ( 'NONE', #1564, 1000.000000000000000 ) ;
#765 = EDGE_CURVE ( 'NONE', #1425, #846, #1836, .T. ) ;
#766 = CARTESIAN_POINT ( 'NONE',  ( 101.6438236480460091, 4.613545284849950967, 101.3107279098004909 ) ) ;
#767 = CARTESIAN_POINT ( 'NONE',  ( 96.12042142658890498, 42.54715555909345426, 51.69730829081241552 ) ) ;
#768 = EDGE_LOOP ( 'NONE', ( #964, #1363, #431, #567 ) ) ;
#769 = LINE ( 'NONE', #1450, #585 ) ;
#770 = EDGE_CURVE ( 'NONE', #1945, #1746, #2128, .T. ) ;
#771 = CARTESIAN_POINT ( 'NONE',  ( 62.80944348723535597, -6.474889657955429811, 93.10801518926032827 ) ) ;
#772 = DIRECTION ( 'NONE',  ( 0.9965924508071392074, 2.881353867327342867E-16, 0.08248325281061331948 ) ) ;
#773 = DIRECTION ( 'NONE',  ( 1.000000000000000000, 2.891205793294678819E-16, -0.000000000000000000 ) ) ;
#774 = PLANE ( 'NONE',  #367 ) ;
#775 = CARTESIAN_POINT ( 'NONE',  ( 136.3372705995551826, -12.91633018755241835, 54.57839586548455202 ) ) ;
#776 = ORIENTED_EDGE ( 'NONE', *, *, #668, .T. ) ;
#777 = CARTESIAN_POINT ( 'NONE',  ( 125.8676659089885703, -6.091783953496801018, 93.83839567952804828 ) ) ;
#778 = CARTESIAN_POINT ( 'NONE',  ( 133.5847203579870097, -15.49999999999988454, 53.77218440972003322 ) ) ;
#779 = ORIENTED_EDGE ( 'NONE', *, *, #1700, .F. ) ;
#780 = PLANE ( 'NONE',  #405 ) ;
#781 = EDGE_CURVE ( 'NONE', #1042, #1746, #271, .T. ) ;
#782 = CARTESIAN_POINT ( 'NONE',  ( 61.57728500153926632, 3.100272798698120891, 100.9926586511431879 ) ) ;
#783 = B_SPLINE_CURVE_WITH_KNOTS ( 'NONE', 3,
 ( #444, #579, #1640, #947, #1458, #1986, #1435, #624, #246, #767, #1102, #1947, #1970, #108, #455, #119, #268, #1468, #423, #923, #1782, #1125 ),
 .UNSPECIFIED., .F., .F.,
 ( 4, 2, 2, 2, 2, 2, 2, 2, 2, 2, 4 ),
 ( 0.000000000000000000, 0.0009766962741148284798, 0.001465044411172250743, 0.001953392548229673439, 0.002930088822344543119, 0.003906785096459413666, 0.004883481370574283345, 0.005860177644689153025, 0.006836873918804024439, 0.007325222055861457110, 0.007813570192918889781 ),
 .UNSPECIFIED. ) ;
#784 = CARTESIAN_POINT ( 'NONE',  ( 125.8705203700606319, 35.09257894301923386, 93.83667399569837642 ) ) ;
#785 = CARTESIAN_POINT ( 'NONE',  ( 136.3372705995552110, -12.49999999999988631, 59.01709600143017553 ) ) ;
#786 = CARTESIAN_POINT ( 'NONE',  ( 89.59404763844148079, -11.67157287525370357, 86.32392002758497540 ) ) ;
#787 = EDGE_CURVE ( 'NONE', #846, #1250, #67, .T. ) ;
#788 = ORIENTED_EDGE ( 'NONE', *, *, #565, .T. ) ;
#789 = EDGE_CURVE ( 'NONE', #465, #933, #596, .T. ) ;
#790 =( NAMED_UNIT ( * ) PLANE_ANGLE_UNIT ( ) SI_UNIT ( $, .RADIAN. ) );
#791 = LINE ( 'NONE', #932, #760 ) ;
#792 = ORIENTED_EDGE ( 'NONE', *, *, #1026, .F. ) ;
#793 = CARTESIAN_POINT ( 'NONE',  ( 133.3372705995551826, 44.50000000000010658, 71.60615149653816047 ) ) ;
#794 = DIRECTION ( 'NONE',  ( 0.9980271399256300802, 2.885501848818301068E-16, -0.06278397862406208396 ) ) ;
#795 = ORIENTED_EDGE ( 'NONE', *, *, #945, .F. ) ;
#796 = EDGE_CURVE ( 'NONE', #1456, #2061, #1270, .T. ) ;
#797 = CARTESIAN_POINT ( 'NONE',  ( 133.5847203579870097, 42.42893218813463818, 53.77218440972004032 ) ) ;
#798 = LINE ( 'NONE', #785, #1293 ) ;
#799 = CARTESIAN_POINT ( 'NONE',  ( 91.59463392358674128, 44.50000000000010658, 86.19806697055135203 ) ) ;
#800 = EDGE_CURVE ( 'NONE', #2113, #1882, #657, .T. ) ;
#801 = EDGE_LOOP ( 'NONE', ( #1735, #569, #343, #1084 ) ) ;
#802 = AXIS2_PLACEMENT_3D ( 'NONE', #1268, #1104, #1414 ) ;
#803 = CARTESIAN_POINT ( 'NONE',  ( 126.2817957424203286, -12.49999999999989164, 84.01596396048161353 ) ) ;
#804 = AXIS2_PLACEMENT_3D ( 'NONE', #935, #950, #754 ) ;
#805 = CARTESIAN_POINT ( 'NONE',  ( 95.91473683804166228, -14.99330166087075789, 53.44670166632129593 ) ) ;
#806 = ORIENTED_EDGE ( 'NONE', *, *, #959, .F. ) ;
#807 = CARTESIAN_POINT ( 'NONE',  ( 117.3701683886502138, -7.999999999999890754, 21.50000000000000000 ) ) ;
#808 = AXIS2_PLACEMENT_3D ( 'NONE', #1334, #489, #1682 ) ;
#809 = CARTESIAN_POINT ( 'NONE',  ( 61.80576306127323960, -0.5459850517588300534, 99.50095202541274375 ) ) ;
#810 = CIRCLE ( 'NONE', #2118, 11.39342227016287801 ) ;
#811 = CARTESIAN_POINT ( 'NONE',  ( 111.4695055529660834, 29.33227013620785328, 99.61510955393106315 ) ) ;
#812 = CARTESIAN_POINT ( 'NONE',  ( 133.3372705995551826, -15.49999999999988454, 58.76880016271352503 ) ) ;
#813 = CARTESIAN_POINT ( 'NONE',  ( 91.07098468593021323, 41.44794534917835449, 86.23100874260175885 ) ) ;
#814 = ORIENTED_EDGE ( 'NONE', *, *, #1392, .T. ) ;
#815 = FACE_OUTER_BOUND ( 'NONE', #1948, .T. ) ;
#816 = CARTESIAN_POINT ( 'NONE',  ( 83.36141329834872238, 37.00000000000008527, 60.26668567476267668 ) ) ;
#817 = ORIENTED_EDGE ( 'NONE', *, *, #1943, .F. ) ;
#818 = PLANE ( 'NONE',  #1621 ) ;
#819 = CARTESIAN_POINT ( 'NONE',  ( 98.94842066134208380, 22.23137693046523822, 101.4985921490344936 ) ) ;
#820 = CARTESIAN_POINT ( 'NONE',  ( 91.33271058322972635, 41.49999999999008793, 86.21454406695912098 ) ) ;
#821 = EDGE_LOOP ( 'NONE', ( #763, #185, #1708, #1728 ) ) ;
#822 = CARTESIAN_POINT ( 'NONE',  ( 1.981641855150189091, 29.51241645545699299, 21.50000000000000000 ) ) ;
#823 = DIRECTION ( 'NONE',  ( -2.891205793294678819E-16, 1.000000000000000000, 0.000000000000000000 ) ) ;
#824 = EDGE_LOOP ( 'NONE', ( #346, #1486, #1213, #4 ) ) ;
#825 = CARTESIAN_POINT ( 'NONE',  ( 126.3372705995551826, 37.00000000000010658, 49.13098088107072670 ) ) ;
#826 = DIRECTION ( 'NONE',  ( 0.000000000000000000, 0.000000000000000000, -1.000000000000000000 ) ) ;
#827 = CARTESIAN_POINT ( 'NONE',  ( 86.43106773515559382, 39.50000000000009948, 83.71918222915114427 ) ) ;
#828 = ORIENTED_EDGE ( 'NONE', *, *, #1355, .T. ) ;
#829 = VECTOR ( 'NONE', #724, 1000.000000000000000 ) ;
#830 = CARTESIAN_POINT ( 'NONE',  ( 11.59083891397482446, 36.61304831324655851, 21.50000000000000000 ) ) ;
#831 = PLANE ( 'NONE',  #834 ) ;
#832 = CIRCLE ( 'NONE', #1509, 11.39342227016287801 ) ;
#833 = ORIENTED_EDGE ( 'NONE', *, *, #50, .F. ) ;
#834 = AXIS2_PLACEMENT_3D ( 'NONE', #1515, #500, #2168 ) ;
#835 = PLANE ( 'NONE',  #1257 ) ;
#836 = VECTOR ( 'NONE', #313, 1000.000000000000000 ) ;
#837 = ADVANCED_FACE ( 'NONE', ( #1160 ), #818, .F. ) ;
#838 = VECTOR ( 'NONE', #205, 1000.000000000000000 ) ;
#839 = CARTESIAN_POINT ( 'NONE',  ( 84.40423140551033043, -13.56050846073465266, 60.27800298009139368 ) ) ;
#840 = DIRECTION ( 'NONE',  ( 1.000000000000000000, 2.891205793294678819E-16, 0.000000000000000000 ) ) ;
#841 = LINE ( 'NONE', #1689, #1831 ) ;
#842 = CARTESIAN_POINT ( 'NONE',  ( 11.61268091088284571, -7.617950255559430950, 21.49999999999999645 ) ) ;
#843 = CARTESIAN_POINT ( 'NONE',  ( 91.59463392358678391, -12.49999999999989875, 86.19806697055136624 ) ) ;
#844 = EDGE_LOOP ( 'NONE', ( #1581, #973, #1571, #1524 ) ) ;
#845 = CARTESIAN_POINT ( 'NONE',  ( 136.3372705995551826, -7.999999999999888978, 101.5000000000000000 ) ) ;
#846 = VERTEX_POINT ( 'NONE', #527 ) ;
#847 = FACE_OUTER_BOUND ( 'NONE', #1848, .T. ) ;
#848 = CARTESIAN_POINT ( 'NONE',  ( 133.3372705995551826, -12.49999999999988809, 72.69323710678375505 ) ) ;
#849 = DIRECTION ( 'NONE',  ( 1.000000000000000000, 3.056590817995133463E-16, 0.000000000000000000 ) ) ;
#850 = CARTESIAN_POINT ( 'NONE',  ( 63.56669363157075026, 36.88041083254934449, 88.45243788753074909 ) ) ;
#851 = EDGE_CURVE ( 'NONE', #508, #2189, #1832, .T. ) ;
#852 = DIRECTION ( 'NONE',  ( -1.000000000000000000, -3.056590817995133463E-16, 0.000000000000000000 ) ) ;
#853 = DIRECTION ( 'NONE',  ( -1.000000000000000000, -3.056590817995133463E-16, 0.000000000000000000 ) ) ;
#854 = ORIENTED_EDGE ( 'NONE', *, *, #1113, .F. ) ;
#855 = EDGE_CURVE ( 'NONE', #1049, #1286, #1874, .T. ) ;
#856 = DIRECTION ( 'NONE',  ( 1.734723475976805369E-16, -1.000000000000000000, 0.000000000000000000 ) ) ;
#857 = ORIENTED_EDGE ( 'NONE', *, *, #1952, .T. ) ;
#858 = CARTESIAN_POINT ( 'NONE',  ( 91.40628198771457846, 41.50000000000009948, 83.20398555077447611 ) ) ;
#859 = ADVANCED_FACE ( 'NONE', ( #334 ), #835, .F. ) ;
#860 = CARTESIAN_POINT ( 'NONE',  ( 83.36141329834873659, -10.49999999999990052, 60.26668567476267668 ) ) ;
#861 = B_SPLINE_CURVE_WITH_KNOTS ( 'NONE', 3,
 ( #880, #397, #1390, #568, #1549, #70, #377, #1884, #28, #1737, #364, #1727, #888, #202, #1561, #1067 ),
 .UNSPECIFIED., .F., .F.,
 ( 4, 2, 2, 2, 2, 2, 2, 4 ),
 ( -4.603331891048436264E-05, 0.001136268760052647512, 0.001727419799534190810, 0.002318570839015733891, 0.002909721878497277189, 0.003500872917978820921, 0.004092023957460364653, 0.004683174996941907517 ),
 .UNSPECIFIED. ) ;
#862 = DIRECTION ( 'NONE',  ( -2.891205793294678819E-16, 1.000000000000000000, 0.000000000000000000 ) ) ;
#863 = ADVANCED_FACE ( 'NONE', ( #658 ), #979, .T. ) ;
#864 = CARTESIAN_POINT ( 'NONE',  ( 94.59224670454808859, -15.49999999999989697, 61.91196700178642942 ) ) ;
#865 = CARTESIAN_POINT ( 'NONE',  ( 88.90066968368640232, -14.86893195216658015, 83.46344837404329553 ) ) ;
#866 = EDGE_LOOP ( 'NONE', ( #511, #556, #806, #1168 ) ) ;
#867 = AXIS2_PLACEMENT_3D ( 'NONE', #1710, #1511, #321 ) ;
#868 =( BOUNDED_CURVE ( )  B_SPLINE_CURVE ( 3, ( #125, #2142, #610, #274 ),
 .UNSPECIFIED., .F., .T. ) 
 B_SPLINE_CURVE_WITH_KNOTS ( ( 4, 4 ),
 ( 4.712388980384682569, 6.283185307179586232 ),
 .UNSPECIFIED. ) 
 CURVE ( )  GEOMETRIC_REPRESENTATION_ITEM ( )  RATIONAL_B_SPLINE_CURVE ( ( 1.000000000000000000, 0.8047378541243632721, 0.8047378541243632721, 1.000000000000000000 ) ) 
 REPRESENTATION_ITEM ( '' )  );
#869 = CARTESIAN_POINT ( 'NONE',  ( 136.3372705995551826, 22.50000000000006395, 101.5000000000000000 ) ) ;
#870 = EDGE_LOOP ( 'NONE', ( #142, #1989, #453, #247 ) ) ;
#871 = CARTESIAN_POINT ( 'NONE',  ( 136.3372705995552110, 41.91633018755477735, 54.57839586548193722 ) ) ;
#872 = VECTOR ( 'NONE', #1528, 1000.000000000000000 ) ;
#873 = CARTESIAN_POINT ( 'NONE',  ( 126.8537194941027053, 6.500000000000061284, 39.14432575839223460 ) ) ;
#874 = AXIS2_PLACEMENT_3D ( 'NONE', #1849, #1667, #2158 ) ;
#875 = AXIS2_PLACEMENT_3D ( 'NONE', #1259, #191, #23 ) ;
#876 = ORIENTED_EDGE ( 'NONE', *, *, #1356, .T. ) ;
#877 = EDGE_CURVE ( 'NONE', #449, #1094, #2006, .T. ) ;
#878 = CARTESIAN_POINT ( 'NONE',  ( 87.11323320979917639, 44.34167355486670914, 60.34624850078391489 ) ) ;
#879 = ORIENTED_EDGE ( 'NONE', *, *, #1421, .F. ) ;
#880 = CARTESIAN_POINT ( 'NONE',  ( 126.0150693026249655, 44.50000000000009948, 81.02681293085358050 ) ) ;
#881 = ORIENTED_EDGE ( 'NONE', *, *, #796, .F. ) ;
#882 = CARTESIAN_POINT ( 'NONE',  ( 76.50000000000011369, 22.00000000000009592, 21.50000000000000000 ) ) ;
#883 = DIRECTION ( 'NONE',  ( -2.891205793294678819E-16, 1.000000000000000000, -6.226085460011491012E-33 ) ) ;
#884 = CARTESIAN_POINT ( 'NONE',  ( 135.9410389479086803, -14.00293793103837636, 71.44827015920857605 ) ) ;
#885 = CARTESIAN_POINT ( 'NONE',  ( 91.33271058322975477, -12.49999999999193001, 86.21454406695912098 ) ) ;
#886 = ADVANCED_FACE ( 'NONE', ( #1505 ), #2036, .F. ) ;
#887 = EDGE_LOOP ( 'NONE', ( #1204, #854, #2133, #1638 ) ) ;
#888 = CARTESIAN_POINT ( 'NONE',  ( 126.2734725566676843, 42.27613844034099344, 83.92073942475470005 ) ) ;
#889 = ORIENTED_EDGE ( 'NONE', *, *, #1733, .T. ) ;
#890 = CARTESIAN_POINT ( 'NONE',  ( 133.4618909933509201, 43.86893195214704377, 56.25240965691790507 ) ) ;
#891 = LINE ( 'NONE', #40, #764 ) ;
#892 = CARTESIAN_POINT ( 'NONE',  ( 136.3372705995551826, 41.69825784718038619, 71.42598511022076480 ) ) ;
#893 = CARTESIAN_POINT ( 'NONE',  ( 136.1838421009796321, -13.46731747691885595, 71.43456627761901245 ) ) ;
#894 = CARTESIAN_POINT ( 'NONE',  ( 83.62943194462201291, 41.11596852470973573, 60.26895047174392062 ) ) ;
#895 = ORIENTED_EDGE ( 'NONE', *, *, #1663, .F. ) ;
#896 = ADVANCED_FACE ( 'NONE', ( #317 ), #1853, .T. ) ;
#897 = CARTESIAN_POINT ( 'NONE',  ( 136.3372705995551826, 39.50000000000011369, 56.76196176214146050 ) ) ;
#898 = ORIENTED_EDGE ( 'NONE', *, *, #1883, .T. ) ;
#899 = DIRECTION ( 'NONE',  ( 0.000000000000000000, 0.000000000000000000, 1.000000000000000000 ) ) ;
#900 = CARTESIAN_POINT ( 'NONE',  ( 88.25886846660246476, -15.49999999999990052, 60.39812274140743398 ) ) ;
#901 = CARTESIAN_POINT ( 'NONE',  ( 136.3372705995551826, -15.49999999999988454, 54.00000000000000000 ) ) ;
#902 = CIRCLE ( 'NONE', #1398, 3.000000000000002665 ) ;
#903 = ADVANCED_FACE ( 'NONE', ( #989 ), #519, .T. ) ;
#904 = VECTOR ( 'NONE', #176, 1000.000000000000000 ) ;
#905 = CARTESIAN_POINT ( 'NONE',  ( 9.726443427514388063, -7.047397444277164524, 21.50000000000000000 ) ) ;
#906 = CARTESIAN_POINT ( 'NONE',  ( 136.3372705995552110, -12.49999999999988809, 71.42598511022080743 ) ) ;
#907 = CIRCLE ( 'NONE', #1010, 9.999999999999994671 ) ;
#908 = CIRCLE ( 'NONE', #1804, 11.35070789170687711 ) ;
#909 = CARTESIAN_POINT ( 'NONE',  ( 127.3701683886502281, 22.50000000000006040, 29.15767063571373541 ) ) ;
#910 = ORIENTED_EDGE ( 'NONE', *, *, #2037, .T. ) ;
#911 = CARTESIAN_POINT ( 'NONE',  ( 100.6481371861589906, 5.211027081898911284, 101.3934447984070175 ) ) ;
#912 = LINE ( 'NONE', #1288, #167 ) ;
#913 = VERTEX_POINT ( 'NONE', #1020 ) ;
#914 = FACE_OUTER_BOUND ( 'NONE', #1681, .T. ) ;
#915 = LINE ( 'NONE', #47, #1148 ) ;
#916 = DIRECTION ( 'NONE',  ( 0.000000000000000000, 0.000000000000000000, 1.000000000000000000 ) ) ;
#917 = CARTESIAN_POINT ( 'NONE',  ( 136.3372705995552110, -12.49999999999988631, 58.76880016271352503 ) ) ;
#918 = CARTESIAN_POINT ( 'NONE',  ( 61.50000000000012079, 22.00000000000008527, 101.5000000000000000 ) ) ;
#919 = CARTESIAN_POINT ( 'NONE',  ( 136.3372705995552110, -10.49999999999988454, 53.99999999999999289 ) ) ;
#920 = ORIENTED_EDGE ( 'NONE', *, *, #1410, .F. ) ;
#921 = ADVANCED_FACE ( 'NONE', ( #153 ), #1008, .T. ) ;
#922 = CARTESIAN_POINT ( 'NONE',  ( 86.43106773515563646, -13.42893218813441969, 83.71918222915113006 ) ) ;
#923 = CARTESIAN_POINT ( 'NONE',  ( 95.68650990497123132, 44.49188488522108287, 55.32285174711810782 ) ) ;
#924 = ORIENTED_EDGE ( 'NONE', *, *, #1733, .F. ) ;
#925 = CARTESIAN_POINT ( 'NONE',  ( 133.5847203579870097, -7.999999999999885425, 53.77218440972003322 ) ) ;
#926 = CARTESIAN_POINT ( 'NONE',  ( 89.40569570256927534, 39.50000000000009948, 83.32983860780808527 ) ) ;
#927 = DIRECTION ( 'NONE',  ( -1.000000000000000000, 0.000000000000000000, 0.000000000000000000 ) ) ;
#928 = DIRECTION ( 'NONE',  ( -0.9915426558045506988, 0.000000000000000000, 0.1297812071143517598 ) ) ;
#929 = EDGE_CURVE ( 'NONE', #528, #1503, #1338, .T. ) ;
#930 = VERTEX_POINT ( 'NONE', #1862 ) ;
#931 = CARTESIAN_POINT ( 'NONE',  ( 98.94933669468451853, 6.765522363995998489, 101.4985486837357911 ) ) ;
#932 = CARTESIAN_POINT ( 'NONE',  ( 86.43106773515563646, -15.49999999999989875, 83.71918222915115848 ) ) ;
#933 = VERTEX_POINT ( 'NONE', #2018 ) ;
#934 = FACE_OUTER_BOUND ( 'NONE', #728, .T. ) ;
#935 = CARTESIAN_POINT ( 'NONE',  ( 87.56086331287546898, 7.000000000000099476, 17.82664882822696129 ) ) ;
#936 = CARTESIAN_POINT ( 'NONE',  ( 61.50000000000010658, 37.00000000000008527, 101.5000000000000000 ) ) ;
#937 = CARTESIAN_POINT ( 'NONE',  ( 133.4750512199345565, 36.85201705957686613, 88.87185224412867512 ) ) ;
#938 = VECTOR ( 'NONE', #583, 1000.000000000000000 ) ;
#939 = CARTESIAN_POINT ( 'NONE',  ( 136.3372705995551826, 37.00000000000010658, 86.50000000000001421 ) ) ;
#940 = AXIS2_PLACEMENT_3D ( 'NONE', #706, #2067, #211 ) ;
#941 = CARTESIAN_POINT ( 'NONE',  ( 136.3372705995551826, -12.24757278085854750, 57.75811826370193103 ) ) ;
#942 = VECTOR ( 'NONE', #138, 1000.000000000000000 ) ;
#943 = EDGE_LOOP ( 'NONE', ( #687, #1721, #244, #1892 ) ) ;
#944 = UNCERTAINTY_MEASURE_WITH_UNIT (LENGTH_MEASURE( 1.000000000000000082E-05 ), #1353, 'distance_accuracy_value', 'NONE');
#945 = EDGE_CURVE ( 'NONE', #1446, #394, #1441, .T. ) ;
#946 = DIRECTION ( 'NONE',  ( -1.000000000000000000, -2.891205793294678819E-16, -0.000000000000000000 ) ) ;
#947 = CARTESIAN_POINT ( 'NONE',  ( 96.22299230386990132, 40.63414371247558421, 50.80797161082771396 ) ) ;
#948 = ORIENTED_EDGE ( 'NONE', *, *, #1342, .T. ) ;
#949 = DIRECTION ( 'NONE',  ( 1.000000000000000000, 2.891205793294678819E-16, 0.000000000000000000 ) ) ;
#950 = DIRECTION ( 'NONE',  ( -2.891205793294678819E-16, 1.000000000000000000, -0.000000000000000000 ) ) ;
#951 = EDGE_CURVE ( 'NONE', #967, #846, #2191, .T. ) ;
#952 = CYLINDRICAL_SURFACE ( 'NONE', #1729, 3.000000000000002665 ) ;
#953 =( BOUNDED_CURVE ( )  B_SPLINE_CURVE ( 3, ( #897, #1580, #1759, #56 ),
 .UNSPECIFIED., .F., .F. ) 
 B_SPLINE_CURVE_WITH_KNOTS ( ( 4, 4 ),
 ( 3.141592653589793116, 4.712388980384689674 ),
 .UNSPECIFIED. ) 
 CURVE ( )  GEOMETRIC_REPRESENTATION_ITEM ( )  RATIONAL_B_SPLINE_CURVE ( ( 1.000000000000000000, 0.8047378541243649375, 0.8047378541243649375, 1.000000000000000000 ) ) 
 REPRESENTATION_ITEM ( '' )  );
#954 = CARTESIAN_POINT ( 'NONE',  ( 136.3372705995551826, -12.49999999999213607, 58.50605827481467713 ) ) ;
#955 = ORIENTED_EDGE ( 'NONE', *, *, #789, .T. ) ;
#956 = CARTESIAN_POINT ( 'NONE',  ( 99.87544451984001626, 5.733835010813239208, 101.4471819645273030 ) ) ;
#957 = CARTESIAN_POINT ( 'NONE',  ( 95.64575826475564213, -15.49999999999989697, 55.64925160682419403 ) ) ;
#958 = ORIENTED_EDGE ( 'NONE', *, *, #717, .T. ) ;
#959 = EDGE_CURVE ( 'NONE', #933, #993, #479, .T. ) ;
#960 = DIRECTION ( 'NONE',  ( -1.000000000000000000, -2.771190747399226900E-16, 1.781479766185217314E-15 ) ) ;
#961 = CARTESIAN_POINT ( 'NONE',  ( 98.91863529977766234, 22.00000000000006750, 101.5000000000000000 ) ) ;
#962 = CARTESIAN_POINT ( 'NONE',  ( 126.2553122761376443, -13.82983279100209550, 83.71335686885335292 ) ) ;
#963 = DIRECTION ( 'NONE',  ( 0.000000000000000000, 0.000000000000000000, -1.000000000000000000 ) ) ;
#964 = ORIENTED_EDGE ( 'NONE', *, *, #228, .F. ) ;
#965 = CARTESIAN_POINT ( 'NONE',  ( 125.0145437458573525, -12.49999999999989164, 72.69323710678375505 ) ) ;
#966 = CARTESIAN_POINT ( 'NONE',  ( 96.01322597791232738, -14.47248367814241021, 52.61515659061128503 ) ) ;
#967 = VERTEX_POINT ( 'NONE', #741 ) ;
#968 = CARTESIAN_POINT ( 'NONE',  ( 136.3372705995551826, 37.00000000000010658, 101.5000000000000000 ) ) ;
#969 = DIRECTION ( 'NONE',  ( -1.000000000000000000, 0.000000000000000000, 0.000000000000000000 ) ) ;
#970 = FACE_OUTER_BOUND ( 'NONE', #312, .T. ) ;
#971 = AXIS2_PLACEMENT_3D ( 'NONE', #2190, #1159, #303 ) ;
#972 = FACE_OUTER_BOUND ( 'NONE', #1920, .T. ) ;
#973 = ORIENTED_EDGE ( 'NONE', *, *, #557, .F. ) ;
#974 = CARTESIAN_POINT ( 'NONE',  ( 4.050697507710184553, 32.26012652966775818, 21.49999999999999645 ) ) ;
#975 = VECTOR ( 'NONE', #470, 1000.000000000000000 ) ;
#976 = CARTESIAN_POINT ( 'NONE',  ( 117.3701683886502138, 22.50000000000006040, -4.112496949731426099 ) ) ;
#977 = VERTEX_POINT ( 'NONE', #1594 ) ;
#978 = AXIS2_PLACEMENT_3D ( 'NONE', #2188, #1360, #853 ) ;
#979 = CYLINDRICAL_SURFACE ( 'NONE', #2151, 11.35070789170687711 ) ;
#980 = AXIS2_PLACEMENT_3D ( 'NONE', #2182, #660, #1541 ) ;
#981 = ORIENTED_EDGE ( 'NONE', *, *, #1484, .T. ) ;
#982 = DIRECTION ( 'NONE',  ( -0.9980271399256300802, -2.885501848818300575E-16, 0.06278397862406209784 ) ) ;
#983 = PLANE ( 'NONE',  #2115 ) ;
#984 = ORIENTED_EDGE ( 'NONE', *, *, #1691, .T. ) ;
#985 = CARTESIAN_POINT ( 'NONE',  ( 5.089003109894935761, 33.29755121092787817, 21.50000000000000000 ) ) ;
#986 = DIRECTION ( 'NONE',  ( -1.000000000000000000, 0.000000000000000000, -0.000000000000000000 ) ) ;
#987 = ORIENTED_EDGE ( 'NONE', *, *, #855, .F. ) ;
#988 = LINE ( 'NONE', #1677, #1931 ) ;
#989 = FACE_OUTER_BOUND ( 'NONE', #1006, .T. ) ;
#990 = DIRECTION ( 'NONE',  ( 1.000000000000000000, 0.000000000000000000, -0.000000000000000000 ) ) ;
#991 = CARTESIAN_POINT ( 'NONE',  ( 89.59404763844143815, 39.50000000000009948, 86.32392002758497540 ) ) ;
#992 = EDGE_CURVE ( 'NONE', #139, #148, #1169, .T. ) ;
#993 = VERTEX_POINT ( 'NONE', #44 ) ;
#994 = ADVANCED_FACE ( 'NONE', ( #2089 ), #1921, .T. ) ;
#995 = CYLINDRICAL_SURFACE ( 'NONE', #1261, 15.00000000000000000 ) ;
#996 = ORIENTED_EDGE ( 'NONE', *, *, #298, .F. ) ;
#997 = DIRECTION ( 'NONE',  ( 1.000000000000000000, 2.891205793294678819E-16, 0.000000000000000000 ) ) ;
#998 = ORIENTED_EDGE ( 'NONE', *, *, #168, .F. ) ;
#999 = FACE_OUTER_BOUND ( 'NONE', #653, .T. ) ;
#1000 = FACE_OUTER_BOUND ( 'NONE', #614, .T. ) ;
#1001 = EDGE_LOOP ( 'NONE', ( #1934, #1264, #1100, #1225, #1459, #285 ) ) ;
#1002 = CIRCLE ( 'NONE', #1139, 3.000000000000002665 ) ;
#1003 = DIRECTION ( 'NONE',  ( -1.000000000000000000, 0.000000000000000000, 0.000000000000000000 ) ) ;
#1004 = CARTESIAN_POINT ( 'NONE',  ( 126.0150693026249655, -15.49999999999988809, 81.02681293085358050 ) ) ;
#1005 = VECTOR ( 'NONE', #1108, 1000.000000000000000 ) ;
#1006 = EDGE_LOOP ( 'NONE', ( #1833, #1971, #1578, #1911 ) ) ;
#1007 = AXIS2_PLACEMENT_3D ( 'NONE', #926, #1607, #1128 ) ;
#1008 = CYLINDRICAL_SURFACE ( 'NONE', #1762, 9.999999999999994671 ) ;
#1009 = ORIENTED_EDGE ( 'NONE', *, *, #1242, .T. ) ;
#1010 = AXIS2_PLACEMENT_3D ( 'NONE', #909, #1967, #1275 ) ;
#1011 = LINE ( 'NONE', #1530, #301 ) ;
#1012 = VECTOR ( 'NONE', #1609, 1000.000000000000000 ) ;
#1013 = CARTESIAN_POINT ( 'NONE',  ( 86.79504389387466290, -10.49999999999990052, 86.50000000000001421 ) ) ;
#1014 = ADVANCED_FACE ( 'NONE', ( #544 ), #194, .F. ) ;
#1015 = EDGE_CURVE ( 'NONE', #2150, #977, #2099, .T. ) ;
#1016 = FACE_OUTER_BOUND ( 'NONE', #1, .T. ) ;
#1017 = VERTEX_POINT ( 'NONE', #1032 ) ;
#1018 = CARTESIAN_POINT ( 'NONE',  ( 94.59224670454808859, -15.49999999999989697, 61.91196700178642942 ) ) ;
#1019 = ORIENTED_EDGE ( 'NONE', *, *, #373, .F. ) ;
#1020 = CARTESIAN_POINT ( 'NONE',  ( 126.8537194941027053, 37.00000000000010658, 39.14432575839223460 ) ) ;
#1021 = ORIENTED_EDGE ( 'NONE', *, *, #242, .T. ) ;
#1022 = EDGE_CURVE ( 'NONE', #1158, #1150, #699, .T. ) ;
#1023 = CARTESIAN_POINT ( 'NONE',  ( 133.5847203579812970, 40.15461645488618814, 53.77218440971956426 ) ) ;
#1024 = FACE_BOUND ( 'NONE', #2035, .T. ) ;
#1025 = EDGE_CURVE ( 'NONE', #930, #413, #861, .T. ) ;
#1026 = EDGE_CURVE ( 'NONE', #913, #120, #1661, .T. ) ;
#1027 = ORIENTED_EDGE ( 'NONE', *, *, #409, .F. ) ;
#1028 = CARTESIAN_POINT ( 'NONE',  ( 125.0145437458573525, -15.49999999999988809, 72.69323710678375505 ) ) ;
#1029 = CARTESIAN_POINT ( 'NONE',  ( 87.42776813525965451, -13.57273361911327747, 83.61597124980255558 ) ) ;
#1030 = VERTEX_POINT ( 'NONE', #558 ) ;
#1031 = B_SPLINE_CURVE_WITH_KNOTS ( 'NONE', 3,
 ( #1542, #532, #1202, #360, #1867, #850, #1703, #182, #10, #1890, #1037, #1418, #1556, #404, #1918, #226, #747, #1047, #1600, #252, #381, #64, #564, #1222, #216, #1211, #2095, #78, #918 ),
 .UNSPECIFIED., .F., .F.,
 ( 4, 2, 2, 2, 2, 1, 2, 2, 2, 2, 2, 2, 2, 2, 4 ),
 ( -4.291069220354294602E-05, 0.0006996110924217118247, 0.001442132877046966568, 0.002927176446297507714, 0.004412220015548048643, 0.005897263584798590440, 0.007382307154049130501, 0.008867350723299673165, 0.01183743786180077411, 0.01332248143105133238, 0.01480752500030188372, 0.01777761213880296037, 0.01926265570805348396, 0.02074769927730401101, 0.02371778641580506164 ),
 .UNSPECIFIED. ) ;
#1032 = CARTESIAN_POINT ( 'NONE',  ( 117.3701683886502138, 22.50000000000006040, 29.15767063571373541 ) ) ;
#1033 = ORIENTED_EDGE ( 'NONE', *, *, #331, .F. ) ;
#1034 = LINE ( 'NONE', #1717, #2148 ) ;
#1035 =( BOUNDED_CURVE ( )  B_SPLINE_CURVE ( 3, ( #1116, #278, #922, #1101 ),
 .UNSPECIFIED., .F., .T. ) 
 B_SPLINE_CURVE_WITH_KNOTS ( ( 4, 4 ),
 ( 1.570796326794899445, 3.141592653589792672 ),
 .UNSPECIFIED. ) 
 CURVE ( )  GEOMETRIC_REPRESENTATION_ITEM ( )  RATIONAL_B_SPLINE_CURVE ( ( 1.000000000000000000, 0.8047378541243658256, 0.8047378541243658256, 1.000000000000000000 ) ) 
 REPRESENTATION_ITEM ( '' )  );
#1036 = FACE_OUTER_BOUND ( 'NONE', #2059, .T. ) ;
#1037 = CARTESIAN_POINT ( 'NONE',  ( 62.95065947906687853, 35.88896006398668703, 92.22750537093648404 ) ) ;
#1038 = CARTESIAN_POINT ( 'NONE',  ( 85.08664549465684956, 43.27718019207600975, 60.28944564960715979 ) ) ;
#1039 = ORIENTED_EDGE ( 'NONE', *, *, #275, .T. ) ;
#1040 = VECTOR ( 'NONE', #1972, 1000.000000000000227 ) ;
#1041 = DIRECTION ( 'NONE',  ( -2.891205793294678819E-16, 1.000000000000000000, 0.000000000000000000 ) ) ;
#1042 = VERTEX_POINT ( 'NONE', #1214 ) ;
#1043 = VECTOR ( 'NONE', #1493, 1000.000000000000000 ) ;
#1044 = PRODUCT_DEFINITION ( 'UNKNOWN', '', #60, #1205 ) ;
#1045 = CARTESIAN_POINT ( 'NONE',  ( 136.3372705995551826, 37.00000000000010658, 56.76196176214146050 ) ) ;
#1046 = VECTOR ( 'NONE', #1343, 1000.000000000000000 ) ;
#1047 = CARTESIAN_POINT ( 'NONE',  ( 62.07635959431608796, 31.93059194409445567, 97.75289128203087330 ) ) ;
#1048 = CARTESIAN_POINT ( 'NONE',  ( 90.30218085253439142, -15.31902839014949080, 86.27937272140664504 ) ) ;
#1049 = VERTEX_POINT ( 'NONE', #714 ) ;
#1050 = CARTESIAN_POINT ( 'NONE',  ( 86.43106773515560803, 39.50000000000009948, 83.71918222915114427 ) ) ;
#1051 = ORIENTED_EDGE ( 'NONE', *, *, #2193, .F. ) ;
#1052 = CARTESIAN_POINT ( 'NONE',  ( 136.3372705995551826, 41.50000000000011369, 58.76880016271352503 ) ) ;
#1053 = DIRECTION ( 'NONE',  ( 2.891205793294678819E-16, -1.000000000000000000, 0.000000000000000000 ) ) ;
#1054 = CYLINDRICAL_SURFACE ( 'NONE', #1070, 87.63788160908057989 ) ;
#1055 = CARTESIAN_POINT ( 'NONE',  ( 90.58710070855946128, -12.24757278086679513, 86.26144895817949987 ) ) ;
#1056 = ORIENTED_EDGE ( 'NONE', *, *, #1386, .F. ) ;
#1057 = CARTESIAN_POINT ( 'NONE',  ( 125.0145437458573525, 41.50000000000009948, 72.69323710678375505 ) ) ;
#1058 = EDGE_CURVE ( 'NONE', #2196, #2075, #1399, .T. ) ;
#1059 = EDGE_LOOP ( 'NONE', ( #1397, #130, #235, #1808, #1247, #218, #440, #1760, #1235, #536 ) ) ;
#1060 = DIRECTION ( 'NONE',  ( -1.734723475976805369E-16, 1.000000000000000000, 0.000000000000000000 ) ) ;
#1061 = CARTESIAN_POINT ( 'NONE',  ( 83.36141329834873659, -7.999999999999901412, 60.26668567476267668 ) ) ;
#1062 = CARTESIAN_POINT ( 'NONE',  ( 83.36141329834872238, 37.00000000000008527, 60.26668567476267668 ) ) ;
#1063 = DIRECTION ( 'NONE',  ( 1.000000000000000000, 2.066765402883923314E-16, 0.000000000000000000 ) ) ;
#1064 = CARTESIAN_POINT ( 'NONE',  ( 136.2415594056339785, -13.27674545161844932, 71.43133398695034941 ) ) ;
#1065 = CARTESIAN_POINT ( 'NONE',  ( 90.10403015790080872, -15.36986337294607807, 83.33883719395421963 ) ) ;
#1066 = ORIENTED_EDGE ( 'NONE', *, *, #482, .T. ) ;
#1067 = CARTESIAN_POINT ( 'NONE',  ( 126.2817957424203286, 41.50000000000009948, 84.01596396048161353 ) ) ;
#1068 = ORIENTED_EDGE ( 'NONE', *, *, #1421, .T. ) ;
#1069 = DIRECTION ( 'NONE',  ( 0.9915426558045505878, 2.866753870760907505E-16, -0.1297812071143525647 ) ) ;
#1070 = AXIS2_PLACEMENT_3D ( 'NONE', #711, #1395, #1743 ) ;
#1071 = CARTESIAN_POINT ( 'NONE',  ( 133.3372705995551826, -15.49999999999988631, 71.60615149653813205 ) ) ;
#1072 = CARTESIAN_POINT ( 'NONE',  ( 136.2415699703564655, 42.27670320012536820, 71.43133339548363381 ) ) ;
#1073 = AXIS2_PLACEMENT_3D ( 'NONE', #164, #3, #677 ) ;
#1074 = LINE ( 'NONE', #1243, #1695 ) ;
#1075 = CARTESIAN_POINT ( 'NONE',  ( 136.3178086704234033, -12.89321720947853933, 71.42706949114035808 ) ) ;
#1076 = AXIS2_PLACEMENT_3D ( 'NONE', #1790, #116, #406 ) ;
#1077 = EDGE_CURVE ( 'NONE', #36, #1383, #953, .T. ) ;
#1078 = AXIS2_PLACEMENT_3D ( 'NONE', #1531, #1686, #1508 ) ;
#1079 = CARTESIAN_POINT ( 'NONE',  ( 133.4618909933510054, -14.86893195214661567, 56.25240965691742900 ) ) ;
#1080 = ORIENTED_EDGE ( 'NONE', *, *, #2139, .F. ) ;
#1081 = CARTESIAN_POINT ( 'NONE',  ( 121.1042180585109804, -4.447557126742752054, 96.23991232631898640 ) ) ;
#1082 = CARTESIAN_POINT ( 'NONE',  ( 136.3372705995551826, 37.00000000000010658, 49.13098088107072670 ) ) ;
#1083 = EDGE_CURVE ( 'NONE', #593, #413, #1724, .T. ) ;
#1084 = ORIENTED_EDGE ( 'NONE', *, *, #1807, .F. ) ;
#1085 = CYLINDRICAL_SURFACE ( 'NONE', #337, 3.000000000000002665 ) ;
#1086 = CYLINDRICAL_SURFACE ( 'NONE', #2078, 9.999999999999994671 ) ;
#1087 = CARTESIAN_POINT ( 'NONE',  ( 136.3372705995551826, 39.50000000000011369, 54.00000000000000000 ) ) ;
#1088 = CARTESIAN_POINT ( 'NONE',  ( 1.127028165272561555, 1.235693675201733788, 21.50000000000000000 ) ) ;
#1089 = CARTESIAN_POINT ( 'NONE',  ( 136.3372705995552110, -12.69826886068727134, 71.42598511022082164 ) ) ;
#1090 = CYLINDRICAL_SURFACE ( 'NONE', #725, 4.999999999999998224 ) ;
#1091 = VERTEX_POINT ( 'NONE', #1236 ) ;
#1092 = SURFACE_SIDE_STYLE ('',( #1265 ) ) ;
#1093 = LINE ( 'NONE', #778, #1800 ) ;
#1094 = VERTEX_POINT ( 'NONE', #234 ) ;
#1095 = PLANE ( 'NONE',  #371 ) ;
#1096 = LINE ( 'NONE', #1823, #522 ) ;
#1097 = EDGE_CURVE ( 'NONE', #413, #1627, #912, .T. ) ;
#1098 = DIRECTION ( 'NONE',  ( 0.000000000000000000, -0.000000000000000000, -1.000000000000000000 ) ) ;
#1099 = CARTESIAN_POINT ( 'NONE',  ( 136.3372705995551826, -15.46776867082253837, 58.11797096708956900 ) ) ;
#1100 = ORIENTED_EDGE ( 'NONE', *, *, #1171, .T. ) ;
#1101 = CARTESIAN_POINT ( 'NONE',  ( 86.43106773515563646, -10.49999999999990052, 83.71918222915114427 ) ) ;
#1102 = CARTESIAN_POINT ( 'NONE',  ( 96.09606089651788352, 42.80441724165527262, 51.90706356068160687 ) ) ;
#1103 = EDGE_LOOP ( 'NONE', ( #1391, #1592, #632, #72 ) ) ;
#1104 = DIRECTION ( 'NONE',  ( -0.9980271399256303022, -2.885501848818301068E-16, 0.06278397862406209784 ) ) ;
#1105 = LINE ( 'NONE', #1451, #1546 ) ;
#1106 = CARTESIAN_POINT ( 'NONE',  ( 102.4364026710719457, 24.83001103606494198, 101.2324076884265764 ) ) ;
#1107 = CIRCLE ( 'NONE', #1758, 11.39342227016287801 ) ;
#1108 = DIRECTION ( 'NONE',  ( -2.891205793294678326E-16, 1.000000000000000000, 1.020556109143773067E-34 ) ) ;
#1109 = AXIS2_PLACEMENT_3D ( 'NONE', #535, #1041, #1748 ) ;
#1110 = EDGE_CURVE ( 'NONE', #993, #1780, #791, .T. ) ;
#1111 = CARTESIAN_POINT ( 'NONE',  ( 133.5534888307902577, -13.01809487668428389, 54.40282531949259948 ) ) ;
#1112 = VECTOR ( 'NONE', #675, 1000.000000000000000 ) ;
#1113 = EDGE_CURVE ( 'NONE', #1383, #1945, #1604, .T. ) ;
#1114 = EDGE_LOOP ( 'NONE', ( #920, #1155, #792, #2051 ) ) ;
#1115 = AXIS2_PLACEMENT_3D ( 'NONE', #1767, #1544, #574 ) ;
#1116 = CARTESIAN_POINT ( 'NONE',  ( 91.40628198771457846, -15.49999999999989697, 83.20398555077447611 ) ) ;
#1117 = CARTESIAN_POINT ( 'NONE',  ( 96.09606089651784089, -13.80441724165503459, 51.90706356068157135 ) ) ;
#1118 = EDGE_LOOP ( 'NONE', ( #1913, #1068, #600, #257 ) ) ;
#1119 = CARTESIAN_POINT ( 'NONE',  ( 63.32914519913869356, -7.618438443693933415, 89.89728133614129035 ) ) ;
#1120 = ORIENTED_EDGE ( 'NONE', *, *, #2, .T. ) ;
#1121 = FACE_OUTER_BOUND ( 'NONE', #1118, .T. ) ;
#1122 = CARTESIAN_POINT ( 'NONE',  ( 136.3372705995551826, -10.49999999999988454, 56.76196176214145339 ) ) ;
#1123 = ORIENTED_EDGE ( 'NONE', *, *, #1557, .T. ) ;
#1124 = DIRECTION ( 'NONE',  ( -2.891205793294678819E-16, 1.000000000000000000, -0.000000000000000000 ) ) ;
#1125 = CARTESIAN_POINT ( 'NONE',  ( 95.64575826475565634, 44.50000000000009237, 55.64925160682420113 ) ) ;
#1126 = EDGE_LOOP ( 'NONE', ( #1436, #898, #1361, #2136 ) ) ;
#1127 = EDGE_CURVE ( 'NONE', #1882, #2017, #1249, .T. ) ;
#1128 = DIRECTION ( 'NONE',  ( 0.000000000000000000, 0.000000000000000000, 1.000000000000000000 ) ) ;
#1129 = ORIENTED_EDGE ( 'NONE', *, *, #765, .F. ) ;
#1130 = CARTESIAN_POINT ( 'NONE',  ( 101.2262936620365252, 24.14581040869040507, 101.3477564817967647 ) ) ;
#1131 = CARTESIAN_POINT ( 'NONE',  ( 126.0328413753682213, -15.49999999999988987, 81.22131798517796142 ) ) ;
#1132 = CARTESIAN_POINT ( 'NONE',  ( 90.10403015790056713, 44.36986337294618465, 83.33883719395424805 ) ) ;
#1133 = ORIENTED_EDGE ( 'NONE', *, *, #951, .F. ) ;
#1134 = LINE ( 'NONE', #1994, #1220 ) ;
#1135 = CARTESIAN_POINT ( 'NONE',  ( 91.40628198771459267, -15.49999999999989875, 83.20398555077447611 ) ) ;
#1136 = VERTEX_POINT ( 'NONE', #1772 ) ;
#1137 = CARTESIAN_POINT ( 'NONE',  ( 61.51495363924575344, 5.023324307652591969, 101.4016217177858437 ) ) ;
#1138 = LINE ( 'NONE', #1835, #1554 ) ;
#1139 = AXIS2_PLACEMENT_3D ( 'NONE', #1778, #736, #2071 ) ;
#1140 = CARTESIAN_POINT ( 'NONE',  ( 90.94432503113756638, 44.47368762329143976, 86.23897665924364730 ) ) ;
#1141 = EDGE_CURVE ( 'NONE', #1534, #636, #491, .T. ) ;
#1142 = ORIENTED_EDGE ( 'NONE', *, *, #1747, .T. ) ;
#1143 = AXIS2_PLACEMENT_3D ( 'NONE', #1149, #856, #1324 ) ;
#1144 = CARTESIAN_POINT ( 'NONE',  ( 10.17122831449724352, 36.20653002556296940, 21.50000000000000000 ) ) ;
#1145 = AXIS2_PLACEMENT_3D ( 'NONE', #1366, #107, #1287 ) ;
#1146 = DIRECTION ( 'NONE',  ( 0.000000000000000000, 0.000000000000000000, 1.000000000000000000 ) ) ;
#1147 = ORIENTED_EDGE ( 'NONE', *, *, #350, .T. ) ;
#1148 = VECTOR ( 'NONE', #1415, 1000.000000000000000 ) ;
#1149 = CARTESIAN_POINT ( 'NONE',  ( 127.3701683886502281, 6.500000000000064837, 29.15767063571373541 ) ) ;
#1150 = VERTEX_POINT ( 'NONE', #1082 ) ;
#1151 = EDGE_CURVE ( 'NONE', #528, #57, #783, .T. ) ;
#1152 = CARTESIAN_POINT ( 'NONE',  ( 83.49181058430312419, -11.64093816761949363, 60.26773264947386366 ) ) ;
#1153 = EDGE_CURVE ( 'NONE', #469, #289, #1093, .T. ) ;
#1154 = DIRECTION ( 'NONE',  ( -2.891205793294678819E-16, 1.000000000000000000, -0.000000000000000000 ) ) ;
#1155 = ORIENTED_EDGE ( 'NONE', *, *, #275, .F. ) ;
#1156 = DIRECTION ( 'NONE',  ( 0.000000000000000000, 0.000000000000000000, 1.000000000000000000 ) ) ;
#1157 = LINE ( 'NONE', #1348, #1690 ) ;
#1158 = VERTEX_POINT ( 'NONE', #602 ) ;
#1159 = DIRECTION ( 'NONE',  ( -2.891205793294678819E-16, 1.000000000000000000, 0.000000000000000000 ) ) ;
#1160 = FACE_OUTER_BOUND ( 'NONE', #1616, .T. ) ;
#1161 = APPLICATION_PROTOCOL_DEFINITION ( 'draft international standard', 'automotive_design', 1998, #550 ) ;
#1162 = CARTESIAN_POINT ( 'NONE',  ( 84.03473824963775485, -13.01611732138644584, 60.27313997989327277 ) ) ;
#1163 = EDGE_CURVE ( 'NONE', #1882, #2189, #1959, .T. ) ;
#1164 = CARTESIAN_POINT ( 'NONE',  ( 86.43106773515644647, 40.15461645487889086, 83.71918222915775232 ) ) ;
#1165 = ORIENTED_EDGE ( 'NONE', *, *, #2107, .T. ) ;
#1166 = CARTESIAN_POINT ( 'NONE',  ( 136.3372705995551826, 37.00000000000010658, 49.13098088107072670 ) ) ;
#1167 = LINE ( 'NONE', #1858, #169 ) ;
#1168 = ORIENTED_EDGE ( 'NONE', *, *, #789, .F. ) ;
#1169 =( BOUNDED_CURVE ( )  B_SPLINE_CURVE ( 3, ( #1050, #2076, #37, #2060 ),
 .UNSPECIFIED., .F., .F. ) 
 B_SPLINE_CURVE_WITH_KNOTS ( ( 4, 4 ),
 ( 0.000000000000000000, 1.570796326794899445 ),
 .UNSPECIFIED. ) 
 CURVE ( )  GEOMETRIC_REPRESENTATION_ITEM ( )  RATIONAL_B_SPLINE_CURVE ( ( 1.000000000000000000, 0.8047378541243643824, 0.8047378541243643824, 1.000000000000000000 ) ) 
 REPRESENTATION_ITEM ( '' )  );
#1170 = DIRECTION ( 'NONE',  ( 2.891205793294678819E-16, -1.000000000000000000, -0.000000000000000000 ) ) ;
#1171 = EDGE_CURVE ( 'NONE', #122, #57, #1157, .T. ) ;
#1172 = VERTEX_POINT ( 'NONE', #655 ) ;
#1173 = CARTESIAN_POINT ( 'NONE',  ( 133.5847203579870381, -13.42893218813441081, 53.77218440972004032 ) ) ;
#1174 = CARTESIAN_POINT ( 'NONE',  ( 86.79531805720476711, -15.24681166438321256, 60.33482883211565451 ) ) ;
#1175 = CARTESIAN_POINT ( 'NONE',  ( 96.23752803156997970, -10.49999999999989697, 50.68113359558679321 ) ) ;
#1176 = CARTESIAN_POINT ( 'NONE',  ( 127.3701683886502281, 37.00000000000010658, 29.15767063571373541 ) ) ;
#1177 = CIRCLE ( 'NONE', #867, 72.63788160908059410 ) ;
#1178 = CARTESIAN_POINT ( 'NONE',  ( 1.584215132726909393E-14, 6.009030398689227503, 21.49999999999999645 ) ) ;
#1179 = ADVANCED_FACE ( 'NONE', ( #141 ), #1402, .T. ) ;
#1180 = FACE_OUTER_BOUND ( 'NONE', #1103, .T. ) ;
#1181 = AXIS2_PLACEMENT_3D ( 'NONE', #1797, #1949, #1437 ) ;
#1182 = ORIENTED_EDGE ( 'NONE', *, *, #627, .F. ) ;
#1183 = AXIS2_PLACEMENT_3D ( 'NONE', #1707, #502, #1373 ) ;
#1184 = CARTESIAN_POINT ( 'NONE',  ( 137.3701683886502281, 6.500000000000064837, -4.112496949731426099 ) ) ;
#1185 = ORIENTED_EDGE ( 'NONE', *, *, #2, .F. ) ;
#1186 = CIRCLE ( 'NONE', #978, 11.35070789170687711 ) ;
#1187 = DIRECTION ( 'NONE',  ( 2.891205793294678819E-16, -1.000000000000000000, -0.000000000000000000 ) ) ;
#1188 = SHAPE_DEFINITION_REPRESENTATION ( #734, #662 ) ;
#1189 =( BOUNDED_SURFACE ( )  B_SPLINE_SURFACE ( 3, 2, ( 
 ( #1052, #716, #196 ),
 ( #1376, #1876, #1540 ),
 ( #1563, #709, #5 ),
 ( #2062, #1730, #890 ),
 ( #379, #1229, #2055 ),
 ( #515, #2069, #546 ),
 ( #1905, #871, #1572 ),
 ( #46, #1553, #1401 ),
 ( #1364, #349, #1023 ),
 ( #18, #1709, #188 ) ),
 .UNSPECIFIED., .F., .F., .T. ) 
 B_SPLINE_SURFACE_WITH_KNOTS ( ( 4, 2, 2, 2, 4 ),
 ( 3, 3 ),
 ( 1.570796326794896558, 1.963495408493620697, 2.356194490192344837, 2.748893571891068976, 3.141592653589793116 ),
 ( 0.000000000000000000, 1.000000000000000000 ),
 .UNSPECIFIED. ) 
 GEOMETRIC_REPRESENTATION_ITEM ( )  RATIONAL_B_SPLINE_SURFACE ( (
 ( 1.000000000000000000, 0.7071067811865442421, 1.000000000000000000),
 ( 1.000000000000000000, 0.7109253092657473738, 1.000000000000000000),
 ( 1.000000000000000000, 0.7147076087701924596, 1.000000000000000000),
 ( 1.000000000000000000, 0.7216523560702308160, 1.000000000000000000),
 ( 1.000000000000000000, 0.7248115553992243720, 1.000000000000000000),
 ( 1.000000000000000000, 0.7300592068313617178, 1.000000000000000000),
 ( 1.000000000000000000, 0.7321464025547750332, 1.000000000000000000),
 ( 1.000000000000000000, 0.7349627202078627963, 1.000000000000000000),
 ( 1.000000000000000000, 0.7356943003269325043, 1.000000000000000000),
 ( 1.000000000000000000, 0.7356912575294779488, 1.000000000000000000) ) ) 
 REPRESENTATION_ITEM ( '' )  SURFACE ( )  );
#1190 = DIRECTION ( 'NONE',  ( -1.000000000000000000, 0.000000000000000000, 0.000000000000000000 ) ) ;
#1191 =( GEOMETRIC_REPRESENTATION_CONTEXT ( 3 ) GLOBAL_UNCERTAINTY_ASSIGNED_CONTEXT ( ( #944 ) ) GLOBAL_UNIT_ASSIGNED_CONTEXT ( ( #1353, #155, #517 ) ) REPRESENTATION_CONTEXT ( 'NONE', 'WORKASPACE' ) );
#1192 = ORIENTED_EDGE ( 'NONE', *, *, #1878, .F. ) ;
#1193 = ADVANCED_FACE ( 'NONE', ( #314 ), #1668, .F. ) ;
#1194 = CARTESIAN_POINT ( 'NONE',  ( -6.360652745248312138E-15, 22.00000000000006750, 21.50000000000000000 ) ) ;
#1195 = CARTESIAN_POINT ( 'NONE',  ( 86.91543394518600962, -11.76029145383508734, 86.49242649211642231 ) ) ;
#1196 = ORIENTED_EDGE ( 'NONE', *, *, #1952, .F. ) ;
#1197 = DIRECTION ( 'NONE',  ( 0.000000000000000000, 0.000000000000000000, -1.000000000000000000 ) ) ;
#1198 = ORIENTED_EDGE ( 'NONE', *, *, #178, .F. ) ;
#1199 = DIRECTION ( 'NONE',  ( -0.06278397862406288887, 0.000000000000000000, -0.9980271399256301912 ) ) ;
#1200 = CARTESIAN_POINT ( 'NONE',  ( 0.000000000000000000, 0.000000000000000000, 0.000000000000000000 ) ) ;
#1201 = CARTESIAN_POINT ( 'NONE',  ( 83.53223178890969791, -11.80021177083581208, 60.26807525325153136 ) ) ;
#1202 = CARTESIAN_POINT ( 'NONE',  ( 63.80956375758338339, 36.99397251090444882, 86.99058624837985576 ) ) ;
#1203 = CARTESIAN_POINT ( 'NONE',  ( 84.03473824963771222, 42.01611732138663058, 60.27313997989330829 ) ) ;
#1204 = ORIENTED_EDGE ( 'NONE', *, *, #540, .T. ) ;
#1205 = PRODUCT_DEFINITION_CONTEXT ( 'detailed design', #550, 'design' ) ;
#1206 = CARTESIAN_POINT ( 'NONE',  ( 61.50000000000011369, 22.00000000000009592, 21.50000000000000000 ) ) ;
#1207 = VERTEX_POINT ( 'NONE', #816 ) ;
#1208 = DIRECTION ( 'NONE',  ( 0.000000000000000000, -1.000000000000000000, 0.000000000000000000 ) ) ;
#1209 = DIRECTION ( 'NONE',  ( -1.000000000000000000, -2.891205793294678819E-16, 0.000000000000000000 ) ) ;
#1210 = B_SPLINE_CURVE_WITH_KNOTS ( 'NONE', 3,
 ( #793, #1470, #1307, #93, #1226, #395, #1673, #1428, #75, #2103, #606, #1938, #1072, #250, #892, #427 ),
 .UNSPECIFIED., .F., .F.,
 ( 4, 2, 2, 2, 2, 2, 2, 4 ),
 ( -3.043924166954544363E-05, 0.001152339516897205214, 0.001743728896180619459, 0.002335118275464033270, 0.002926507654747447298, 0.003517897034030861760, 0.004109286413314275355, 0.004700675792597690250 ),
 .UNSPECIFIED. ) ;
#1211 = CARTESIAN_POINT ( 'NONE',  ( 61.55897909427198300, 25.42199234318656664, 101.1127121348545188 ) ) ;
#1212 = CARTESIAN_POINT ( 'NONE',  ( 83.36141329834870817, 39.83233766811197540, 60.26668567476266958 ) ) ;
#1213 = ORIENTED_EDGE ( 'NONE', *, *, #12, .F. ) ;
#1214 = CARTESIAN_POINT ( 'NONE',  ( 136.3372705995551826, 37.00000000000009948, 73.96048910334691584 ) ) ;
#1215 = VERTEX_POINT ( 'NONE', #468 ) ;
#1216 = LINE ( 'NONE', #560, #1579 ) ;
#1217 = AXIS2_PLACEMENT_3D ( 'NONE', #976, #986, #2016 ) ;
#1218 = CARTESIAN_POINT ( 'NONE',  ( 87.60023371435558204, -15.43665239616004570, 60.36659107699738769 ) ) ;
#1219 = AXIS2_PLACEMENT_3D ( 'NONE', #578, #2110, #1613 ) ;
#1220 = VECTOR ( 'NONE', #299, 1000.000000000000114 ) ;
#1221 = EDGE_CURVE ( 'NONE', #1091, #333, #1322, .T. ) ;
#1222 = CARTESIAN_POINT ( 'NONE',  ( 61.62135836108586773, 26.84665740910151044, 100.7040463265750532 ) ) ;
#1223 = ADVANCED_FACE ( 'NONE', ( #300 ), #831, .F. ) ;
#1224 = CARTESIAN_POINT ( 'NONE',  ( 89.59404763844317188, -10.76184658195174038, 86.32392002758486171 ) ) ;
#1225 = ORIENTED_EDGE ( 'NONE', *, *, #512, .T. ) ;
#1226 = CARTESIAN_POINT ( 'NONE',  ( 134.8414484361470613, 44.10313309332168075, 71.51233630055270396 ) ) ;
#1227 = CARTESIAN_POINT ( 'NONE',  ( 133.3372705995551826, -15.49999999999988631, 71.42598511022080743 ) ) ;
#1228 = ORIENTED_EDGE ( 'NONE', *, *, #361, .T. ) ;
#1229 = CARTESIAN_POINT ( 'NONE',  ( 136.3372705995552110, 43.38225675350529542, 55.78655992486015691 ) ) ;
#1230 = CARTESIAN_POINT ( 'NONE',  ( 76.50000000000011369, 7.000000000000096811, 21.50000000000000000 ) ) ;
#1231 = DIRECTION ( 'NONE',  ( -0.9980271399256300802, -2.885501848818300575E-16, 0.06278397862406208396 ) ) ;
#1232 = CARTESIAN_POINT ( 'NONE',  ( 125.0145437458573525, -7.999999999999888978, 72.69323710678375505 ) ) ;
#1233 = CARTESIAN_POINT ( 'NONE',  ( 133.5343183342484394, -15.49513811383271289, 71.59339392319186857 ) ) ;
#1234 = CARTESIAN_POINT ( 'NONE',  ( 88.60202563538513232, -14.40281330246680902, 86.38632623453474935 ) ) ;
#1235 = ORIENTED_EDGE ( 'NONE', *, *, #76, .F. ) ;
#1236 = CARTESIAN_POINT ( 'NONE',  ( 136.3372705995551826, 6.500000000000064837, 49.13098088107072670 ) ) ;
#1237 = ORIENTED_EDGE ( 'NONE', *, *, #1153, .T. ) ;
#1238 = LINE ( 'NONE', #570, #1328 ) ;
#1239 = CARTESIAN_POINT ( 'NONE',  ( 88.42242958899871041, -15.49999999999989875, 60.40702597753934810 ) ) ;
#1240 = ADVANCED_FACE ( 'NONE', ( #2199 ), #1871, .T. ) ;
#1241 = LINE ( 'NONE', #239, #1298 ) ;
#1242 = EDGE_CURVE ( 'NONE', #1042, #1136, #1977, .T. ) ;
#1243 = CARTESIAN_POINT ( 'NONE',  ( 61.50000000000011369, 22.00000000000009592, 21.50000000000000000 ) ) ;
#1244 = CARTESIAN_POINT ( 'NONE',  ( 136.3372705995551826, 37.00000000000010658, 101.5000000000000000 ) ) ;
#1245 = EDGE_CURVE ( 'NONE', #1534, #1030, #2003, .T. ) ;
#1246 = LINE ( 'NONE', #90, #446 ) ;
#1247 = ORIENTED_EDGE ( 'NONE', *, *, #1077, .T. ) ;
#1248 = CARTESIAN_POINT ( 'NONE',  ( 98.91863529977766234, 7.000000000000089706, 101.5000000000000000 ) ) ;
#1249 = LINE ( 'NONE', #2135, #2010 ) ;
#1250 = VERTEX_POINT ( 'NONE', #1705 ) ;
#1251 = DIRECTION ( 'NONE',  ( 0.9965924508071392074, 2.881353867327343360E-16, 0.08248325281061334724 ) ) ;
#1252 = ADVANCED_FACE ( 'NONE', ( #476 ), #1586, .T. ) ;
#1253 = VECTOR ( 'NONE', #39, 1000.000000000000000 ) ;
#1254 = DIRECTION ( 'NONE',  ( 1.000000000000000000, 0.000000000000000000, 0.000000000000000000 ) ) ;
#1255 = DIRECTION ( 'NONE',  ( -0.08248325281061336112, -2.384760583758348925E-17, 0.9965924508071394294 ) ) ;
#1256 = EDGE_CURVE ( 'NONE', #2077, #1030, #1186, .T. ) ;
#1257 = AXIS2_PLACEMENT_3D ( 'NONE', #1350, #2179, #1845 ) ;
#1258 = AXIS2_PLACEMENT_3D ( 'NONE', #447, #1799, #960 ) ;
#1259 = CARTESIAN_POINT ( 'NONE',  ( 137.3701683886502281, 22.50000000000006395, -4.112496949731426099 ) ) ;
#1260 = CARTESIAN_POINT ( 'NONE',  ( 134.8412955752449136, -15.10322235735316454, 71.51234544317026121 ) ) ;
#1261 = AXIS2_PLACEMENT_3D ( 'NONE', #345, #160, #665 ) ;
#1262 = AXIS2_PLACEMENT_3D ( 'NONE', #1763, #2070, #1254 ) ;
#1263 = CARTESIAN_POINT ( 'NONE',  ( 91.59463392358676970, -12.49999999999990052, 86.19806697055136624 ) ) ;
#1264 = ORIENTED_EDGE ( 'NONE', *, *, #1520, .T. ) ;
#1265 = SURFACE_STYLE_FILL_AREA ( #750 ) ;
#1266 = CARTESIAN_POINT ( 'NONE',  ( 96.20762470611182948, -12.10657250986924005, 50.94185107960651493 ) ) ;
#1267 = ORIENTED_EDGE ( 'NONE', *, *, #2086, .F. ) ;
#1268 = CARTESIAN_POINT ( 'NONE',  ( 95.91384850246626570, 41.50000000000009237, 82.92042316215065512 ) ) ;
#1269 = EDGE_CURVE ( 'NONE', #930, #209, #628, .T. ) ;
#1270 = LINE ( 'NONE', #458, #975 ) ;
#1271 = DIRECTION ( 'NONE',  ( 1.000000000000000000, 2.066765402883923314E-16, 0.000000000000000000 ) ) ;
#1272 = DIRECTION ( 'NONE',  ( -1.000000000000000000, 0.000000000000000000, 0.000000000000000000 ) ) ;
#1273 = FACE_OUTER_BOUND ( 'NONE', #195, .T. ) ;
#1274 = B_SPLINE_CURVE_WITH_KNOTS ( 'NONE', 3,
 ( #860, #2056, #530, #1152, #1201, #2020, #166, #493, #1162, #839, #1522, #2194, #671, #1354, #506, #1174, #1865, #1218, #416, #1385, #900, #1906 ),
 .UNSPECIFIED., .F., .F.,
 ( 4, 2, 2, 2, 2, 2, 2, 2, 2, 2, 4 ),
 ( 0.000000000000000000, 0.0009828170251647465674, 0.001474225537747124188, 0.001965634050329501809, 0.002948451075494277433, 0.003931268100659053057, 0.004914085125823828247, 0.005896902150988604305, 0.006879719176153378628, 0.007371127688735747141, 0.007862536201318116522 ),
 .UNSPECIFIED. ) ;
#1275 = DIRECTION ( 'NONE',  ( -1.000000000000000000, 0.000000000000000000, 0.000000000000000000 ) ) ;
#1276 = VERTEX_POINT ( 'NONE', #639 ) ;
#1277 = CARTESIAN_POINT ( 'NONE',  ( 136.3372705995552110, -7.999999999999888978, 86.50000000000001421 ) ) ;
#1278 = CARTESIAN_POINT ( 'NONE',  ( 95.68650990497114606, -15.49188488522086793, 55.32285174711806519 ) ) ;
#1279 = ORIENTED_EDGE ( 'NONE', *, *, #855, .T. ) ;
#1280 = DIRECTION ( 'NONE',  ( 2.891205793294678819E-16, -1.000000000000000000, 6.205048914020710883E-33 ) ) ;
#1281 = CARTESIAN_POINT ( 'NONE',  ( 136.3372705995551826, 37.00000000000010658, 54.00000000000000000 ) ) ;
#1282 = CARTESIAN_POINT ( 'NONE',  ( 136.3372705995551826, -12.49999999999988454, 57.59322144514952413 ) ) ;
#1283 = CARTESIAN_POINT ( 'NONE',  ( 116.3443720687871519, 31.51434858543938233, 98.13148115753436684 ) ) ;
#1284 = CARTESIAN_POINT ( 'NONE',  ( 126.1927419863278743, -14.75915578139453466, 83.00310872675062512 ) ) ;
#1285 = CARTESIAN_POINT ( 'NONE',  ( 136.3372705995551826, -12.09933367710918972, 57.53550419840907182 ) ) ;
#1286 = VERTEX_POINT ( 'NONE', #323 ) ;
#1287 = DIRECTION ( 'NONE',  ( 1.000000000000000000, 2.891205793294678819E-16, 0.000000000000000000 ) ) ;
#1288 = CARTESIAN_POINT ( 'NONE',  ( 126.2817957424203286, 44.50000000000009948, 84.01596396048161353 ) ) ;
#1289 = ORIENTED_EDGE ( 'NONE', *, *, #1766, .T. ) ;
#1290 = CARTESIAN_POINT ( 'NONE',  ( 136.3372705995551826, -7.999999999999885425, 54.00000000000000000 ) ) ;
#1291 = CARTESIAN_POINT ( 'NONE',  ( 61.73445781290279655, 0.3172373082795268417, 99.96529653174110308 ) ) ;
#1292 = EDGE_LOOP ( 'NONE', ( #1066, #1341, #1198, #2032 ) ) ;
#1293 = VECTOR ( 'NONE', #295, 1000.000000000000000 ) ;
#1294 = ADVANCED_FACE ( 'NONE', ( #1180 ), #995, .T. ) ;
#1295 = CARTESIAN_POINT ( 'NONE',  ( 99.04617779426088475, 22.44394230969697901, 101.4938059532158547 ) ) ;
#1296 = VECTOR ( 'NONE', #1393, 1000.000000000000227 ) ;
#1297 = CARTESIAN_POINT ( 'NONE',  ( 86.43106773515560803, 39.50000000000009948, 83.71918222915114427 ) ) ;
#1298 = VECTOR ( 'NONE', #389, 1000.000000000000000 ) ;
#1299 = DIRECTION ( 'NONE',  ( -2.891205793294678819E-16, 1.000000000000000000, -6.205048914020710883E-33 ) ) ;
#1300 = AXIS2_PLACEMENT_3D ( 'NONE', #1881, #1712, #1536 ) ;
#1301 = ORIENTED_EDGE ( 'NONE', *, *, #707, .T. ) ;
#1302 = EDGE_CURVE ( 'NONE', #492, #913, #1167, .T. ) ;
#1303 = CIRCLE ( 'NONE', #726, 6.350707891706871777 ) ;
#1304 = CARTESIAN_POINT ( 'NONE',  ( 111.4604950072933747, -0.3279513164442767748, 99.61711598077457097 ) ) ;
#1305 = DIRECTION ( 'NONE',  ( -2.891205793294678326E-16, 1.000000000000000000, 1.020556109143773067E-34 ) ) ;
#1306 = VERTEX_POINT ( 'NONE', #1004 ) ;
#1307 = CARTESIAN_POINT ( 'NONE',  ( 134.1263791243059416, 44.42055156896734758, 71.55577899431172284 ) ) ;
#1308 = APPLICATION_CONTEXT ( 'automotive_design' ) ;
#1309 = CARTESIAN_POINT ( 'NONE',  ( 63.89162835495707071, -7.999999999999906741, 86.50000000000001421 ) ) ;
#1310 = CARTESIAN_POINT ( 'NONE',  ( 99.50492887495967409, 22.96705336242824558, 101.4695095511645064 ) ) ;
#1311 = CARTESIAN_POINT ( 'NONE',  ( 126.2170937365691117, -14.48245633375173114, 83.27868884017226492 ) ) ;
#1312 = ORIENTED_EDGE ( 'NONE', *, *, #1058, .F. ) ;
#1313 = CARTESIAN_POINT ( 'NONE',  ( 126.2817957424203286, -7.999999999999888978, 84.01596396048161353 ) ) ;
#1314 = CARTESIAN_POINT ( 'NONE',  ( 91.59463392358678391, -15.49999999999990052, 86.19806697055135203 ) ) ;
#1315 = ORIENTED_EDGE ( 'NONE', *, *, #720, .F. ) ;
#1316 = CARTESIAN_POINT ( 'NONE',  ( 89.59404763844148079, -15.49999999999990052, 86.32392002758497540 ) ) ;
#1317 = CARTESIAN_POINT ( 'NONE',  ( 107.3556440837600974, 27.35896200601703754, 100.5167355366991586 ) ) ;
#1318 = ADVANCED_FACE ( 'NONE', ( #2159 ), #2030, .T. ) ;
#1319 = FACE_OUTER_BOUND ( 'NONE', #1059, .T. ) ;
#1320 = ORIENTED_EDGE ( 'NONE', *, *, #1965, .T. ) ;
#1321 = CARTESIAN_POINT ( 'NONE',  ( 2.798481703667762499, 30.73504779386172814, 21.50000000000000000 ) ) ;
#1322 = LINE ( 'NONE', #184, #1331 ) ;
#1323 = EDGE_LOOP ( 'NONE', ( #152, #474, #254, #678 ) ) ;
#1324 = DIRECTION ( 'NONE',  ( 1.000000000000000000, 1.734723475976805615E-16, 0.000000000000000000 ) ) ;
#1325 = ADVANCED_FACE ( 'NONE', ( #217 ), #229, .T. ) ;
#1326 = DIRECTION ( 'NONE',  ( 2.891205793294678819E-16, -1.000000000000000000, -0.000000000000000000 ) ) ;
#1327 = AXIS2_PLACEMENT_3D ( 'NONE', #618, #1624, #2153 ) ;
#1328 = VECTOR ( 'NONE', #1582, 1000.000000000000000 ) ;
#1329 = CARTESIAN_POINT ( 'NONE',  ( 86.56055925552894337, 40.80873944697573563, 83.70577303754674858 ) ) ;
#1330 = EDGE_LOOP ( 'NONE', ( #545, #1056, #1182, #879 ) ) ;
#1331 = VECTOR ( 'NONE', #1146, 1000.000000000000000 ) ;
#1332 = CARTESIAN_POINT ( 'NONE',  ( 15.01592320108240131, -7.999999999999918288, 21.50000000000000000 ) ) ;
#1333 = STYLED_ITEM ( 'NONE', ( #266 ), #1633 ) ;
#1334 = CARTESIAN_POINT ( 'NONE',  ( 87.56086331287546898, 7.000000000000099476, 17.82664882822696129 ) ) ;
#1335 = ORIENTED_EDGE ( 'NONE', *, *, #2021, .T. ) ;
#1336 = LINE ( 'NONE', #1290, #1040 ) ;
#1337 = CIRCLE ( 'NONE', #1625, 3.000000000000002665 ) ;
#1338 = LINE ( 'NONE', #1696, #2047 ) ;
#1339 = B_SPLINE_CURVE_WITH_KNOTS ( 'NONE', 3,
 ( #2087, #1212, #1558, #1388, #2058, #894, #533, #566, #1203, #542, #362, #1038, #2065, #200, #1723, #555, #878, #35, #727, #1899, #1919, #208 ),
 .UNSPECIFIED., .F., .F.,
 ( 4, 2, 2, 2, 2, 2, 2, 2, 2, 2, 4 ),
 ( 0.000000000000000000, 0.0009828170251647634810, 0.001474225537747141102, 0.001965634050329518722, 0.002948451075494293045, 0.003931268100659066934, 0.004914085125823840390, 0.005896902150988614713, 0.006879719176153388169, 0.007371127688735754080, 0.007862536201318118256 ),
 .UNSPECIFIED. ) ;
#1340 = AXIS2_PLACEMENT_3D ( 'NONE', #1200, #6, #2040 ) ;
#1341 = ORIENTED_EDGE ( 'NONE', *, *, #1907, .F. ) ;
#1342 = EDGE_CURVE ( 'NONE', #2017, #91, #192, .T. ) ;
#1343 = DIRECTION ( 'NONE',  ( 1.000000000000000000, 2.891205793294678819E-16, 0.000000000000000000 ) ) ;
#1344 = CARTESIAN_POINT ( 'NONE',  ( 89.13155055457986009, 43.78276935562625738, 86.35301483459676319 ) ) ;
#1345 = ORIENTED_EDGE ( 'NONE', *, *, #1423, .T. ) ;
#1346 = EDGE_CURVE ( 'NONE', #1683, #1713, #1545, .T. ) ;
#1347 = CARTESIAN_POINT ( 'NONE',  ( 3.092917716664979277, 31.13228246287874512, 21.50000000000000000 ) ) ;
#1348 = CARTESIAN_POINT ( 'NONE',  ( 95.82511176751690130, 44.50000000000009237, 55.66409584962248402 ) ) ;
#1349 = ORIENTED_EDGE ( 'NONE', *, *, #1807, .T. ) ;
#1350 = CARTESIAN_POINT ( 'NONE',  ( 83.36141329834873659, -15.49999999999990052, 60.26668567476267668 ) ) ;
#1351 = ORIENTED_EDGE ( 'NONE', *, *, #796, .T. ) ;
#1352 = CARTESIAN_POINT ( 'NONE',  ( 133.4822233120386272, -15.49999999999988454, 55.84185042057699633 ) ) ;
#1353 =( LENGTH_UNIT ( ) NAMED_UNIT ( * ) SI_UNIT ( .MILLI., .METRE. ) );
#1354 = CARTESIAN_POINT ( 'NONE',  ( 85.89566974358474738, -14.84688605720535115, 60.30770062960256439 ) ) ;
#1355 = EDGE_CURVE ( 'NONE', #1367, #289, #1902, .T. ) ;
#1356 = EDGE_CURVE ( 'NONE', #698, #1960, #1339, .T. ) ;
#1357 = CARTESIAN_POINT ( 'NONE',  ( 127.3701683886502281, 37.00000000000010658, 29.15767063571373541 ) ) ;
#1358 = CYLINDRICAL_SURFACE ( 'NONE', #1656, 9.999999999999994671 ) ;
#1359 = CARTESIAN_POINT ( 'NONE',  ( 0.000000000000000000, 0.000000000000000000, 0.000000000000000000 ) ) ;
#1360 = DIRECTION ( 'NONE',  ( 2.891205793294678819E-16, -1.000000000000000000, 0.000000000000000000 ) ) ;
#1361 = ORIENTED_EDGE ( 'NONE', *, *, #695, .F. ) ;
#1362 = CARTESIAN_POINT ( 'NONE',  ( 61.50000000000011369, 37.00000000000008527, 101.5000000000000000 ) ) ;
#1363 = ORIENTED_EDGE ( 'NONE', *, *, #149, .T. ) ;
#1364 = CARTESIAN_POINT ( 'NONE',  ( 136.3372705995551826, 39.76184658195466426, 56.76196176214962463 ) ) ;
#1365 = DIRECTION ( 'NONE',  ( 1.000000000000000000, 0.000000000000000000, 0.000000000000000000 ) ) ;
#1366 = CARTESIAN_POINT ( 'NONE',  ( 125.0145437458573525, -15.49999999999988809, 72.69323710678375505 ) ) ;
#1367 = VERTEX_POINT ( 'NONE', #393 ) ;
#1368 = AXIS2_PLACEMENT_3D ( 'NONE', #1610, #759, #1489 ) ;
#1369 = DIRECTION ( 'NONE',  ( 0.000000000000000000, -1.000000000000000000, 0.000000000000000000 ) ) ;
#1370 = CARTESIAN_POINT ( 'NONE',  ( 87.38115228326418560, -12.93404939962905864, 86.46312904217280959 ) ) ;
#1371 = ORIENTED_EDGE ( 'NONE', *, *, #228, .T. ) ;
#1372 = VECTOR ( 'NONE', #1538, 1000.000000000000000 ) ;
#1373 = DIRECTION ( 'NONE',  ( -0.06278397862406288887, 0.000000000000000000, -0.9980271399256301912 ) ) ;
#1374 = ORIENTED_EDGE ( 'NONE', *, *, #1587, .F. ) ;
#1375 = MECHANICAL_DESIGN_GEOMETRIC_PRESENTATION_REPRESENTATION (  '', ( #1333 ), #520 ) ;
#1376 = CARTESIAN_POINT ( 'NONE',  ( 136.3372705995551826, 41.49999999999191402, 58.50605827481471266 ) ) ;
#1377 = AXIS2_PLACEMENT_3D ( 'NONE', #582, #744, #561 ) ;
#1378 = DIRECTION ( 'NONE',  ( -1.000000000000000000, -2.865816189925802198E-16, 0.000000000000000000 ) ) ;
#1379 = DIRECTION ( 'NONE',  ( 0.1297812071143525647, 3.752241778697927103E-17, 0.9915426558045505878 ) ) ;
#1380 = DIRECTION ( 'NONE',  ( -2.891205793294679312E-16, 1.000000000000000000, -0.000000000000000000 ) ) ;
#1381 = ORIENTED_EDGE ( 'NONE', *, *, #608, .F. ) ;
#1382 = DIRECTION ( 'NONE',  ( 0.000000000000000000, -1.000000000000000000, 0.000000000000000000 ) ) ;
#1383 = VERTEX_POINT ( 'NONE', #587 ) ;
#1384 = CARTESIAN_POINT ( 'NONE',  ( 133.3372705995551826, 39.50000000000011369, 56.76196176214145339 ) ) ;
#1385 = CARTESIAN_POINT ( 'NONE',  ( 88.09177025305162090, -15.49203332538370148, 60.38956764950802381 ) ) ;
#1386 = EDGE_CURVE ( 'NONE', #1158, #36, #1805, .T. ) ;
#1387 = CARTESIAN_POINT ( 'NONE',  ( 133.7301402473033249, -15.47579125117327159, 71.58087814858477316 ) ) ;
#1388 = CARTESIAN_POINT ( 'NONE',  ( 83.49181058430312419, 40.64093816761968014, 60.26773264947389919 ) ) ;
#1389 = ORIENTED_EDGE ( 'NONE', *, *, #1532, .T. ) ;
#1390 = CARTESIAN_POINT ( 'NONE',  ( 126.0865912595613167, 44.42036770863742845, 81.81376102143832441 ) ) ;
#1391 = ORIENTED_EDGE ( 'NONE', *, *, #1897, .F. ) ;
#1392 = EDGE_CURVE ( 'NONE', #933, #1901, #485, .T. ) ;
#1393 = DIRECTION ( 'NONE',  ( -0.9965924508071392074, -2.881353867327342867E-16, -0.08248325281061334724 ) ) ;
#1394 = FACE_OUTER_BOUND ( 'NONE', #577, .T. ) ;
#1395 = DIRECTION ( 'NONE',  ( 2.891205793294678819E-16, -1.000000000000000000, -0.000000000000000000 ) ) ;
#1396 = CARTESIAN_POINT ( 'NONE',  ( 86.79504389387466290, -10.49999999999990408, 86.50000000000001421 ) ) ;
#1397 = ORIENTED_EDGE ( 'NONE', *, *, #1015, .T. ) ;
#1398 = AXIS2_PLACEMENT_3D ( 'NONE', #1384, #1208, #1739 ) ;
#1399 = LINE ( 'NONE', #1227, #2074 ) ;
#1400 = ORIENTED_EDGE ( 'NONE', *, *, #373, .T. ) ;
#1401 = CARTESIAN_POINT ( 'NONE',  ( 133.5782799026037821, 40.80873944696612199, 53.90223295390624259 ) ) ;
#1402 = TOROIDAL_SURFACE ( 'NONE', #96, 72.63788160908059410, 15.00000000000000000 ) ;
#1403 = DIRECTION ( 'NONE',  ( -1.000000000000000000, -5.782411586589351722E-16, 0.000000000000000000 ) ) ;
#1404 = PLANE ( 'NONE',  #267 ) ;
#1405 = TOROIDAL_SURFACE ( 'NONE', #1078, 6.350707891706870889, 5.000000000000000000 ) ;
#1406 = PLANE ( 'NONE',  #590 ) ;
#1407 = CARTESIAN_POINT ( 'NONE',  ( 117.3701683886501996, 37.00000000000009948, 29.15767063571373541 ) ) ;
#1408 = CARTESIAN_POINT ( 'NONE',  ( 88.34878036848876093, -14.49833419275200264, 83.52059798159625359 ) ) ;
#1409 = ORIENTED_EDGE ( 'NONE', *, *, #2085, .F. ) ;
#1410 = EDGE_CURVE ( 'NONE', #1017, #492, #907, .T. ) ;
#1411 = DIRECTION ( 'NONE',  ( -1.000000000000000000, 0.000000000000000000, -1.218052616566107672E-15 ) ) ;
#1412 = ADVANCED_FACE ( 'NONE', ( #2132 ), #1956, .T. ) ;
#1413 = ORIENTED_EDGE ( 'NONE', *, *, #959, .T. ) ;
#1414 = DIRECTION ( 'NONE',  ( 0.06278397862406288887, 0.000000000000000000, 0.9980271399256301912 ) ) ;
#1415 = DIRECTION ( 'NONE',  ( 1.000000000000000000, 2.961723007765275270E-16, -0.000000000000000000 ) ) ;
#1416 = CARTESIAN_POINT ( 'NONE',  ( 136.3372705995551826, -7.999999999999885425, 21.50000000000000000 ) ) ;
#1417 = CYLINDRICAL_SURFACE ( 'NONE', #310, 11.35070789170687711 ) ;
#1418 = CARTESIAN_POINT ( 'NONE',  ( 62.80941101291531936, 35.47479000286103457, 93.10821795901050280 ) ) ;
#1419 = ADVANCED_FACE ( 'NONE', ( #105 ), #1565, .T. ) ;
#1420 = CARTESIAN_POINT ( 'NONE',  ( 136.3372705995551826, -11.75015898942019277, 54.11871926543054201 ) ) ;
#1421 = EDGE_CURVE ( 'NONE', #2100, #2007, #1982, .T. ) ;
#1422 = EDGE_LOOP ( 'NONE', ( #948, #501, #1301, #2004, #1643, #302, #666, #363 ) ) ;
#1423 = EDGE_CURVE ( 'NONE', #1276, #120, #1246, .T. ) ;
#1424 = CARTESIAN_POINT ( 'NONE',  ( 102.8603120423256740, 3.940220501534920761, 101.1862996485493227 ) ) ;
#1425 = VERTEX_POINT ( 'NONE', #1769 ) ;
#1426 = PLANE ( 'NONE',  #477 ) ;
#1427 = DIRECTION ( 'NONE',  ( -1.734723475976805369E-16, 1.000000000000000000, -0.000000000000000000 ) ) ;
#1428 = CARTESIAN_POINT ( 'NONE',  ( 135.5966953850065693, 43.48324431949916402, 71.46796912995388595 ) ) ;
#1429 = CARTESIAN_POINT ( 'NONE',  ( -1.069746143519033303E-14, 37.00000000000007105, 21.50000000000000000 ) ) ;
#1430 = DIRECTION ( 'NONE',  ( 2.891205793294678819E-16, -1.000000000000000000, 0.000000000000000000 ) ) ;
#1431 = PRODUCT ( 'Tail End', 'Tail End', '', ( #505 ) ) ;
#1432 = CARTESIAN_POINT ( 'NONE',  ( 76.50000000000011369, 7.000000000000096811, 21.50000000000000000 ) ) ;
#1433 = EDGE_LOOP ( 'NONE', ( #1142, #1738, #2109, #1351 ) ) ;
#1434 = CARTESIAN_POINT ( 'NONE',  ( 99.51310910728211923, 6.025745841269599445, 101.4690430988332963 ) ) ;
#1435 = CARTESIAN_POINT ( 'NONE',  ( 96.20124728991324048, 41.26265413325298681, 50.99735073505061678 ) ) ;
#1436 = ORIENTED_EDGE ( 'NONE', *, *, #1171, .F. ) ;
#1437 = DIRECTION ( 'NONE',  ( -1.000000000000000000, 0.000000000000000000, 0.000000000000000000 ) ) ;
#1438 = CIRCLE ( 'NONE', #621, 11.39342227016287801 ) ;
#1439 = CARTESIAN_POINT ( 'NONE',  ( 63.25096830402077330, -7.498811975131567387, 90.37593672782456622 ) ) ;
#1440 = CARTESIAN_POINT ( 'NONE',  ( 136.3372705995551826, -11.67157287525369469, 56.76196176214145339 ) ) ;
#1441 = CIRCLE ( 'NONE', #1073, 9.999999999999994671 ) ;
#1442 = DIRECTION ( 'NONE',  ( 1.734723475976805369E-16, -1.000000000000000000, -0.000000000000000000 ) ) ;
#1443 = CARTESIAN_POINT ( 'NONE',  ( 126.0150693026249655, -15.49999999999988809, 81.02681293085358050 ) ) ;
#1444 = AXIS2_PLACEMENT_3D ( 'NONE', #572, #1427, #1740 ) ;
#1445 = CARTESIAN_POINT ( 'NONE',  ( 133.4020400515485676, -15.36986337296602834, 57.46094653537958408 ) ) ;
#1446 = VERTEX_POINT ( 'NONE', #79 ) ;
#1447 = CARTESIAN_POINT ( 'NONE',  ( 99.04873781814579559, 6.551639665662512435, 101.4936791812674386 ) ) ;
#1448 = DIRECTION ( 'NONE',  ( -0.000000000000000000, -0.000000000000000000, 1.000000000000000000 ) ) ;
#1449 = ORIENTED_EDGE ( 'NONE', *, *, #149, .F. ) ;
#1450 = CARTESIAN_POINT ( 'NONE',  ( 76.50000000000011369, 22.00000000000009592, 21.50000000000000000 ) ) ;
#1451 = CARTESIAN_POINT ( 'NONE',  ( 136.3372705995552110, -48.31320215137651530, 86.50000000000001421 ) ) ;
#1452 = CARTESIAN_POINT ( 'NONE',  ( 86.43106773515562224, 37.00000000000009237, 83.71918222915114427 ) ) ;
#1453 = CARTESIAN_POINT ( 'NONE',  ( 89.40569570256928955, -15.49999999999989875, 83.32983860780809948 ) ) ;
#1454 = DIRECTION ( 'NONE',  ( 1.000000000000000000, 2.891205793294678819E-16, 0.000000000000000000 ) ) ;
#1455 = CARTESIAN_POINT ( 'NONE',  ( 133.5847203579960478, -11.15461645488556641, 53.77218440972077929 ) ) ;
#1456 = VERTEX_POINT ( 'NONE', #1432 ) ;
#1457 = FILL_AREA_STYLE_COLOUR ( '', #1548 ) ;
#1458 = CARTESIAN_POINT ( 'NONE',  ( 96.21848187243762140, 40.79252924830056770, 50.84729461348552348 ) ) ;
#1459 = ORIENTED_EDGE ( 'NONE', *, *, #12, .T. ) ;
#1460 = DIRECTION ( 'NONE',  ( 1.000000000000000000, 0.000000000000000000, 0.000000000000000000 ) ) ;
#1461 = CARTESIAN_POINT ( 'NONE',  ( 61.97867292282779772, -2.168501488923315623, 98.38203707055600944 ) ) ;
#1462 = ADVANCED_FACE ( 'NONE', ( #2108 ), #1090, .T. ) ;
#1463 = CARTESIAN_POINT ( 'NONE',  ( 102.8432429541329185, 25.05057490106909057, 101.1882118209645114 ) ) ;
#1464 = ADVANCED_FACE ( 'NONE', ( #1611 ), #652, .F. ) ;
#1465 = CARTESIAN_POINT ( 'NONE',  ( 126.2801045104930893, -12.89293308135978755, 83.99659855496622640 ) ) ;
#1466 = CARTESIAN_POINT ( 'NONE',  ( 136.3372705995552110, -14.76404730353515049, 56.31201091104967560 ) ) ;
#1467 = ORIENTED_EDGE ( 'NONE', *, *, #1889, .F. ) ;
#1468 = CARTESIAN_POINT ( 'NONE',  ( 95.74646831490080956, 44.43544637146973741, 54.83719228166739867 ) ) ;
#1469 = ORIENTED_EDGE ( 'NONE', *, *, #1097, .T. ) ;
#1470 = CARTESIAN_POINT ( 'NONE',  ( 133.7307056481668894, 44.50000000000010658, 71.58058880878792252 ) ) ;
#1471 = CARTESIAN_POINT ( 'NONE',  ( 61.93273643975692266, -1.770324808795423532, 98.67879566050515905 ) ) ;
#1472 = CLOSED_SHELL ( 'NONE', ( #1517, #1973, #1922, #1550, #994, #837, #2080, #466, #207, #1014, #641, #1646, #672, #109, #1252, #94, #1179, #1294, #1412, #1820, #1488, #1223, #859, #1791, #691, #1570, #143, #161, #863, #462, #2019, #402, #1240, #1462, #1983, #1560, #1822, #903, #1325, #2172, #1502, #370, #1575, #382, #329, #396, #1860, #1318, #896, #460, #1953, #1419, #147, #1193, #1812, #886, #2197, #921, #1464, #48 ) ) ;
#1473 = DIRECTION ( 'NONE',  ( -0.08248325281061111292, 0.000000000000000000, 0.9965924508071394294 ) ) ;
#1474 = VECTOR ( 'NONE', #1251, 1000.000000000000227 ) ;
#1475 = DIRECTION ( 'NONE',  ( -1.000000000000000000, 0.000000000000000000, 0.000000000000000000 ) ) ;
#1476 = AXIS2_PLACEMENT_3D ( 'NONE', #1678, #686, #997 ) ;
#1477 = DIRECTION ( 'NONE',  ( -1.000000000000000000, 0.000000000000000000, 0.000000000000000000 ) ) ;
#1478 = AXIS2_PLACEMENT_3D ( 'NONE', #473, #1662, #840 ) ;
#1479 = ORIENTED_EDGE ( 'NONE', *, *, #1965, .F. ) ;
#1480 = CIRCLE ( 'NONE', #1115, 61.55433771986069758 ) ;
#1481 = DIRECTION ( 'NONE',  ( -0.000000000000000000, -0.000000000000000000, -1.000000000000000000 ) ) ;
#1482 = DIRECTION ( 'NONE',  ( -0.000000000000000000, -0.000000000000000000, 1.000000000000000000 ) ) ;
#1483 = EDGE_LOOP ( 'NONE', ( #1749, #1123, #1228, #21 ) ) ;
#1484 = EDGE_CURVE ( 'NONE', #122, #1383, #24, .T. ) ;
#1485 = CARTESIAN_POINT ( 'NONE',  ( 62.95069511587625755, -6.889051678104390675, 92.22728497533607595 ) ) ;
#1486 = ORIENTED_EDGE ( 'NONE', *, *, #992, .T. ) ;
#1487 = CARTESIAN_POINT ( 'NONE',  ( 109.8228788297216028, 28.55797268028512192, 100.0182243610402111 ) ) ;
#1488 = ADVANCED_FACE ( 'NONE', ( #1000 ), #288, .T. ) ;
#1489 = DIRECTION ( 'NONE',  ( 0.9965924508071392074, 0.000000000000000000, 0.08248325281061330561 ) ) ;
#1490 = CARTESIAN_POINT ( 'NONE',  ( 90.75491056439835802, 44.50000000000009948, 83.27143679541192967 ) ) ;
#1491 = ORIENTED_EDGE ( 'NONE', *, *, #71, .F. ) ;
#1492 = LINE ( 'NONE', #2176, #1939 ) ;
#1493 = DIRECTION ( 'NONE',  ( -0.000000000000000000, -1.000000000000000000, -0.000000000000000000 ) ) ;
#1494 = ORIENTED_EDGE ( 'NONE', *, *, #1532, .F. ) ;
#1495 = DIRECTION ( 'NONE',  ( -2.891205793294678819E-16, 1.000000000000000000, 0.000000000000000000 ) ) ;
#1496 = ORIENTED_EDGE ( 'NONE', *, *, #1628, .T. ) ;
#1497 = FACE_OUTER_BOUND ( 'NONE', #1323, .T. ) ;
#1498 = CARTESIAN_POINT ( 'NONE',  ( 87.42776813526089086, 42.57273361911449427, 83.61597124980443141 ) ) ;
#1499 = VERTEX_POINT ( 'NONE', #464 ) ;
#1500 = CARTESIAN_POINT ( 'NONE',  ( 5.844354500172265432, 33.91826155281291477, 21.50000000000000000 ) ) ;
#1501 = DIRECTION ( 'NONE',  ( -1.000000000000000000, 0.000000000000000000, 0.000000000000000000 ) ) ;
#1502 = ADVANCED_FACE ( 'NONE', ( #320 ), #571, .T. ) ;
#1503 = VERTEX_POINT ( 'NONE', #1992 ) ;
#1504 = DIRECTION ( 'NONE',  ( -2.891205793294678819E-16, 1.000000000000000000, -0.000000000000000000 ) ) ;
#1505 = FACE_OUTER_BOUND ( 'NONE', #1863, .T. ) ;
#1506 = B_SPLINE_CURVE_WITH_KNOTS ( 'NONE', 3,
 ( #2165, #1813, #1465, #287, #2028, #962, #1636, #634, #1311, #1284, #115, #599, #1991, #670, #504, #463, #1131, #1443 ),
 .UNSPECIFIED., .F., .F.,
 ( 4, 2, 2, 2, 2, 2, 2, 2, 4 ),
 ( 0.000000000000000000, 0.0005859286537680296128, 0.001171857307536059226, 0.001757785961304088838, 0.002343714615072118451, 0.002929643268840148064, 0.003515571922608177677, 0.004101500576376207290, 0.004687429230144236902 ),
 .UNSPECIFIED. ) ;
#1507 = EDGE_LOOP ( 'NONE', ( #365, #1987, #640, #779 ) ) ;
#1508 = DIRECTION ( 'NONE',  ( -1.000000000000000000, -2.891205793294678819E-16, 0.000000000000000000 ) ) ;
#1509 = AXIS2_PLACEMENT_3D ( 'NONE', #1585, #215, #745 ) ;
#1510 = CARTESIAN_POINT ( 'NONE',  ( 87.72774249793630474, 42.47834968235176945, 86.44132571462577630 ) ) ;
#1511 = DIRECTION ( 'NONE',  ( 2.891205793294678819E-16, -1.000000000000000000, 0.000000000000000000 ) ) ;
#1512 = VECTOR ( 'NONE', #794, 1000.000000000000227 ) ;
#1513 = CARTESIAN_POINT ( 'NONE',  ( 13.04489417337272528, 36.90300647221753394, 21.49999999999999645 ) ) ;
#1514 = VECTOR ( 'NONE', #25, 1000.000000000000000 ) ;
#1515 = CARTESIAN_POINT ( 'NONE',  ( 86.79504389387466290, -15.49999999999990052, 86.50000000000001421 ) ) ;
#1516 = ORIENTED_EDGE ( 'NONE', *, *, #1025, .T. ) ;
#1517 = ADVANCED_FACE ( 'NONE', ( #972 ), #553, .T. ) ;
#1518 = DIRECTION ( 'NONE',  ( -1.000000000000000000, 0.000000000000000000, 0.000000000000000000 ) ) ;
#1519 = EDGE_LOOP ( 'NONE', ( #1374, #2001, #1923, #715 ) ) ;
#1520 = EDGE_CURVE ( 'NONE', #209, #122, #1825, .T. ) ;
#1521 = DIRECTION ( 'NONE',  ( -1.000000000000000000, 0.000000000000000000, 0.000000000000000000 ) ) ;
#1522 = CARTESIAN_POINT ( 'NONE',  ( 84.61875378307614426, -13.81739054448178372, 60.28117719590503043 ) ) ;
#1523 = CARTESIAN_POINT ( 'NONE',  ( 125.0145437458573525, -12.49999999999989164, 72.69323710678375505 ) ) ;
#1524 = ORIENTED_EDGE ( 'NONE', *, *, #755, .F. ) ;
#1525 = CARTESIAN_POINT ( 'NONE',  ( 11.13737798215715458, -7.499491965862015164, 21.50000000000000000 ) ) ;
#1526 = CARTESIAN_POINT ( 'NONE',  ( 125.0145437458573525, 44.50000000000009948, 72.69323710678375505 ) ) ;
#1527 = ORIENTED_EDGE ( 'NONE', *, *, #442, .F. ) ;
#1528 = DIRECTION ( 'NONE',  ( 0.000000000000000000, -1.000000000000000000, 0.000000000000000000 ) ) ;
#1529 = VERTEX_POINT ( 'NONE', #496 ) ;
#1530 = CARTESIAN_POINT ( 'NONE',  ( 136.4079660160202252, 44.50000000000009948, 72.69323710678375505 ) ) ;
#1531 = CARTESIAN_POINT ( 'NONE',  ( 94.59224670454807438, 39.50000000000009948, 61.91196700178642942 ) ) ;
#1532 = EDGE_CURVE ( 'NONE', #203, #2027, #1552, .T. ) ;
#1533 = FACE_OUTER_BOUND ( 'NONE', #1126, .T. ) ;
#1534 = VERTEX_POINT ( 'NONE', #1175 ) ;
#1535 = CARTESIAN_POINT ( 'NONE',  ( 86.43106773515563646, -7.999999999999901412, 83.71918222915115848 ) ) ;
#1536 = DIRECTION ( 'NONE',  ( 0.9915426558045506988, 0.000000000000000000, -0.1297812071143517598 ) ) ;
#1537 = ORIENTED_EDGE ( 'NONE', *, *, #1810, .T. ) ;
#1538 = DIRECTION ( 'NONE',  ( 2.891205793294678819E-16, -1.000000000000000000, -0.000000000000000000 ) ) ;
#1539 = ORIENTED_EDGE ( 'NONE', *, *, #1660, .F. ) ;
#1540 = CARTESIAN_POINT ( 'NONE',  ( 133.3696675362863289, 44.50000000000011369, 58.11462678449258590 ) ) ;
#1541 = DIRECTION ( 'NONE',  ( -0.9980271399256300802, 0.000000000000000000, 0.06278397862406208396 ) ) ;
#1542 = CARTESIAN_POINT ( 'NONE',  ( 63.89162835495705650, 37.00000000000008527, 86.50000000000001421 ) ) ;
#1543 = AXIS2_PLACEMENT_3D ( 'NONE', #858, #688, #1199 ) ;
#1544 = DIRECTION ( 'NONE',  ( 1.734723475976805369E-16, -1.000000000000000000, 0.000000000000000000 ) ) ;
#1545 = LINE ( 'NONE', #704, #1514 ) ;
#1546 = VECTOR ( 'NONE', #426, 1000.000000000000000 ) ;
#1547 = EDGE_LOOP ( 'NONE', ( #1875, #1449, #1826, #357 ) ) ;
#1548 = COLOUR_RGB ( '',0.7921568627450980005, 0.8196078431372548767, 0.9333333333333333481 ) ;
#1549 = CARTESIAN_POINT ( 'NONE',  ( 126.1504101009884238, 44.10250675638811657, 82.52653576492389220 ) ) ;
#1550 = ADVANCED_FACE ( 'NONE', ( #1319 ), #983, .F. ) ;
#1551 = ORIENTED_EDGE ( 'NONE', *, *, #319, .T. ) ;
#1552 = CIRCLE ( 'NONE', #2184, 11.39342227016287801 ) ;
#1553 = CARTESIAN_POINT ( 'NONE',  ( 136.3372705995551826, 40.75015898941891379, 54.11871926543339839 ) ) ;
#1554 = VECTOR ( 'NONE', #982, 1000.000000000000114 ) ;
#1555 = DIRECTION ( 'NONE',  ( 0.9980271399256300802, 2.885501848818301068E-16, -0.06278397862406209784 ) ) ;
#1556 = CARTESIAN_POINT ( 'NONE',  ( 62.67164317432259679, 35.01640294245959950, 93.97072718378352363 ) ) ;
#1557 = EDGE_CURVE ( 'NONE', #1534, #1215, #2049, .T. ) ;
#1558 = CARTESIAN_POINT ( 'NONE',  ( 83.39452985630261139, 40.15902621808640305, 60.26692971772682483 ) ) ;
#1559 = ORIENTED_EDGE ( 'NONE', *, *, #627, .T. ) ;
#1560 = ADVANCED_FACE ( 'NONE', ( #1533 ), #341, .T. ) ;
#1561 = CARTESIAN_POINT ( 'NONE',  ( 126.2817957424203286, 41.69810454166666602, 84.01596396048159932 ) ) ;
#1562 = ORIENTED_EDGE ( 'NONE', *, *, #1153, .F. ) ;
#1563 = CARTESIAN_POINT ( 'NONE',  ( 136.3372705995551826, 41.44794534918613493, 58.24351444705914815 ) ) ;
#1564 = DIRECTION ( 'NONE',  ( -0.1297812071143525647, -3.752241778697926487E-17, -0.9915426558045505878 ) ) ;
#1565 =( BOUNDED_SURFACE ( )  B_SPLINE_SURFACE ( 3, 2, ( 
 ( #1122, #919, #65 ),
 ( #1591, #430, #1455 ),
 ( #263, #1420, #1944 ),
 ( #1626, #775, #1111 ),
 ( #243, #611, #576 ),
 ( #1285, #738, #276 ),
 ( #941, #1466, #1079 ),
 ( #1814, #420, #1445 ),
 ( #954, #1099, #1637 ),
 ( #761, #2143, #1601 ) ),
 .UNSPECIFIED., .F., .F., .T. ) 
 B_SPLINE_SURFACE_WITH_KNOTS ( ( 4, 2, 2, 2, 4 ),
 ( 3, 3 ),
 ( 5.997870413701221887E-31, 0.3926990816987241395, 0.7853981633974482790, 1.178097245096172418, 1.570796326794896558 ),
 ( 0.000000000000000000, 1.000000000000000000 ),
 .UNSPECIFIED. ) 
 GEOMETRIC_REPRESENTATION_ITEM ( )  RATIONAL_B_SPLINE_SURFACE ( (
 ( 1.000000000000000000, 0.7356912575294779488, 1.000000000000000000),
 ( 1.000000000000000000, 0.7356943003272361503, 1.000000000000000000),
 ( 1.000000000000000000, 0.7349627202074701104, 1.000000000000000000),
 ( 1.000000000000000000, 0.7321464025551674970, 1.000000000000000000),
 ( 1.000000000000000000, 0.7300592068313495053, 1.000000000000000000),
 ( 1.000000000000000000, 0.7248115553992425797, 1.000000000000000000),
 ( 1.000000000000000000, 0.7216523560702338136, 1.000000000000000000),
 ( 1.000000000000000000, 0.7147076087701954572, 1.000000000000000000),
 ( 1.000000000000000000, 0.7109253092657473738, 1.000000000000000000),
 ( 1.000000000000000000, 0.7071067811865473507, 1.000000000000000000) ) ) 
 REPRESENTATION_ITEM ( '' )  SURFACE ( )  );
#1566 = CARTESIAN_POINT ( 'NONE',  ( 117.3701683886502138, 22.50000000000005684, 97.73642941163744524 ) ) ;
#1567 = CARTESIAN_POINT ( 'NONE',  ( 86.79504389388377206, -11.12980338128303792, 86.50000000000727596 ) ) ;
#1568 = ORIENTED_EDGE ( 'NONE', *, *, #1245, .T. ) ;
#1569 = CARTESIAN_POINT ( 'NONE',  ( 136.3372705995551826, 37.00000000000010658, 101.5000000000000000 ) ) ;
#1570 = ADVANCED_FACE ( 'NONE', ( #1016 ), #1702, .T. ) ;
#1571 = ORIENTED_EDGE ( 'NONE', *, *, #1025, .F. ) ;
#1572 = CARTESIAN_POINT ( 'NONE',  ( 133.5534888307866481, 42.01809487668499798, 54.40282531949250711 ) ) ;
#1573 = CYLINDRICAL_SURFACE ( 'NONE', #1262, 3.000000000000002665 ) ;
#1574 = CARTESIAN_POINT ( 'NONE',  ( 125.0145437458573525, -15.49999999999988809, 72.69323710678375505 ) ) ;
#1575 = ADVANCED_FACE ( 'NONE', ( #2145 ), #2011, .T. ) ;
#1576 = LINE ( 'NONE', #51, #829 ) ;
#1577 = CARTESIAN_POINT ( 'NONE',  ( 86.43106773515546593, -11.15461645487856757, 83.71918222914990793 ) ) ;
#1578 = ORIENTED_EDGE ( 'NONE', *, *, #2037, .F. ) ;
#1579 = VECTOR ( 'NONE', #366, 1000.000000000000000 ) ;
#1580 = CARTESIAN_POINT ( 'NONE',  ( 136.3372705995551826, 40.67157287525392206, 56.76196176214145339 ) ) ;
#1581 = ORIENTED_EDGE ( 'NONE', *, *, #331, .T. ) ;
#1582 = DIRECTION ( 'NONE',  ( 1.000000000000000000, 2.781592854061869436E-16, 0.000000000000000000 ) ) ;
#1583 = VECTOR ( 'NONE', #417, 1000.000000000000227 ) ;
#1584 = CARTESIAN_POINT ( 'NONE',  ( 76.50000000000011369, 22.00000000000009592, 0.000000000000000000 ) ) ;
#1585 = CARTESIAN_POINT ( 'NONE',  ( 125.0145437458573525, 37.00000000000009948, 72.69323710678375505 ) ) ;
#1586 = TOROIDAL_SURFACE ( 'NONE', #808, 72.63788160908059410, 15.00000000000000000 ) ;
#1587 = EDGE_CURVE ( 'NONE', #648, #2122, #1736, .T. ) ;
#1588 = AXIS2_PLACEMENT_3D ( 'NONE', #1589, #757, #927 ) ;
#1589 = CARTESIAN_POINT ( 'NONE',  ( 126.3372705995551826, 37.00000000000010658, 49.13098088107072670 ) ) ;
#1590 = CARTESIAN_POINT ( 'NONE',  ( 95.64575826475565634, 44.50000000000009237, 55.64925160682420113 ) ) ;
#1591 = CARTESIAN_POINT ( 'NONE',  ( 136.3372705995551826, -10.76184658195427879, 56.76196176214962463 ) ) ;
#1592 = ORIENTED_EDGE ( 'NONE', *, *, #210, .F. ) ;
#1593 = CARTESIAN_POINT ( 'NONE',  ( 126.6518048615395458, -6.330836960908150068, 93.39558001498737383 ) ) ;
#1594 = CARTESIAN_POINT ( 'NONE',  ( 136.3372705995551826, 22.50000000000006395, 49.13098088107072670 ) ) ;
#1595 = ORIENTED_EDGE ( 'NONE', *, *, #495, .T. ) ;
#1596 = LINE ( 'NONE', #595, #165 ) ;
#1597 = DIRECTION ( 'NONE',  ( -0.000000000000000000, -0.000000000000000000, -1.000000000000000000 ) ) ;
#1598 = FACE_OUTER_BOUND ( 'NONE', #943, .T. ) ;
#1599 = CARTESIAN_POINT ( 'NONE',  ( 136.3372705995551826, -7.999999999999885425, 56.76196176214146050 ) ) ;
#1600 = CARTESIAN_POINT ( 'NONE',  ( 61.97866010664174041, 31.16839396956654085, 98.38211978495992582 ) ) ;
#1601 = CARTESIAN_POINT ( 'NONE',  ( 133.3372705995551826, -15.49999999999988454, 58.76880016271352503 ) ) ;
#1602 = ORIENTED_EDGE ( 'NONE', *, *, #877, .T. ) ;
#1603 = LINE ( 'NONE', #118, #1693 ) ;
#1604 = LINE ( 'NONE', #2112, #693 ) ;
#1605 = ORIENTED_EDGE ( 'NONE', *, *, #1127, .T. ) ;
#1606 = FACE_OUTER_BOUND ( 'NONE', #844, .T. ) ;
#1607 = DIRECTION ( 'NONE',  ( 0.000000000000000000, 1.000000000000000000, -0.000000000000000000 ) ) ;
#1608 = DIRECTION ( 'NONE',  ( 2.891205793294678819E-16, -1.000000000000000000, -0.000000000000000000 ) ) ;
#1609 = DIRECTION ( 'NONE',  ( 2.891205793294678819E-16, -1.000000000000000000, -0.000000000000000000 ) ) ;
#1610 = CARTESIAN_POINT ( 'NONE',  ( 136.3372705995551826, 44.50000000000010658, 54.00000000000000000 ) ) ;
#1611 = FACE_OUTER_BOUND ( 'NONE', #870, .T. ) ;
#1612 = ORIENTED_EDGE ( 'NONE', *, *, #2086, .T. ) ;
#1613 = DIRECTION ( 'NONE',  ( -1.000000000000000000, -2.891205793294678819E-16, 0.000000000000000000 ) ) ;
#1614 = CARTESIAN_POINT ( 'NONE',  ( 96.21848187243760719, -11.79252924830036164, 50.84729461348551638 ) ) ;
#1615 = AXIS2_PLACEMENT_3D ( 'NONE', #136, #1803, #1475 ) ;
#1616 = EDGE_LOOP ( 'NONE', ( #29, #162, #526, #1885, #1698, #297, #193, #685, #612, #384, #1527, #1930, #187, #269, #1685 ) ) ;
#1617 = DIRECTION ( 'NONE',  ( -2.891205793294678819E-16, 1.000000000000000000, 0.000000000000000000 ) ) ;
#1618 = AXIS2_PLACEMENT_3D ( 'NONE', #1914, #1060, #604 ) ;
#1619 = CARTESIAN_POINT ( 'NONE',  ( 61.62136167400267084, 2.153278340292255066, 100.7040246471360803 ) ) ;
#1620 = LINE ( 'NONE', #1416, #938 ) ;
#1621 = AXIS2_PLACEMENT_3D ( 'NONE', #144, #1495, #667 ) ;
#1622 = AXIS2_PLACEMENT_3D ( 'NONE', #646, #128, #1003 ) ;
#1623 = CARTESIAN_POINT ( 'NONE',  ( 126.6562729022457887, 35.33219767677406509, 93.39305477495994978 ) ) ;
#1624 = DIRECTION ( 'NONE',  ( -2.891205793294678819E-16, 1.000000000000000000, 0.000000000000000000 ) ) ;
#1625 = AXIS2_PLACEMENT_3D ( 'NONE', #718, #61, #1403 ) ;
#1626 = CARTESIAN_POINT ( 'NONE',  ( 136.3372705995551826, -11.50723795067380983, 57.01525208048227711 ) ) ;
#1627 = VERTEX_POINT ( 'NONE', #1958 ) ;
#1628 = EDGE_CURVE ( 'NONE', #1872, #993, #1035, .T. ) ;
#1629 = CARTESIAN_POINT ( 'NONE',  ( 96.22299230386985869, -11.63414371247538170, 50.80797161082768554 ) ) ;
#1630 = EDGE_LOOP ( 'NONE', ( #1051, #1120, #378, #895, #1879, #2097, #2090, #2175, #788, #1612 ) ) ;
#1631 = CARTESIAN_POINT ( 'NONE',  ( 89.59404763844148079, -7.999999999999901412, 86.32392002758497540 ) ) ;
#1632 = EDGE_CURVE ( 'NONE', #543, #967, #1603, .T. ) ;
#1633 = MANIFOLD_SOLID_BREP ( 'Fillet5', #1472 ) ;
#1634 = CARTESIAN_POINT ( 'NONE',  ( 63.09900005321196659, -7.216034732576918742, 91.31069544769621871 ) ) ;
#1635 = CARTESIAN_POINT ( 'NONE',  ( 133.3372705995551826, 44.50000000000010658, 58.76880016271352503 ) ) ;
#1636 = CARTESIAN_POINT ( 'NONE',  ( 126.2472650178451374, -14.00208788725513998, 83.62160650318159583 ) ) ;
#1637 = CARTESIAN_POINT ( 'NONE',  ( 133.3696675362863857, -15.49999999999988454, 58.11462678449223063 ) ) ;
#1638 = ORIENTED_EDGE ( 'NONE', *, *, #1520, .F. ) ;
#1639 = CARTESIAN_POINT ( 'NONE',  ( 123.4883642834601716, -5.304826157473170767, 95.09181979024043585 ) ) ;
#1640 = CARTESIAN_POINT ( 'NONE',  ( 96.23384219771671155, 40.15498652185436157, 50.71333809277201254 ) ) ;
#1641 = EDGE_LOOP ( 'NONE', ( #1839, #1551, #776, #2147, #175 ) ) ;
#1642 = CARTESIAN_POINT ( 'NONE',  ( 62.07637476782888086, -2.930702782902431913, 97.75279373027471763 ) ) ;
#1643 = ORIENTED_EDGE ( 'NONE', *, *, #637, .F. ) ;
#1644 = CARTESIAN_POINT ( 'NONE',  ( 119.5505477022717571, 32.84007133734777284, 96.90706665321884827 ) ) ;
#1645 = CARTESIAN_POINT ( 'NONE',  ( 125.0145437458573525, -15.49999999999988809, 72.69323710678375505 ) ) ;
#1646 = ADVANCED_FACE ( 'NONE', ( #815 ), #82, .F. ) ;
#1647 = ORIENTED_EDGE ( 'NONE', *, *, #668, .F. ) ;
#1648 = EDGE_CURVE ( 'NONE', #1683, #203, #100, .T. ) ;
#1649 = B_SPLINE_CURVE_WITH_KNOTS ( 'NONE', 3,
 ( #1657, #1802, #937, #114, #2164, #1623, #784, #145, #609, #2152, #1644, #1283, #437, #811, #1487, #1317, #309, #1979, #633, #1463, #1106, #2141, #1130, #461, #617, #1999, #286, #1310, #450, #294, #1295, #819, #1811, #961 ),
 .UNSPECIFIED., .F., .F.,
 ( 4, 2, 2, 2, 2, 2, 2, 2, 2, 2, 2, 2, 2, 2, 2, 2, 4 ),
 ( 0.000000000000000000, 0.005538792178130236971, 0.01107758435626047394, 0.01384698044532559416, 0.01661637653439071438, 0.02215516871252093747, 0.02769396089065116057, 0.03323275306878138019, 0.03600214915784649694, 0.03877154524691160675, 0.04015624329144418941, 0.04154094133597677208, 0.04223329035824307381, 0.04292563938050937555, 0.04361798840277567729, 0.04396416291390884551, 0.04431033742504201373 ),
 .UNSPECIFIED. ) ;
#1650 = CARTESIAN_POINT ( 'NONE',  ( -2.068962676963353377E-14, 22.99095146972110371, 21.49999999999999289 ) ) ;
#1651 = CARTESIAN_POINT ( 'NONE',  ( 95.72663662590338163, -15.45959626890242333, 54.99847260282149364 ) ) ;
#1652 = ORIENTED_EDGE ( 'NONE', *, *, #2178, .F. ) ;
#1653 = CARTESIAN_POINT ( 'NONE',  ( 126.8537194941027053, 22.50000000000006040, 39.14432575839223460 ) ) ;
#1654 = CIRCLE ( 'NONE', #1720, 11.39342227016287801 ) ;
#1655 =( BOUNDED_CURVE ( )  B_SPLINE_CURVE ( 3, ( #1786, #1282, #1440, #2117 ),
 .UNSPECIFIED., .F., .T. ) 
 B_SPLINE_CURVE_WITH_KNOTS ( ( 4, 4 ),
 ( 4.712388980384689674, 6.283185307179586232 ),
 .UNSPECIFIED. ) 
 CURVE ( )  GEOMETRIC_REPRESENTATION_ITEM ( )  RATIONAL_B_SPLINE_CURVE ( ( 1.000000000000000000, 0.8047378541243649375, 0.8047378541243649375, 1.000000000000000000 ) ) 
 REPRESENTATION_ITEM ( '' )  );
#1656 = AXIS2_PLACEMENT_3D ( 'NONE', #1176, #862, #190 ) ;
#1657 = CARTESIAN_POINT ( 'NONE',  ( 136.3372705995551826, 37.00000000000010658, 86.50000000000001421 ) ) ;
#1658 = AXIS2_PLACEMENT_3D ( 'NONE', #743, #1761, #949 ) ;
#1659 = PLANE ( 'NONE',  #1327 ) ;
#1660 = EDGE_CURVE ( 'NONE', #1843, #700, #1837, .T. ) ;
#1661 = CIRCLE ( 'NONE', #940, 9.999999999999994671 ) ;
#1662 = DIRECTION ( 'NONE',  ( 2.891205793294678819E-16, -1.000000000000000000, 0.000000000000000000 ) ) ;
#1663 = EDGE_CURVE ( 'NONE', #2122, #333, #1816, .T. ) ;
#1664 = AXIS2_PLACEMENT_3D ( 'NONE', #965, #1124, #499 ) ;
#1665 = ORIENTED_EDGE ( 'NONE', *, *, #1410, .T. ) ;
#1666 = VECTOR ( 'NONE', #1555, 1000.000000000000114 ) ;
#1667 = DIRECTION ( 'NONE',  ( 2.891205793294678819E-16, -1.000000000000000000, -0.000000000000000000 ) ) ;
#1668 = PLANE ( 'NONE',  #1217 ) ;
#1669 = ORIENTED_EDGE ( 'NONE', *, *, #851, .F. ) ;
#1670 = CARTESIAN_POINT ( 'NONE',  ( 94.59224670454807438, 44.50000000000009237, 61.91196700178642942 ) ) ;
#1671 = CARTESIAN_POINT ( 'NONE',  ( 91.40628198771457846, -15.49999999999989697, 83.20398555077447611 ) ) ;
#1672 = ORIENTED_EDGE ( 'NONE', *, *, #225, .T. ) ;
#1673 = CARTESIAN_POINT ( 'NONE',  ( 135.3200502730461210, 43.75983255094902091, 71.48403632434992971 ) ) ;
#1674 = CARTESIAN_POINT ( 'NONE',  ( 7.074332303854852455, 34.74046477356043283, 21.50000000000000000 ) ) ;
#1675 = DIRECTION ( 'NONE',  ( -1.000000000000000000, -2.891205793294678819E-16, 0.000000000000000000 ) ) ;
#1676 = ORIENTED_EDGE ( 'NONE', *, *, #442, .T. ) ;
#1677 = CARTESIAN_POINT ( 'NONE',  ( 136.3372705995551826, 37.00000000000010658, 21.50000000000000000 ) ) ;
#1678 = CARTESIAN_POINT ( 'NONE',  ( 94.59224670454808859, -10.49999999999989697, 61.91196700178642942 ) ) ;
#1679 = CARTESIAN_POINT ( 'NONE',  ( 87.56086331287545477, 37.00000000000009237, 17.82664882822696129 ) ) ;
#1680 = CARTESIAN_POINT ( 'NONE',  ( 86.79504389387463448, 39.50000000000009948, 86.50000000000001421 ) ) ;
#1681 = EDGE_LOOP ( 'NONE', ( #2088, #1996, #1469, #328, #1009 ) ) ;
#1682 = DIRECTION ( 'NONE',  ( -1.000000000000000000, -2.891205793294678819E-16, 0.000000000000000000 ) ) ;
#1683 = VERTEX_POINT ( 'NONE', #803 ) ;
#1684 = DIRECTION ( 'NONE',  ( 0.000000000000000000, 0.000000000000000000, 1.000000000000000000 ) ) ;
#1685 = ORIENTED_EDGE ( 'NONE', *, *, #390, .T. ) ;
#1686 = DIRECTION ( 'NONE',  ( -2.891205793294678819E-16, 1.000000000000000000, 0.000000000000000000 ) ) ;
#1687 = TOROIDAL_SURFACE ( 'NONE', #1658, 8.393422270162879784, 3.000000000000000000 ) ;
#1688 = CARTESIAN_POINT ( 'NONE',  ( 90.30218085253437721, 44.31902839014900763, 86.27937272140478342 ) ) ;
#1689 = CARTESIAN_POINT ( 'NONE',  ( 136.3372705995551826, 37.00000000000010658, 49.13098088107072670 ) ) ;
#1690 = VECTOR ( 'NONE', #174, 1000.000000000000114 ) ;
#1691 = EDGE_CURVE ( 'NONE', #1529, #1286, #1492, .T. ) ;
#1692 = CARTESIAN_POINT ( 'NONE',  ( 1.520627131282531463, 28.65102984358854954, 21.50000000000000000 ) ) ;
#1693 = VECTOR ( 'NONE', #946, 1000.000000000000000 ) ;
#1694 = VERTEX_POINT ( 'NONE', #290 ) ;
#1695 = VECTOR ( 'NONE', #1369, 1000.000000000000000 ) ;
#1696 = CARTESIAN_POINT ( 'NONE',  ( 96.23752803156996549, 44.50000000000009237, 50.68113359558679321 ) ) ;
#1697 = EDGE_CURVE ( 'NONE', #1783, #2196, #1801, .T. ) ;
#1698 = ORIENTED_EDGE ( 'NONE', *, *, #2178, .T. ) ;
#1699 = LINE ( 'NONE', #1886, #2044 ) ;
#1700 = EDGE_CURVE ( 'NONE', #977, #1150, #638, .T. ) ;
#1701 = DIRECTION ( 'NONE',  ( -2.891205793294678819E-16, 1.000000000000000000, 0.000000000000000000 ) ) ;
#1702 = PLANE ( 'NONE',  #1145 ) ;
#1703 = CARTESIAN_POINT ( 'NONE',  ( 63.48694316731409515, 36.80899901772359328, 88.93594033129357967 ) ) ;
#1704 = DIRECTION ( 'NONE',  ( 1.000000000000000000, 2.731543483903756852E-16, 0.000000000000000000 ) ) ;
#1705 = CARTESIAN_POINT ( 'NONE',  ( 63.89162835495707071, -7.999999999999906741, 86.50000000000001421 ) ) ;
#1706 = EDGE_LOOP ( 'NONE', ( #1537, #38, #1133, #456 ) ) ;
#1707 = CARTESIAN_POINT ( 'NONE',  ( 125.5406704618086451, -12.49999999999988987, 81.05665645463120939 ) ) ;
#1708 = ORIENTED_EDGE ( 'NONE', *, *, #929, .T. ) ;
#1709 = CARTESIAN_POINT ( 'NONE',  ( 136.3372705995552110, 39.50000000000011369, 53.99999999999999289 ) ) ;
#1710 = CARTESIAN_POINT ( 'NONE',  ( 87.56086331287546898, -7.999999999999899636, 17.82664882822696129 ) ) ;
#1711 = PLANE ( 'NONE',  #875 ) ;
#1712 = DIRECTION ( 'NONE',  ( 0.1297812071143525647, 3.752241778697927103E-17, 0.9915426558045505878 ) ) ;
#1713 = VERTEX_POINT ( 'NONE', #1313 ) ;
#1714 = EDGE_CURVE ( 'NONE', #1780, #2077, #1134, .T. ) ;
#1715 = CARTESIAN_POINT ( 'NONE',  ( 89.40569570256928955, -10.49999999999990052, 83.32983860780808527 ) ) ;
#1716 = ORIENTED_EDGE ( 'NONE', *, *, #1392, .F. ) ;
#1717 = CARTESIAN_POINT ( 'NONE',  ( 86.79504389387466290, -7.999999999999901412, 86.50000000000001421 ) ) ;
#1718 = EDGE_CURVE ( 'NONE', #1806, #2038, #1818, .T. ) ;
#1719 = DIRECTION ( 'NONE',  ( 0.000000000000000000, 1.000000000000000000, 0.000000000000000000 ) ) ;
#1720 = AXIS2_PLACEMENT_3D ( 'NONE', #1942, #1430, #2106 ) ;
#1721 = ORIENTED_EDGE ( 'NONE', *, *, #637, .T. ) ;
#1722 = CIRCLE ( 'NONE', #971, 6.350707891706871777 ) ;
#1723 = CARTESIAN_POINT ( 'NONE',  ( 86.18849561830928963, 44.00010904379472265, 60.31562004312237235 ) ) ;
#1724 = CIRCLE ( 'NONE', #2183, 11.39342227016287801 ) ;
#1725 = ORIENTED_EDGE ( 'NONE', *, *, #540, .F. ) ;
#1726 = VECTOR ( 'NONE', #1380, 1000.000000000000000 ) ;
#1727 = CARTESIAN_POINT ( 'NONE',  ( 126.2684508055156272, 42.46656646897918108, 83.86331963627191044 ) ) ;
#1728 = ORIENTED_EDGE ( 'NONE', *, *, #1889, .T. ) ;
#1729 = AXIS2_PLACEMENT_3D ( 'NONE', #1453, #2119, #1272 ) ;
#1730 = CARTESIAN_POINT ( 'NONE',  ( 136.3372705995552110, 43.76404730353745265, 56.31201091104873768 ) ) ;
#1731 = LINE ( 'NONE', #400, #1666 ) ;
#1732 = CARTESIAN_POINT ( 'NONE',  ( 134.6669381865571324, -15.19630613149987042, 71.52281891898343247 ) ) ;
#1733 = EDGE_CURVE ( 'NONE', #2026, #1425, #1861, .T. ) ;
#1734 = CARTESIAN_POINT ( 'NONE',  ( 89.84654885472413355, -11.50723795067042410, 86.30803565898271756 ) ) ;
#1735 = ORIENTED_EDGE ( 'NONE', *, *, #68, .F. ) ;
#1736 = B_SPLINE_CURVE_WITH_KNOTS ( 'NONE', 3,
 ( #1248, #740, #931, #1447, #95, #422, #1434, #956, #1946, #443, #911, #622, #766, #233, #1424, #255, #411, #1985, #2123, #454, #1304, #1969, #591, #2098, #1081, #1639, #1771, #777, #1593, #1757, #245, #601, #69, #1277 ),
 .UNSPECIFIED., .F., .F.,
 ( 4, 2, 2, 2, 2, 2, 2, 2, 2, 2, 2, 2, 2, 2, 2, 2, 4 ),
 ( 4.336808689942017736E-18, 0.0003511932270671410468, 0.0007023864541342777568, 0.001404772908268551827, 0.002107159362402826006, 0.002809545816537100185, 0.004214318724805684972, 0.005619091633074268892, 0.008428637449611437599, 0.01123818326614860544, 0.01685727489922298969, 0.02247636653229737394, 0.02809545816537175125, 0.03090500398190895379, 0.03371454979844615979, 0.03933364143152057874, 0.04495273306459500462 ),
 .UNSPECIFIED. ) ;
#1737 = CARTESIAN_POINT ( 'NONE',  ( 126.2472709097350361, 43.00196872910986912, 83.62167363617956539 ) ) ;
#1738 = ORIENTED_EDGE ( 'NONE', *, *, #471, .F. ) ;
#1739 = DIRECTION ( 'NONE',  ( 0.000000000000000000, 0.000000000000000000, -1.000000000000000000 ) ) ;
#1740 = DIRECTION ( 'NONE',  ( 1.000000000000000000, 1.734723475976805615E-16, 0.000000000000000000 ) ) ;
#1741 = EDGE_CURVE ( 'NONE', #333, #2017, #1480, .T. ) ;
#1742 = CARTESIAN_POINT ( 'NONE',  ( 61.50000000000011369, 22.00000000000009592, 21.50000000000000000 ) ) ;
#1743 = DIRECTION ( 'NONE',  ( 1.000000000000000000, 3.167075139884830813E-16, 0.000000000000000000 ) ) ;
#1744 = CARTESIAN_POINT ( 'NONE',  ( 87.72774249793275203, -13.47834968235184228, 86.44132571462392889 ) ) ;
#1745 = EDGE_CURVE ( 'NONE', #1150, #913, #594, .T. ) ;
#1746 = VERTEX_POINT ( 'NONE', #403 ) ;
#1747 = EDGE_CURVE ( 'NONE', #2061, #749, #77, .T. ) ;
#1748 = DIRECTION ( 'NONE',  ( -1.000000000000000000, -2.891205793294678819E-16, 0.000000000000000000 ) ) ;
#1749 = ORIENTED_EDGE ( 'NONE', *, *, #1245, .F. ) ;
#1750 = DIRECTION ( 'NONE',  ( 2.891205793294678819E-16, -1.000000000000000000, -0.000000000000000000 ) ) ;
#1751 = CARTESIAN_POINT ( 'NONE',  ( 136.3372705995551826, 37.00000000000010658, 101.5000000000000000 ) ) ;
#1752 = FACE_OUTER_BOUND ( 'NONE', #1433, .T. ) ;
#1753 = CARTESIAN_POINT ( 'NONE',  ( 0.5095851719236907940, 3.094177652572172921, 21.50000000000000000 ) ) ;
#1754 = DIRECTION ( 'NONE',  ( -1.000000000000000000, -2.891205793294678819E-16, 0.000000000000000000 ) ) ;
#1755 = CARTESIAN_POINT ( 'NONE',  ( 90.94432503113763744, -15.47368762329526426, 86.23897665924442890 ) ) ;
#1756 = ORIENTED_EDGE ( 'NONE', *, *, #1346, .T. ) ;
#1757 = CARTESIAN_POINT ( 'NONE',  ( 128.9786755946917935, -6.987357263384019745, 92.01314683933772187 ) ) ;
#1758 = AXIS2_PLACEMENT_3D ( 'NONE', #1895, #213, #2039 ) ;
#1759 = CARTESIAN_POINT ( 'NONE',  ( 136.3372705995551826, 41.50000000000010658, 57.59322144514952413 ) ) ;
#1760 = ORIENTED_EDGE ( 'NONE', *, *, #781, .F. ) ;
#1761 = DIRECTION ( 'NONE',  ( 2.891205793294678819E-16, -1.000000000000000000, 0.000000000000000000 ) ) ;
#1762 = AXIS2_PLACEMENT_3D ( 'NONE', #825, #186, #1518 ) ;
#1763 = CARTESIAN_POINT ( 'NONE',  ( 89.40569570256927534, 44.50000000000009237, 83.32983860780808527 ) ) ;
#1764 = CARTESIAN_POINT ( 'NONE',  ( 91.79650960673794202, 41.50000000000009237, 86.18536735741596999 ) ) ;
#1765 = AXIS2_PLACEMENT_3D ( 'NONE', #1359, #1156, #150 ) ;
#1766 = EDGE_CURVE ( 'NONE', #663, #1529, #1074, .T. ) ;
#1767 = CARTESIAN_POINT ( 'NONE',  ( 95.98720027986833259, 6.500000000000061284, 40.01550454907585674 ) ) ;
#1768 = CARTESIAN_POINT ( 'NONE',  ( 135.3199447204514740, -14.75992605588825946, 71.48404249007030842 ) ) ;
#1769 = CARTESIAN_POINT ( 'NONE',  ( -2.023844055306297163E-15, 7.000000000000075495, 21.50000000000000000 ) ) ;
#1770 = ORIENTED_EDGE ( 'NONE', *, *, #2127, .T. ) ;
#1771 = CARTESIAN_POINT ( 'NONE',  ( 124.2819634886765670, -5.577478390938374275, 94.68864430536770271 ) ) ;
#1772 = CARTESIAN_POINT ( 'NONE',  ( 136.4079660160202252, 37.00000000000009948, 72.69323710678375505 ) ) ;
#1773 = ORIENTED_EDGE ( 'NONE', *, *, #1909, .T. ) ;
#1774 = CARTESIAN_POINT ( 'NONE',  ( 125.0145437458573525, 44.50000000000009948, 72.69323710678375505 ) ) ;
#1775 = CARTESIAN_POINT ( 'NONE',  ( 136.3372705995551826, 22.50000000000006040, 86.50000000000002842 ) ) ;
#1776 = CARTESIAN_POINT ( 'NONE',  ( 136.3372705995551826, 37.00000000000010658, 86.50000000000001421 ) ) ;
#1777 = DIRECTION ( 'NONE',  ( 1.000000000000000000, 2.891205793294678819E-16, 0.000000000000000000 ) ) ;
#1778 = CARTESIAN_POINT ( 'NONE',  ( 133.4079660160202252, -12.49999999999988809, 72.69323710678375505 ) ) ;
#1779 = CARTESIAN_POINT ( 'NONE',  ( 88.72001004942408997, 39.50000000000009948, 62.68057333163187650 ) ) ;
#1780 = VERTEX_POINT ( 'NONE', #1535 ) ;
#1781 = EDGE_CURVE ( 'NONE', #2169, #636, #1303, .T. ) ;
#1782 = CARTESIAN_POINT ( 'NONE',  ( 95.66597873287587106, 44.50000000000009237, 55.48772769850982911 ) ) ;
#1783 = VERTEX_POINT ( 'NONE', #917 ) ;
#1784 = CARTESIAN_POINT ( 'NONE',  ( 136.3372705995551826, -7.999999999999885425, 49.13098088107072670 ) ) ;
#1785 = LINE ( 'NONE', #1281, #54 ) ;
#1786 = CARTESIAN_POINT ( 'NONE',  ( 136.3372705995552110, -12.49999999999988631, 58.76880016271352503 ) ) ;
#1787 = CARTESIAN_POINT ( 'NONE',  ( 94.59224670454807438, 37.00000000000009237, 61.91196700178642942 ) ) ;
#1788 = FACE_OUTER_BOUND ( 'NONE', #198, .T. ) ;
#1789 = EDGE_CURVE ( 'NONE', #492, #977, #171, .T. ) ;
#1790 = CARTESIAN_POINT ( 'NONE',  ( 95.98720027986834680, -48.31320215137652951, 40.01550454907585674 ) ) ;
#1791 = ADVANCED_FACE ( 'NONE', ( #183 ), #1417, .T. ) ;
#1792 = ORIENTED_EDGE ( 'NONE', *, *, #494, .T. ) ;
#1793 = SURFACE_STYLE_USAGE ( .BOTH. , #1092 ) ;
#1794 = CARTESIAN_POINT ( 'NONE',  ( 96.23384219771668313, -11.15498652185415729, 50.71333809277201254 ) ) ;
#1795 = VECTOR ( 'NONE', #1928, 1000.000000000000000 ) ;
#1796 = VERTEX_POINT ( 'NONE', #1599 ) ;
#1797 = CARTESIAN_POINT ( 'NONE',  ( 94.59224670454807438, 39.50000000000009948, 61.91196700178642942 ) ) ;
#1798 = AXIS2_PLACEMENT_3D ( 'NONE', #597, #1608, #1916 ) ;
#1799 = DIRECTION ( 'NONE',  ( 2.891205793294678819E-16, -1.000000000000000000, -0.000000000000000000 ) ) ;
#1800 = VECTOR ( 'NONE', #291, 1000.000000000000000 ) ;
#1801 = CIRCLE ( 'NONE', #1622, 3.000000000000002665 ) ;
#1802 = CARTESIAN_POINT ( 'NONE',  ( 134.9231618079628561, 37.00000000000009948, 87.72749292268169086 ) ) ;
#1803 = DIRECTION ( 'NONE',  ( -2.891205793294678819E-16, 1.000000000000000000, -6.226085460011491012E-33 ) ) ;
#1804 = AXIS2_PLACEMENT_3D ( 'NONE', #1787, #428, #261 ) ;
#1805 = LINE ( 'NONE', #452, #1870 ) ;
#1806 = VERTEX_POINT ( 'NONE', #1194 ) ;
#1807 = EDGE_CURVE ( 'NONE', #1694, #1306, #1981, .T. ) ;
#1808 = ORIENTED_EDGE ( 'NONE', *, *, #1386, .T. ) ;
#1809 = CARTESIAN_POINT ( 'NONE',  ( 63.72815686461598261, -7.970010001910651454, 87.47912657929184377 ) ) ;
#1810 = EDGE_CURVE ( 'NONE', #1806, #1425, #746, .T. ) ;
#1811 = CARTESIAN_POINT ( 'NONE',  ( 98.91863529977781866, 22.11808087737001927, 101.5000000000000426 ) ) ;
#1812 = ADVANCED_FACE ( 'NONE', ( #2083 ), #1711, .F. ) ;
#1813 = CARTESIAN_POINT ( 'NONE',  ( 126.2817957424203001, -12.69812189922312129, 84.01596396048162774 ) ) ;
#1814 = CARTESIAN_POINT ( 'NONE',  ( 136.3372705995551826, -12.44794534918636764, 58.24351444705914815 ) ) ;
#1815 = ORIENTED_EDGE ( 'NONE', *, *, #1628, .F. ) ;
#1816 = LINE ( 'NONE', #2033, #694 ) ;
#1817 = CARTESIAN_POINT ( 'NONE',  ( 96.20124728991322627, -12.26265413325277720, 50.99735073505059546 ) ) ;
#1818 = B_SPLINE_CURVE_WITH_KNOTS ( 'NONE', 3,
 ( #2015, #1650, #2167, #467, #322, #159, #2187, #1692, #822, #1321, #1347, #1827, #974, #985, #1500, #1674, #2002, #475, #330, #1144, #2024, #830, #1513, #173, #140 ),
 .UNSPECIFIED., .F., .F.,
 ( 4, 2, 2, 2, 2, 2, 2, 2, 2, 1, 2, 2, 4 ),
 ( 3.491401907992816423E-18, 0.002930646226943472554, 0.004395969340415212083, 0.005861292453886952046, 0.008791938680830431105, 0.01025726179430217107, 0.01172258490777391103, 0.01465323113471738922, 0.01611855424818913265, 0.01758387736166087609, 0.01904920047513261952, 0.02051452358860435948, 0.02344516981554784982 ),
 .UNSPECIFIED. ) ;
#1819 = ORIENTED_EDGE ( 'NONE', *, *, #2140, .T. ) ;
#1820 = ADVANCED_FACE ( 'NONE', ( #723 ), #1406, .F. ) ;
#1821 = CARTESIAN_POINT ( 'NONE',  ( 62.29040831873567896, -4.327448306239617182, 96.38155800305756316 ) ) ;
#1822 = ADVANCED_FACE ( 'NONE', ( #251 ), #643, .T. ) ;
#1823 = CARTESIAN_POINT ( 'NONE',  ( 61.50000000000011369, 7.000000000000093259, 101.5000000000000000 ) ) ;
#1824 = CYLINDRICAL_SURFACE ( 'NONE', #1615, 3.000000000000002665 ) ;
#1825 = LINE ( 'NONE', #311, #942 ) ;
#1826 = ORIENTED_EDGE ( 'NONE', *, *, #1355, .F. ) ;
#1827 = CARTESIAN_POINT ( 'NONE',  ( 3.720495181932126361, 31.89646530907694455, 21.49999999999999645 ) ) ;
#1828 = DIRECTION ( 'NONE',  ( -1.000000000000000000, -2.891205793294678819E-16, 0.000000000000000000 ) ) ;
#1829 = ORIENTED_EDGE ( 'NONE', *, *, #2139, .T. ) ;
#1830 = CARTESIAN_POINT ( 'NONE',  ( 89.40569570256928955, -7.999999999999899636, 83.32983860780809948 ) ) ;
#1831 = VECTOR ( 'NONE', #158, 1000.000000000000000 ) ;
#1832 = LINE ( 'NONE', #2170, #904 ) ;
#1833 = ORIENTED_EDGE ( 'NONE', *, *, #1141, .T. ) ;
#1834 = VECTOR ( 'NONE', #281, 1000.000000000000000 ) ;
#1835 = CARTESIAN_POINT ( 'NONE',  ( 91.60815767086576500, -15.49999999999989875, 83.19128593763907986 ) ) ;
#1836 = CIRCLE ( 'NONE', #804, 87.63788160908059410 ) ;
#1837 = CIRCLE ( 'NONE', #874, 3.000000000000002665 ) ;
#1838 = DIRECTION ( 'NONE',  ( -1.000000000000000000, 0.000000000000000000, 0.000000000000000000 ) ) ;
#1839 = ORIENTED_EDGE ( 'NONE', *, *, #168, .T. ) ;
#1840 = VECTOR ( 'NONE', #1597, 1000.000000000000000 ) ;
#1841 = DIRECTION ( 'NONE',  ( -2.891205793294679312E-16, 1.000000000000000000, -0.000000000000000000 ) ) ;
#1842 = CARTESIAN_POINT ( 'NONE',  ( 87.56086331287545477, 22.00000000000009592, 17.82664882822696129 ) ) ;
#1843 = VERTEX_POINT ( 'NONE', #273 ) ;
#1844 = CARTESIAN_POINT ( 'NONE',  ( 91.40628198771457846, -12.49999999999989875, 83.20398555077447611 ) ) ;
#1845 = DIRECTION ( 'NONE',  ( -0.1297812071143525647, 0.000000000000000000, -0.9915426558045505878 ) ) ;
#1846 = CARTESIAN_POINT ( 'NONE',  ( 117.3701683886502138, 22.50000000000006040, 21.50000000000000000 ) ) ;
#1847 = DIRECTION ( 'NONE',  ( -1.000000000000000000, -3.045131541415269181E-16, 0.000000000000000000 ) ) ;
#1848 = EDGE_LOOP ( 'NONE', ( #981, #645, #996, #110 ) ) ;
#1849 = CARTESIAN_POINT ( 'NONE',  ( 89.40569570256927534, 37.00000000000009237, 83.32983860780808527 ) ) ;
#1850 = DIRECTION ( 'NONE',  ( -2.891205793294678819E-16, 1.000000000000000000, 0.000000000000000000 ) ) ;
#1851 = ORIENTED_EDGE ( 'NONE', *, *, #1718, .F. ) ;
#1852 = CARTESIAN_POINT ( 'NONE',  ( 96.23752803156996549, 39.50000000000009948, 50.68113359558679321 ) ) ;
#1853 = CYLINDRICAL_SURFACE ( 'NONE', #1183, 2.999999999999998668 ) ;
#1854 = LINE ( 'NONE', #1013, #272 ) ;
#1855 = DIRECTION ( 'NONE',  ( 1.000000000000000000, 3.045131541415269181E-16, 0.000000000000000000 ) ) ;
#1856 = EDGE_LOOP ( 'NONE', ( #1491, #1602 ) ) ;
#1857 = EDGE_CURVE ( 'NONE', #846, #648, #1096, .T. ) ;
#1858 = CARTESIAN_POINT ( 'NONE',  ( 126.8537194941027053, 37.00000000000010658, 39.14432575839223460 ) ) ;
#1859 = ORIENTED_EDGE ( 'NONE', *, *, #124, .F. ) ;
#1860 = ADVANCED_FACE ( 'NONE', ( #135 ), #952, .T. ) ;
#1861 = B_SPLINE_CURVE_WITH_KNOTS ( 'NONE', 3,
 ( #1332, #488, #664, #842, #1525, #2198, #905, #1927, #2105, #683, #735, #418, #224, #563, #1917, #509, #584, #88, #1088, #1869, #1753, #353, #2094, #1178, #11 ),
 .UNSPECIFIED., .F., .F.,
 ( 4, 2, 2, 2, 2, 2, 2, 2, 2, 1, 2, 2, 4 ),
 ( 0.000000000000000000, 0.002930650180021972945, 0.004395975270032962019, 0.005861300360043951094, 0.008791950540065932712, 0.01025727563007692265, 0.01172260072008791260, 0.01465325090010989595, 0.01611857599012088763, 0.01758390108013187930, 0.01904922617014287098, 0.02051455126015386266, 0.02344520144017584601 ),
 .UNSPECIFIED. ) ;
#1862 = CARTESIAN_POINT ( 'NONE',  ( 126.0150693026249655, 44.50000000000009948, 81.02681293085358050 ) ) ;
#1863 = EDGE_LOOP ( 'NONE', ( #212, #2144, #589, #1605, #355 ) ) ;
#1864 = PLANE ( 'NONE',  #1368 ) ;
#1865 = CARTESIAN_POINT ( 'NONE',  ( 87.11323320979923324, -15.34167355486650663, 60.34624850078387936 ) ) ;
#1866 = DIRECTION ( 'NONE',  ( 0.9965924508071394294, 2.881353867327343853E-16, 0.08248325281061333336 ) ) ;
#1867 = CARTESIAN_POINT ( 'NONE',  ( 63.68759342648405664, 36.95203928485850042, 87.72318489468248970 ) ) ;
#1868 = VECTOR ( 'NONE', #121, 1000.000000000000000 ) ;
#1869 = CARTESIAN_POINT ( 'NONE',  ( 0.7959841043504187752, 2.155776395853856719, 21.50000000000000000 ) ) ;
#1870 = VECTOR ( 'NONE', #1299, 1000.000000000000000 ) ;
#1871 = PLANE ( 'NONE',  #722 ) ;
#1872 = VERTEX_POINT ( 'NONE', #1671 ) ;
#1873 = AXIS2_PLACEMENT_3D ( 'NONE', #1679, #1701, #1378 ) ;
#1874 = LINE ( 'NONE', #306, #872 ) ;
#1875 = ORIENTED_EDGE ( 'NONE', *, *, #1697, .T. ) ;
#1876 = CARTESIAN_POINT ( 'NONE',  ( 136.3372705995551826, 44.46776867081891993, 58.11797096708916399 ) ) ;
#1877 = CARTESIAN_POINT ( 'NONE',  ( 117.3701683886502138, 6.500000000000064837, 97.73642941163744524 ) ) ;
#1878 = EDGE_CURVE ( 'NONE', #1136, #1746, #810, .T. ) ;
#1879 = ORIENTED_EDGE ( 'NONE', *, *, #549, .F. ) ;
#1880 = DIRECTION ( 'NONE',  ( 2.891205793294678819E-16, -1.000000000000000000, 0.000000000000000000 ) ) ;
#1881 = CARTESIAN_POINT ( 'NONE',  ( 90.61979039799538782, -10.49999999999989875, 77.19510354869085234 ) ) ;
#1882 = VERTEX_POINT ( 'NONE', #2130 ) ;
#1883 = EDGE_CURVE ( 'NONE', #122, #2100, #498, .T. ) ;
#1884 = CARTESIAN_POINT ( 'NONE',  ( 126.2171046598558632, 43.48231296596600970, 83.27881273024868847 ) ) ;
#1885 = ORIENTED_EDGE ( 'NONE', *, *, #2193, .T. ) ;
#1886 = CARTESIAN_POINT ( 'NONE',  ( 88.31912657737147754, -15.49999999999989875, 59.61777963919092116 ) ) ;
#1887 = DIRECTION ( 'NONE',  ( -2.891205793294678819E-16, 1.000000000000000000, 0.000000000000000000 ) ) ;
#1888 = CARTESIAN_POINT ( 'NONE',  ( 136.3372705995552110, 41.50000000000009948, 71.42598511022080743 ) ) ;
#1889 = EDGE_CURVE ( 'NONE', #1503, #1207, #908, .T. ) ;
#1890 = CARTESIAN_POINT ( 'NONE',  ( 63.09896131454657819, 36.21595357677789906, 91.31093450473757400 ) ) ;
#1891 = CARTESIAN_POINT ( 'NONE',  ( 89.99483141369711348, -11.72909344764551420, 86.29870748679134351 ) ) ;
#1892 = ORIENTED_EDGE ( 'NONE', *, *, #951, .T. ) ;
#1893 = DIRECTION ( 'NONE',  ( 0.000000000000000000, 0.000000000000000000, -1.000000000000000000 ) ) ;
#1894 = ORIENTED_EDGE ( 'NONE', *, *, #112, .T. ) ;
#1895 = CARTESIAN_POINT ( 'NONE',  ( 125.0145437458573525, 41.50000000000009948, 72.69323710678375505 ) ) ;
#1896 = LINE ( 'NONE', #1915, #1840 ) ;
#1897 = EDGE_CURVE ( 'NONE', #620, #543, #1649, .T. ) ;
#1898 = DIRECTION ( 'NONE',  ( 0.000000000000000000, -1.000000000000000000, 0.000000000000000000 ) ) ;
#1899 = CARTESIAN_POINT ( 'NONE',  ( 88.09177025305159248, 44.49203332538392175, 60.38956764950809486 ) ) ;
#1900 = AXIS2_PLACEMENT_3D ( 'NONE', #1184, #347, #16 ) ;
#1901 = VERTEX_POINT ( 'NONE', #472 ) ;
#1902 = CIRCLE ( 'NONE', #481, 3.000000000000002665 ) ;
#1903 = DIRECTION ( 'NONE',  ( 1.000000000000000000, 0.000000000000000000, -0.000000000000000000 ) ) ;
#1904 = ORIENTED_EDGE ( 'NONE', *, *, #1907, .T. ) ;
#1905 = CARTESIAN_POINT ( 'NONE',  ( 136.3372705995551826, 40.50723795067426636, 57.01525208048227711 ) ) ;
#1906 = CARTESIAN_POINT ( 'NONE',  ( 88.42242958899871041, -15.49999999999989875, 60.40702597753934810 ) ) ;
#1907 = EDGE_CURVE ( 'NONE', #1306, #1872, #1138, .T. ) ;
#1908 = CYLINDRICAL_SURFACE ( 'NONE', #2043, 15.00000000000000000 ) ;
#1909 = EDGE_CURVE ( 'NONE', #1215, #993, #1854, .T. ) ;
#1910 = CARTESIAN_POINT ( 'NONE',  ( 89.59404763844148079, -10.49999999999990052, 86.32392002758497540 ) ) ;
#1911 = ORIENTED_EDGE ( 'NONE', *, *, #1557, .F. ) ;
#1912 = DIRECTION ( 'NONE',  ( 0.000000000000000000, 0.000000000000000000, 1.000000000000000000 ) ) ;
#1913 = ORIENTED_EDGE ( 'NONE', *, *, #695, .T. ) ;
#1914 = CARTESIAN_POINT ( 'NONE',  ( 95.98720027986833259, 22.50000000000005329, 40.01550454907585674 ) ) ;
#1915 = CARTESIAN_POINT ( 'NONE',  ( 61.50000000000011369, 22.00000000000009592, 21.50000000000000000 ) ) ;
#1916 = DIRECTION ( 'NONE',  ( -1.000000000000000000, 0.000000000000000000, 0.000000000000000000 ) ) ;
#1917 = CARTESIAN_POINT ( 'NONE',  ( 3.089849337497450499, -2.168042150926669187, 21.50000000000000000 ) ) ;
#1918 = CARTESIAN_POINT ( 'NONE',  ( 62.40921681783479613, 33.94563289540248974, 95.62538550141024984 ) ) ;
#1919 = CARTESIAN_POINT ( 'NONE',  ( 88.25886846660235108, 44.50000000000009948, 60.39812274140927428 ) ) ;
#1920 = EDGE_LOOP ( 'NONE', ( #1494, #335, #523, #106 ) ) ;
#1921 = PLANE ( 'NONE',  #1109 ) ;
#1922 = ADVANCED_FACE ( 'NONE', ( #1024, #1036 ), #197, .F. ) ;
#1923 = ORIENTED_EDGE ( 'NONE', *, *, #787, .T. ) ;
#1924 = LINE ( 'NONE', #425, #1474 ) ;
#1925 = CARTESIAN_POINT ( 'NONE',  ( 117.3701683886502138, -7.999999999999890754, 29.15767063571373541 ) ) ;
#1926 = FACE_OUTER_BOUND ( 'NONE', #220, .T. ) ;
#1927 = CARTESIAN_POINT ( 'NONE',  ( 8.363491737850795360, -6.483840585574441207, 21.49999999999999645 ) ) ;
#1928 = DIRECTION ( 'NONE',  ( 0.000000000000000000, 0.000000000000000000, -1.000000000000000000 ) ) ;
#1929 = DIRECTION ( 'NONE',  ( 0.000000000000000000, 0.000000000000000000, 1.000000000000000000 ) ) ;
#1930 = ORIENTED_EDGE ( 'NONE', *, *, #549, .T. ) ;
#1931 = VECTOR ( 'NONE', #163, 1000.000000000000000 ) ;
#1932 = CIRCLE ( 'NONE', #52, 2.999999999999998668 ) ;
#1933 = CARTESIAN_POINT ( 'NONE',  ( 96.16214457695934925, -13.00378342660667919, 51.33690200725964559 ) ) ;
#1934 = ORIENTED_EDGE ( 'NONE', *, *, #1269, .T. ) ;
#1935 = FACE_OUTER_BOUND ( 'NONE', #887, .T. ) ;
#1936 = CIRCLE ( 'NONE', #1258, 87.63788160908059410 ) ;
#1937 = FACE_OUTER_BOUND ( 'NONE', #656, .T. ) ;
#1938 = CARTESIAN_POINT ( 'NONE',  ( 136.1838592382253523, 42.46726492378764561, 71.43456531660618225 ) ) ;
#1939 = VECTOR ( 'NONE', #1481, 1000.000000000000000 ) ;
#1940 = VECTOR ( 'NONE', #2063, 1000.000000000000000 ) ;
#1941 = DIRECTION ( 'NONE',  ( 2.891205793294678819E-16, -1.000000000000000000, 0.000000000000000000 ) ) ;
#1942 = CARTESIAN_POINT ( 'NONE',  ( 125.0145437458573525, -7.999999999999888978, 72.69323710678375505 ) ) ;
#1943 = EDGE_CURVE ( 'NONE', #2038, #1499, #137, .T. ) ;
#1944 = CARTESIAN_POINT ( 'NONE',  ( 133.5782799026001726, -11.80873944696639199, 53.90223295390614311 ) ) ;
#1945 = VERTEX_POINT ( 'NONE', #1888 ) ;
#1946 = CARTESIAN_POINT ( 'NONE',  ( 100.0656002350077358, 5.597712153931968082, 101.4348877997858693 ) ) ;
#1947 = CARTESIAN_POINT ( 'NONE',  ( 96.04255285136480325, 43.26555081899233102, 52.36520134223258083 ) ) ;
#1948 = EDGE_LOOP ( 'NONE', ( #1080, #580, #1479, #987 ) ) ;
#1949 = DIRECTION ( 'NONE',  ( 2.891205793294678819E-16, -1.000000000000000000, -0.000000000000000000 ) ) ;
#1950 = CARTESIAN_POINT ( 'NONE',  ( 61.50000000000012079, 7.000000000000093259, 101.5000000000000000 ) ) ;
#1951 = CARTESIAN_POINT ( 'NONE',  ( 86.79504389387464869, 37.00000000000009237, 86.50000000000001421 ) ) ;
#1952 = EDGE_CURVE ( 'NONE', #508, #1276, #180, .T. ) ;
#1953 = ADVANCED_FACE ( 'NONE', ( #999 ), #156, .T. ) ;
#1954 = CARTESIAN_POINT ( 'NONE',  ( 133.4822233120385988, 44.50000000000009237, 55.84185042057699633 ) ) ;
#1955 = CARTESIAN_POINT ( 'NONE',  ( 76.50000000000011369, 22.00000000000009592, 21.50000000000000000 ) ) ;
#1956 = CYLINDRICAL_SURFACE ( 'NONE', #1076, 61.55433771986068336 ) ;
#1957 = ORIENTED_EDGE ( 'NONE', *, *, #629, .T. ) ;
#1958 = CARTESIAN_POINT ( 'NONE',  ( 126.2817957424203286, 37.00000000000009948, 84.01596396048161353 ) ) ;
#1959 = LINE ( 'NONE', #256, #1043 ) ;
#1960 = VERTEX_POINT ( 'NONE', #680 ) ;
#1961 = FACE_OUTER_BOUND ( 'NONE', #1330, .T. ) ;
#1962 = CARTESIAN_POINT ( 'NONE',  ( 61.55898069424908670, 3.577961873148219674, 101.1127016397225020 ) ) ;
#1963 = CARTESIAN_POINT ( 'NONE',  ( 136.4079660160202252, 41.50000000000009948, 72.69323710678375505 ) ) ;
#1964 = DIRECTION ( 'NONE',  ( -0.9965924508071394294, -2.881353867327343360E-16, -0.08248325281061336112 ) ) ;
#1965 = EDGE_CURVE ( 'NONE', #1286, #2061, #651, .T. ) ;
#1966 = LINE ( 'NONE', #438, #1005 ) ;
#1967 = DIRECTION ( 'NONE',  ( -1.734723475976805369E-16, 1.000000000000000000, 0.000000000000000000 ) ) ;
#1968 = ORIENTED_EDGE ( 'NONE', *, *, #76, .T. ) ;
#1969 = CARTESIAN_POINT ( 'NONE',  ( 114.6975286135754430, -1.795951241549159860, 98.68149596336830598 ) ) ;
#1970 = CARTESIAN_POINT ( 'NONE',  ( 96.01322597791232738, 43.47248367814263048, 52.61515659061130634 ) ) ;
#1971 = ORIENTED_EDGE ( 'NONE', *, *, #1781, .F. ) ;
#1972 = DIRECTION ( 'NONE',  ( 0.9965924508071392074, 3.017896242664801896E-16, 0.08248325281061333336 ) ) ;
#1973 = ADVANCED_FACE ( 'NONE', ( #1497 ), #518, .T. ) ;
#1974 = AXIS2_PLACEMENT_3D ( 'NONE', #1774, #1750, #59 ) ;
#1975 = CARTESIAN_POINT ( 'NONE',  ( 62.60424953875910603, -5.764019501637224430, 94.39446104128161608 ) ) ;
#1976 = ORIENTED_EDGE ( 'NONE', *, *, #1810, .F. ) ;
#1977 = CIRCLE ( 'NONE', #410, 11.39342227016287801 ) ;
#1978 = PRODUCT_RELATED_PRODUCT_CATEGORY ( 'part', '', ( #1431 ) ) ;
#1979 = CARTESIAN_POINT ( 'NONE',  ( 104.8886700624294406, 26.12398130286053899, 100.9285011176392430 ) ) ;
#1980 = CARTESIAN_POINT ( 'NONE',  ( 133.5847203579870381, -10.49999999999988631, 53.77218440972004032 ) ) ;
#1981 = CIRCLE ( 'NONE', #2013, 8.393422270162876231 ) ;
#1982 = LINE ( 'NONE', #2096, #374 ) ;
#1983 = ADVANCED_FACE ( 'NONE', ( #338 ), #1405, .T. ) ;
#1984 = EDGE_LOOP ( 'NONE', ( #1413, #1815, #2166, #1716 ) ) ;
#1985 = CARTESIAN_POINT ( 'NONE',  ( 106.5553026028977257, 2.036235121257091496, 100.6615763929200256 ) ) ;
#1986 = CARTESIAN_POINT ( 'NONE',  ( 96.20762470611181527, 41.10657250986942302, 50.94185107960652203 ) ) ;
#1987 = ORIENTED_EDGE ( 'NONE', *, *, #1302, .T. ) ;
#1988 = DIRECTION ( 'NONE',  ( 2.891205793294678326E-16, -1.000000000000000000, 4.430211819396771555E-35 ) ) ;
#1989 = ORIENTED_EDGE ( 'NONE', *, *, #1163, .F. ) ;
#1990 = CARTESIAN_POINT ( 'NONE',  ( 125.0145437458573525, 37.00000000000009948, 72.69323710678375505 ) ) ;
#1991 = CARTESIAN_POINT ( 'NONE',  ( 126.1348757877664752, -15.19587912681478592, 82.35245478279638576 ) ) ;
#1992 = CARTESIAN_POINT ( 'NONE',  ( 96.23752803156996549, 37.00000000000009237, 50.68113359558679321 ) ) ;
#1993 = ORIENTED_EDGE ( 'NONE', *, *, #1781, .T. ) ;
#1994 = CARTESIAN_POINT ( 'NONE',  ( 83.36141329834873659, -7.999999999999901412, 60.26668567476267668 ) ) ;
#1995 = DIRECTION ( 'NONE',  ( -2.891205793294678819E-16, 1.000000000000000000, 0.000000000000000000 ) ) ;
#1996 = ORIENTED_EDGE ( 'NONE', *, *, #1083, .T. ) ;
#1997 = DIRECTION ( 'NONE',  ( -0.06278397862406288887, 0.000000000000000000, -0.9980271399256301912 ) ) ;
#1998 = CARTESIAN_POINT ( 'NONE',  ( 63.87134069271723291, -7.999999999999906741, 86.62114053544318892 ) ) ;
#1999 = CARTESIAN_POINT ( 'NONE',  ( 100.0546539736299394, 23.39453077059827990, 101.4356099615114175 ) ) ;
#2000 = CARTESIAN_POINT ( 'NONE',  ( 89.84654885472414776, 40.50723795067070654, 86.30803565898271756 ) ) ;
#2001 = ORIENTED_EDGE ( 'NONE', *, *, #1857, .F. ) ;
#2002 = CARTESIAN_POINT ( 'NONE',  ( 7.500390737092043736, 34.99570392217142967, 21.50000000000000000 ) ) ;
#2003 = LINE ( 'NONE', #2025, #1112 ) ;
#2004 = ORIENTED_EDGE ( 'NONE', *, *, #1897, .T. ) ;
#2005 = VECTOR ( 'NONE', #1379, 1000.000000000000000 ) ;
#2006 = LINE ( 'NONE', #845, #2111 ) ;
#2007 = VERTEX_POINT ( 'NONE', #2009 ) ;
#2008 = AXIS2_PLACEMENT_3D ( 'NONE', #1830, #1504, #2161 ) ;
#2009 = CARTESIAN_POINT ( 'NONE',  ( 133.5847203579870097, 37.00000000000010658, 53.77218440972003322 ) ) ;
#2010 = VECTOR ( 'NONE', #1448, 1000.000000000000000 ) ;
#2011 = TOROIDAL_SURFACE ( 'NONE', #1219, 8.393422270162879784, 3.000000000000000000 ) ;
#2012 = DIRECTION ( 'NONE',  ( -1.000000000000000000, -2.891205793294678819E-16, 0.000000000000000000 ) ) ;
#2013 = AXIS2_PLACEMENT_3D ( 'NONE', #1028, #1880, #1063 ) ;
#2014 = ORIENTED_EDGE ( 'NONE', *, *, #2054, .F. ) ;
#2015 = CARTESIAN_POINT ( 'NONE',  ( -6.360652745248312138E-15, 22.00000000000006750, 21.50000000000000000 ) ) ;
#2016 = DIRECTION ( 'NONE',  ( -0.000000000000000000, 0.000000000000000000, 1.000000000000000000 ) ) ;
#2017 = VERTEX_POINT ( 'NONE', #1877 ) ;
#2018 = CARTESIAN_POINT ( 'NONE',  ( 89.59404763844146657, -10.49999999999990052, 86.32392002758497540 ) ) ;
#2019 = ADVANCED_FACE ( 'NONE', ( #189 ), #484, .F. ) ;
#2020 = CARTESIAN_POINT ( 'NONE',  ( 83.62943194462202712, -12.11596852470953500, 60.26895047174389219 ) ) ;
#2021 = EDGE_CURVE ( 'NONE', #698, #1207, #351, .T. ) ;
#2022 = CARTESIAN_POINT ( 'NONE',  ( 91.40628198771456425, 44.50000000000009948, 83.20398555077447611 ) ) ;
#2023 = ORIENTED_EDGE ( 'NONE', *, *, #1714, .T. ) ;
#2024 = CARTESIAN_POINT ( 'NONE',  ( 11.11009199680760950, 36.49212857475131244, 21.49999999999999645 ) ) ;
#2025 = CARTESIAN_POINT ( 'NONE',  ( 96.23752803156997970, -15.49999999999989697, 50.68113359558679321 ) ) ;
#2026 = VERTEX_POINT ( 'NONE', #7 ) ;
#2027 = VERTEX_POINT ( 'NONE', #2042 ) ;
#2028 = CARTESIAN_POINT ( 'NONE',  ( 126.2684484519659094, -13.46664931977695900, 83.86329273541615237 ) ) ;
#2029 = DIRECTION ( 'NONE',  ( 0.000000000000000000, 0.000000000000000000, 1.000000000000000000 ) ) ;
#2030 =( BOUNDED_SURFACE ( )  B_SPLINE_SURFACE ( 3, 2, ( 
 ( #843, #1314, #1135 ),
 ( #885, #1755, #42 ),
 ( #354, #1048, #1065 ),
 ( #1055, #525, #865 ),
 ( #684, #1234, #1408 ),
 ( #1891, #1744, #1029 ),
 ( #1734, #1370, #712 ),
 ( #2050, #1195, #375 ),
 ( #1224, #1567, #1577 ),
 ( #1910, #1396, #383 ) ),
 .UNSPECIFIED., .F., .F., .F. ) 
 B_SPLINE_SURFACE_WITH_KNOTS ( ( 4, 2, 2, 2, 4 ),
 ( 3, 3 ),
 ( 1.570796326794897002, 1.963495408493620920, 2.356194490192344837, 2.748893571891068976, 3.141592653589793116 ),
 ( 0.000000000000000000, 1.000000000000000000 ),
 .UNSPECIFIED. ) 
 GEOMETRIC_REPRESENTATION_ITEM ( )  RATIONAL_B_SPLINE_SURFACE ( (
 ( 1.000000000000000000, 0.7071067811865475727, 1.000000000000000000),
 ( 1.000000000000000000, 0.7102210460683352489, 1.000000000000000000),
 ( 1.000000000000000000, 0.7133107602047115137, 1.000000000000000000),
 ( 1.000000000000000000, 0.7189908466270436005, 1.000000000000000000),
 ( 1.000000000000000000, 0.7215785289903290378, 1.000000000000000000),
 ( 1.000000000000000000, 0.7258803550217683975, 1.000000000000000000),
 ( 1.000000000000000000, 0.7275933558704785753, 1.000000000000000000),
 ( 1.000000000000000000, 0.7299054501038013676, 1.000000000000000000),
 ( 1.000000000000000000, 0.7305065462335805782, 1.000000000000000000),
 ( 1.000000000000000000, 0.7305039952134261272, 1.000000000000000000) ) ) 
 REPRESENTATION_ITEM ( '' )  SURFACE ( )  );
#2031 = CARTESIAN_POINT ( 'NONE',  ( 89.99483141369704242, 40.72909344764612882, 86.29870748679134351 ) ) ;
#2032 = ORIENTED_EDGE ( 'NONE', *, *, #2127, .F. ) ;
#2033 = CARTESIAN_POINT ( 'NONE',  ( 136.3372705995552110, -48.31320215137651530, 86.50000000000001421 ) ) ;
#2034 = CARTESIAN_POINT ( 'NONE',  ( 94.59224670454807438, 44.50000000000009237, 61.91196700178642942 ) ) ;
#2035 = EDGE_LOOP ( 'NONE', ( #348, #1289, #742, #325 ) ) ;
#2036 = PLANE ( 'NONE',  #1900 ) ;
#2037 = EDGE_CURVE ( 'NONE', #1215, #2169, #1274, .T. ) ;
#2038 = VERTEX_POINT ( 'NONE', #387 ) ;
#2039 = DIRECTION ( 'NONE',  ( -1.000000000000000000, 0.000000000000000000, 0.000000000000000000 ) ) ;
#2040 = DIRECTION ( 'NONE',  ( 1.000000000000000000, 0.000000000000000000, 0.000000000000000000 ) ) ;
#2041 = EDGE_CURVE ( 'NONE', #2122, #1250, #539, .T. ) ;
#2042 = CARTESIAN_POINT ( 'NONE',  ( 136.3372705995552110, -12.49999999999988809, 71.42598511022080743 ) ) ;
#2043 = AXIS2_PLACEMENT_3D ( 'NONE', #372, #1754, #1898 ) ;
#2044 = VECTOR ( 'NONE', #679, 1000.000000000000000 ) ;
#2045 = CARTESIAN_POINT ( 'NONE',  ( 94.59224670454808859, -10.49999999999989697, 61.91196700178642942 ) ) ;
#2046 = ORIENTED_EDGE ( 'NONE', *, *, #71, .T. ) ;
#2047 = VECTOR ( 'NONE', #1170, 1000.000000000000000 ) ;
#2048 = CARTESIAN_POINT ( 'NONE',  ( 126.3372705995551826, 22.50000000000006040, 49.13098088107072670 ) ) ;
#2049 = CIRCLE ( 'NONE', #307, 11.35070789170687711 ) ;
#2050 = CARTESIAN_POINT ( 'NONE',  ( 89.64611754871233984, -11.02349577878973896, 86.32064440911467784 ) ) ;
#2051 = ORIENTED_EDGE ( 'NONE', *, *, #1302, .F. ) ;
#2052 = AXIS2_PLACEMENT_3D ( 'NONE', #848, #826, #1190 ) ;
#2053 = EDGE_LOOP ( 'NONE', ( #1516, #445, #752, #1725, #177 ) ) ;
#2054 = EDGE_CURVE ( 'NONE', #1529, #1456, #915, .T. ) ;
#2055 = CARTESIAN_POINT ( 'NONE',  ( 133.4893400379092441, 43.49833419277325675, 55.69814632153164524 ) ) ;
#2056 = CARTESIAN_POINT ( 'NONE',  ( 83.36141329834875080, -10.83233766811180310, 60.26668567476267668 ) ) ;
#2057 = ORIENTED_EDGE ( 'NONE', *, *, #1943, .T. ) ;
#2058 = CARTESIAN_POINT ( 'NONE',  ( 83.53223178890965528, 40.80021177083599326, 60.26807525325154558 ) ) ;
#2059 = EDGE_LOOP ( 'NONE', ( #1196, #2160, #889, #1976, #2125, #730 ) ) ;
#2060 = CARTESIAN_POINT ( 'NONE',  ( 91.40628198771457846, 44.50000000000009237, 83.20398555077447611 ) ) ;
#2061 = VERTEX_POINT ( 'NONE', #2092 ) ;
#2062 = CARTESIAN_POINT ( 'NONE',  ( 136.3372705995551826, 41.24757278085923673, 57.75811826370193103 ) ) ;
#2063 = DIRECTION ( 'NONE',  ( -1.000000000000000000, -2.891205793294678819E-16, 0.000000000000000000 ) ) ;
#2064 = CARTESIAN_POINT ( 'NONE',  ( 133.4347927940692387, -15.49999999999988276, 71.59981517896962089 ) ) ;
#2065 = CARTESIAN_POINT ( 'NONE',  ( 85.34183279546255108, 43.48330262406840774, 60.29455260640366276 ) ) ;
#2066 = ORIENTED_EDGE ( 'NONE', *, *, #439, .T. ) ;
#2067 = DIRECTION ( 'NONE',  ( 2.891205793294678819E-16, -1.000000000000000000, -0.000000000000000000 ) ) ;
#2068 = EDGE_LOOP ( 'NONE', ( #1019, #1665, #264, #478, #45 ) ) ;
#2069 = CARTESIAN_POINT ( 'NONE',  ( 136.3372705995551826, 42.45833086216347851, 54.92089706815073669 ) ) ;
#2070 = DIRECTION ( 'NONE',  ( 2.891205793294678326E-16, -1.000000000000000000, 3.042443233232143931E-33 ) ) ;
#2071 = DIRECTION ( 'NONE',  ( -1.000000000000000000, 0.000000000000000000, 0.000000000000000000 ) ) ;
#2072 = CIRCLE ( 'NONE', #721, 8.393422270162876231 ) ;
#2073 = CARTESIAN_POINT ( 'NONE',  ( 133.3372705995551826, -10.49999999999988631, 56.76196176214145339 ) ) ;
#2074 = VECTOR ( 'NONE', #1912, 1000.000000000000000 ) ;
#2075 = VERTEX_POINT ( 'NONE', #1071 ) ;
#2076 = CARTESIAN_POINT ( 'NONE',  ( 86.43106773515560803, 42.42893218813463108, 83.71918222915114427 ) ) ;
#2077 = VERTEX_POINT ( 'NONE', #1061 ) ;
#2078 = AXIS2_PLACEMENT_3D ( 'NONE', #690, #1887, #1521 ) ;
#2079 = DIRECTION ( 'NONE',  ( -1.000000000000000000, 0.000000000000000000, 0.000000000000000000 ) ) ;
#2080 = ADVANCED_FACE ( 'NONE', ( #702 ), #380, .F. ) ;
#2081 = LINE ( 'NONE', #1045, #2154 ) ;
#2082 = LINE ( 'NONE', #1951, #1583 ) ;
#2083 = FACE_OUTER_BOUND ( 'NONE', #2068, .T. ) ;
#2084 = LINE ( 'NONE', #1244, #1795 ) ;
#2085 = EDGE_CURVE ( 'NONE', #1091, #2113, #414, .T. ) ;
#2086 = EDGE_CURVE ( 'NONE', #1367, #1796, #2081, .T. ) ;
#2087 = CARTESIAN_POINT ( 'NONE',  ( 83.36141329834872238, 39.50000000000009237, 60.26668567476267668 ) ) ;
#2088 = ORIENTED_EDGE ( 'NONE', *, *, #283, .F. ) ;
#2089 = FACE_OUTER_BOUND ( 'NONE', #2192, .T. ) ;
#2090 = ORIENTED_EDGE ( 'NONE', *, *, #112, .F. ) ;
#2091 = LINE ( 'NONE', #753, #227 ) ;
#2092 = CARTESIAN_POINT ( 'NONE',  ( 76.50000000000011369, 7.000000000000096811, 0.000000000000000000 ) ) ;
#2093 = CARTESIAN_POINT ( 'NONE',  ( 95.64575826475564213, -15.49999999999989697, 55.64925160682419403 ) ) ;
#2094 = CARTESIAN_POINT ( 'NONE',  ( 0.09733389382944890311, 5.028837470032433643, 21.49999999999998934 ) ) ;
#2095 = CARTESIAN_POINT ( 'NONE',  ( 61.51495323551853289, 23.97664895373646488, 101.4016243760703304 ) ) ;
#2096 = CARTESIAN_POINT ( 'NONE',  ( 133.5847203579870097, 44.50000000000010658, 53.77218440972003322 ) ) ;
#2097 = ORIENTED_EDGE ( 'NONE', *, *, #877, .F. ) ;
#2098 = CARTESIAN_POINT ( 'NONE',  ( 119.5100807908964384, -3.823928270235235072, 96.92375143529795878 ) ) ;
#2099 = LINE ( 'NONE', #869, #551 ) ;
#2100 = VERTEX_POINT ( 'NONE', #368 ) ;
#2101 = DIRECTION ( 'NONE',  ( -2.891205793294678819E-16, 1.000000000000000000, -0.000000000000000000 ) ) ;
#2102 = CARTESIAN_POINT ( 'NONE',  ( 133.3372705995551826, -15.49999999999988454, 58.76880016271352503 ) ) ;
#2103 = CARTESIAN_POINT ( 'NONE',  ( 135.9410817072112820, 43.00286236107695714, 71.44826773452493285 ) ) ;
#2104 = EDGE_CURVE ( 'NONE', #2189, #1446, #483, .T. ) ;
#2105 = CARTESIAN_POINT ( 'NONE',  ( 7.501503103774209258, -6.023968599638656940, 21.50000000000000000 ) ) ;
#2106 = DIRECTION ( 'NONE',  ( 1.000000000000000000, 3.045131541415269181E-16, 0.000000000000000000 ) ) ;
#2107 = EDGE_CURVE ( 'NONE', #663, #1049, #1896, .T. ) ;
#2108 = FACE_OUTER_BOUND ( 'NONE', #824, .T. ) ;
#2109 = ORIENTED_EDGE ( 'NONE', *, *, #2157, .F. ) ;
#2110 = DIRECTION ( 'NONE',  ( -2.891205793294678819E-16, 1.000000000000000000, 0.000000000000000000 ) ) ;
#2111 = VECTOR ( 'NONE', #1684, 1000.000000000000000 ) ;
#2112 = CARTESIAN_POINT ( 'NONE',  ( 136.3372705995551826, 41.50000000000010658, 71.42598511022080743 ) ) ;
#2113 = VERTEX_POINT ( 'NONE', #873 ) ;
#2114 = CARTESIAN_POINT ( 'NONE',  ( 126.2817957424203286, 41.50000000000009948, 84.01596396048161353 ) ) ;
#2115 = AXIS2_PLACEMENT_3D ( 'NONE', #2174, #2012, #181 ) ;
#2116 = CARTESIAN_POINT ( 'NONE',  ( 63.48698978089098688, -7.809045774952374508, 88.93565725099574593 ) ) ;
#2117 = CARTESIAN_POINT ( 'NONE',  ( 136.3372705995551826, -10.49999999999988454, 56.76196176214145339 ) ) ;
#2118 = AXIS2_PLACEMENT_3D ( 'NONE', #1990, #598, #969 ) ;
#2119 = DIRECTION ( 'NONE',  ( -2.891205793294678326E-16, 1.000000000000000000, 0.000000000000000000 ) ) ;
#2120 = CARTESIAN_POINT ( 'NONE',  ( 136.4079660160202252, -12.49999999999988809, 72.69323710678375505 ) ) ;
#2121 = CARTESIAN_POINT ( 'NONE',  ( 90.42271761044625578, -12.49999999999988987, 86.27178998449552694 ) ) ;
#2122 = VERTEX_POINT ( 'NONE', #222 ) ;
#2123 = CARTESIAN_POINT ( 'NONE',  ( 107.3763719237197733, 1.630873631164207138, 100.5127855052115819 ) ) ;
#2124 = CARTESIAN_POINT ( 'NONE',  ( 96.12042142658890498, -13.54715555909323932, 51.69730829081240131 ) ) ;
#2125 = ORIENTED_EDGE ( 'NONE', *, *, #1718, .T. ) ;
#2126 = CYLINDRICAL_SURFACE ( 'NONE', #369, 3.000000000000002665 ) ;
#2127 = EDGE_CURVE ( 'NONE', #1901, #1683, #1731, .T. ) ;
#2128 = LINE ( 'NONE', #132, #133 ) ;
#2129 = DIRECTION ( 'NONE',  ( -1.000000000000000000, 0.000000000000000000, 0.000000000000000000 ) ) ;
#2130 = CARTESIAN_POINT ( 'NONE',  ( 117.3701683886502138, 6.500000000000061284, 29.15767063571373541 ) ) ;
#2131 = CARTESIAN_POINT ( 'NONE',  ( 133.3372705995551826, 44.50000000000010658, 71.60615149653816047 ) ) ;
#2132 = FACE_OUTER_BOUND ( 'NONE', #1422, .T. ) ;
#2133 = ORIENTED_EDGE ( 'NONE', *, *, #1484, .F. ) ;
#2134 =( LENGTH_UNIT ( ) NAMED_UNIT ( * ) SI_UNIT ( .MILLI., .METRE. ) );
#2135 = CARTESIAN_POINT ( 'NONE',  ( 117.3701683886502138, 6.500000000000061284, -4.112496949731426099 ) ) ;
#2136 = ORIENTED_EDGE ( 'NONE', *, *, #1151, .T. ) ;
#2137 = DIRECTION ( 'NONE',  ( 1.000000000000000000, 3.045131541415269181E-16, 0.000000000000000000 ) ) ;
#2138 = DIRECTION ( 'NONE',  ( -0.9965924508071392074, -3.449024277331201321E-16, -0.08248325281061329173 ) ) ;
#2139 = EDGE_CURVE ( 'NONE', #749, #1049, #214, .T. ) ;
#2140 = EDGE_CURVE ( 'NONE', #139, #698, #891, .T. ) ;
#2141 = CARTESIAN_POINT ( 'NONE',  ( 101.6280500910077222, 24.37742773548971087, 101.3121786420763755 ) ) ;
#2142 = CARTESIAN_POINT ( 'NONE',  ( 90.42271761044625578, 41.50000000000009948, 86.27178998449555536 ) ) ;
#2143 = CARTESIAN_POINT ( 'NONE',  ( 136.3372705995551826, -15.49999999999988454, 58.76880016271352503 ) ) ;
#2144 = ORIENTED_EDGE ( 'NONE', *, *, #2085, .T. ) ;
#2145 = FACE_OUTER_BOUND ( 'NONE', #2053, .T. ) ;
#2146 = CARTESIAN_POINT ( 'NONE',  ( 96.23752803156997970, -10.83025365127172357, 50.68113359558678610 ) ) ;
#2147 = ORIENTED_EDGE ( 'NONE', *, *, #1097, .F. ) ;
#2148 = VECTOR ( 'NONE', #30, 1000.000000000000114 ) ;
#2149 = CARTESIAN_POINT ( 'NONE',  ( 63.80967028936434815, -7.992492297343576801, 86.99010436906725374 ) ) ;
#2150 = VERTEX_POINT ( 'NONE', #1775 ) ;
#2151 = AXIS2_PLACEMENT_3D ( 'NONE', #1670, #650, #513 ) ;
#2152 = CARTESIAN_POINT ( 'NONE',  ( 121.1411588973359414, 33.46142986233525107, 96.22309579903236454 ) ) ;
#2153 = DIRECTION ( 'NONE',  ( -1.000000000000000000, -2.891205793294678819E-16, 0.000000000000000000 ) ) ;
#2154 = VECTOR ( 'NONE', #883, 1000.000000000000000 ) ;
#2155 = CARTESIAN_POINT ( 'NONE',  ( 87.38115228326233819, 41.93404939962884725, 86.46312904217100481 ) ) ;
#2156 = ORIENTED_EDGE ( 'NONE', *, *, #225, .F. ) ;
#2157 = EDGE_CURVE ( 'NONE', #1456, #55, #710, .T. ) ;
#2158 = DIRECTION ( 'NONE',  ( -1.000000000000000000, 0.000000000000000000, 0.000000000000000000 ) ) ;
#2159 = FACE_OUTER_BOUND ( 'NONE', #1984, .T. ) ;
#2160 = ORIENTED_EDGE ( 'NONE', *, *, #390, .F. ) ;
#2161 = DIRECTION ( 'NONE',  ( -1.000000000000000000, -5.782411586589351722E-16, 0.000000000000000000 ) ) ;
#2162 = CARTESIAN_POINT ( 'NONE',  ( 63.68764363060363820, -7.952064069475809127, 87.72288257277432422 ) ) ;
#2163 = ORIENTED_EDGE ( 'NONE', *, *, #537, .T. ) ;
#2164 = CARTESIAN_POINT ( 'NONE',  ( 128.9893285808717565, 35.99016156872337291, 92.00655748846051551 ) ) ;
#2165 = CARTESIAN_POINT ( 'NONE',  ( 126.2817957424203286, -12.49999999999989164, 84.01596396048161353 ) ) ;
#2166 = ORIENTED_EDGE ( 'NONE', *, *, #482, .F. ) ;
#2167 = CARTESIAN_POINT ( 'NONE',  ( 0.09731858548638665229, 23.96532671861508845, 21.50000000000000000 ) ) ;
#2168 = DIRECTION ( 'NONE',  ( -0.9980271399256300802, 0.000000000000000000, 0.06278397862406209784 ) ) ;
#2169 = VERTEX_POINT ( 'NONE', #1239 ) ;
#2170 = CARTESIAN_POINT ( 'NONE',  ( 117.3701683886502138, -7.999999999999890754, 17.82664882822696129 ) ) ;
#2171 = ORIENTED_EDGE ( 'NONE', *, *, #717, .F. ) ;
#2172 = ADVANCED_FACE ( 'NONE', ( #1394 ), #1573, .T. ) ;
#2173 = CARTESIAN_POINT ( 'NONE',  ( 125.0145437458573525, 44.50000000000009948, 72.69323710678375505 ) ) ;
#2174 = CARTESIAN_POINT ( 'NONE',  ( 136.3372705995551826, 37.00000000000010658, 101.5000000000000000 ) ) ;
#2175 = ORIENTED_EDGE ( 'NONE', *, *, #124, .T. ) ;
#2176 = CARTESIAN_POINT ( 'NONE',  ( 61.50000000000011369, 7.000000000000092371, 21.50000000000000000 ) ) ;
#2177 = EDGE_LOOP ( 'NONE', ( #201, #277, #1669, #857, #1345, #1039, #1400, #408 ) ) ;
#2178 = EDGE_CURVE ( 'NONE', #1796, #469, #1337, .T. ) ;
#2179 = DIRECTION ( 'NONE',  ( 0.9915426558045505878, 2.866753870760907505E-16, -0.1297812071143525647 ) ) ;
#2180 = VECTOR ( 'NONE', #1231, 1000.000000000000227 ) ;
#2181 = APPLICATION_PROTOCOL_DEFINITION ( 'draft international standard', 'automotive_design', 1998, #1308 ) ;
#2182 = CARTESIAN_POINT ( 'NONE',  ( 86.79504389387464869, 44.50000000000009237, 86.50000000000001421 ) ) ;
#2183 = AXIS2_PLACEMENT_3D ( 'NONE', #1057, #729, #1411 ) ;
#2184 = AXIS2_PLACEMENT_3D ( 'NONE', #1523, #507, #1855 ) ;
#2185 = CARTESIAN_POINT ( 'NONE',  ( 88.60202563538160803, 43.40281330246740055, 86.38632623453294457 ) ) ;
#2186 = LINE ( 'NONE', #497, #2005 ) ;
#2187 = CARTESIAN_POINT ( 'NONE',  ( 0.9555809994719980383, 27.28885950011679640, 21.49999999999999645 ) ) ;
#2188 = CARTESIAN_POINT ( 'NONE',  ( 94.59224670454808859, -7.999999999999897859, 61.91196700178642942 ) ) ;
#2189 = VERTEX_POINT ( 'NONE', #1925 ) ;
#2190 = CARTESIAN_POINT ( 'NONE',  ( 94.59224670454807438, 44.50000000000009237, 61.91196700178642942 ) ) ;
#2191 = LINE ( 'NONE', #1362, #1372 ) ;
#2192 = EDGE_LOOP ( 'NONE', ( #421, #682, #324, #84, #1595, #2057, #534, #1968, #1381, #1647, #154, #490, #1467, #1315, #1559 ) ) ;
#2193 = EDGE_CURVE ( 'NONE', #394, #1796, #547, .T. ) ;
#2194 = CARTESIAN_POINT ( 'NONE',  ( 85.08664549465687799, -14.27718019207581257, 60.28944564960713848 ) ) ;
#2195 = CARTESIAN_POINT ( 'NONE',  ( 89.64611754871226879, 40.02349577878985087, 86.32064440911467784 ) ) ;
#2196 = VERTEX_POINT ( 'NONE', #2102 ) ;
#2197 = ADVANCED_FACE ( 'NONE', ( #1937 ), #1086, .T. ) ;
#2198 = CARTESIAN_POINT ( 'NONE',  ( 10.19493428799492385, -7.214628813380095096, 21.50000000000000000 ) ) ;
#2199 = FACE_OUTER_BOUND ( 'NONE', #1001, .T. ) ;
ENDSEC;
END-ISO-10303-21;
